Initialized native services in: /data/data/com.termux/files/home/.gradle/native
Initialized jansi services in: /data/data/com.termux/files/home/.gradle/native
Starting process 'command '/data/data/com.termux/files/usr/lib/jvm/java-17-openjdk/bin/java''. Working directory: /data/data/com.termux/files/home/.gradle/.tmp/tmp-jvm8013749887082821685probe Command: /data/data/com.termux/files/usr/lib/jvm/java-17-openjdk/bin/java -cp . JavaProbe
Successfully started process 'command '/data/data/com.termux/files/usr/lib/jvm/java-17-openjdk/bin/java''
To honour the JVM settings for this build a single-use Daemon process will be forked. See https://docs.gradle.org/7.5.1/userguide/gradle_daemon.html#sec:disabling_the_daemon.
Starting process 'Gradle build daemon'. Working directory: /data/data/com.termux/files/home/.gradle/daemon/7.5.1 Command: /data/data/com.termux/files/usr/lib/jvm/java-17-openjdk/bin/java -XX:MaxMetaspaceSize=512m --add-opens=jdk.compiler/com.sun.tools.javac.api=ALL-UNNAMED --add-opens=jdk.compiler/com.sun.tools.javac.file=ALL-UNNAMED --add-opens=jdk.compiler/com.sun.tools.javac.parser=ALL-UNNAMED --add-opens=jdk.compiler/com.sun.tools.javac.tree=ALL-UNNAMED --add-opens=jdk.compiler/com.sun.tools.javac.util=ALL-UNNAMED --add-opens=jdk.compiler/com.sun.tools.javac.code=ALL-UNNAMED --add-opens=jdk.compiler/com.sun.tools.javac.main=ALL-UNNAMED --add-opens=jdk.compiler/com.sun.tools.javac.jvm=ALL-UNNAMED --add-opens=jdk.compiler/com.sun.tools.javac.comp=ALL-UNNAMED --add-opens=jdk.compiler/com.sun.tools.javac.model=ALL-UNNAMED --add-opens=jdk.compiler/com.sun.tools.javac.processing=ALL-UNNAMED --add-opens java.base/java.util=ALL-UNNAMED --add-opens java.base/java.lang=ALL-UNNAMED --add-opens java.base/java.lang.invoke=ALL-UNNAMED --add-opens java.base/java.util=ALL-UNNAMED --add-opens java.prefs/java.util.prefs=ALL-UNNAMED --add-opens java.prefs/java.util.prefs=ALL-UNNAMED --add-opens java.base/java.nio.charset=ALL-UNNAMED --add-opens java.base/java.net=ALL-UNNAMED --add-opens java.base/java.util.concurrent.atomic=ALL-UNNAMED -Xmx1536m -Dfile.encoding=UTF-8 -Duser.country -Duser.language=en -Duser.variant -cp /data/data/com.termux/files/home/.gradle/wrapper/dists/gradle-7.5.1-all/1ehga6e77gqps5uk2kc5kf1vc/gradle-7.5.1/lib/gradle-launcher-7.5.1.jar org.gradle.launcher.daemon.bootstrap.GradleDaemon 7.5.1
Successfully started process 'Gradle build daemon'
An attempt to start the daemon took 4.125 secs.
The client will now receive all logging from the daemon (pid: 15779). The daemon log file: /data/data/com.termux/files/home/.gradle/daemon/7.5.1/daemon-15779.out.log
Daemon will be stopped at the end of the build 
Using 1 worker leases.
Watching the file system is configured to be enabled if available
File system watching is inactive
Starting Build
Settings evaluated using settings file '/data/data/com.termux/files/home/AdaptiveIsland/settings.gradle'.
Projects loaded. Root project using build file '/data/data/com.termux/files/home/AdaptiveIsland/build.gradle'.
Included projects: [root project 'AdaptiveIsland', project ':app']

> Configure project :
Evaluating root project 'AdaptiveIsland' using build file '/data/data/com.termux/files/home/AdaptiveIsland/build.gradle'.

> Configure project :app
Evaluating project ':app' using build file '/data/data/com.termux/files/home/AdaptiveIsland/app/build.gradle'.
WARNING:The option setting 'android.aapt2FromMavenOverride=/data/data/com.termux/files/usr/bin/aapt2' is experimental.
Using default execution profile
Using Kotlin Gradle Plugin gradle75 variant
Parsed shrinker version: 4.0.52
All projects evaluated.
Task name matched 'assembleDebug'
Selected primary task 'assembleDebug' from project :
Warning: SDK processing. This version only understands SDK XML versions up to 2 but an SDK XML file of version 3 was encountered. This can happen if you use versions of Android Studio and the command-line tools that were released at different times.
Parsing /data/data/com.termux/files/home/AdaptiveIsland/sdk/build-tools/30.0.3/package.xml
Parsing /data/data/com.termux/files/home/AdaptiveIsland/sdk/platforms/android-33/package.xml
SDK initialized in 560 ms
WARNING:platform-tools package is not installed.
file or directory '/data/data/com.termux/files/home/AdaptiveIsland/app/build/generated/source/kapt/release', not found
file or directory '/data/data/com.termux/files/home/AdaptiveIsland/app/build/generated/ksp/release/java', not found
Tasks to be executed: [task ':app:preBuild', task ':app:preDebugBuild', task ':app:mergeDebugNativeDebugMetadata', task ':app:compileDebugAidl', task ':app:compileDebugRenderscript', task ':app:generateDebugBuildConfig', task ':app:checkDebugAarMetadata', task ':app:generateDebugResValues', task ':app:mapDebugSourceSetPaths', task ':app:generateDebugResources', task ':app:mergeDebugResources', task ':app:createDebugCompatibleScreenManifests', task ':app:extractDeepLinksDebug', task ':app:processDebugMainManifest', task ':app:processDebugManifest', task ':app:processDebugManifestForPackage', task ':app:processDebugResources', task ':app:kspDebugKotlin', task ':app:kaptGenerateStubsDebugKotlin', task ':app:kaptDebugKotlin', task ':app:compileDebugKotlin', task ':app:javaPreCompileDebug', task ':app:compileDebugJavaWithJavac', task ':app:mergeDebugShaders', task ':app:compileDebugShaders', task ':app:generateDebugAssets', task ':app:mergeDebugAssets', task ':app:compressDebugAssets', task ':app:processDebugJavaRes', task ':app:mergeDebugJavaResource', task ':app:checkDebugDuplicateClasses', task ':app:desugarDebugFileDependencies', task ':app:mergeExtDexDebug', task ':app:mergeLibDexDebug', task ':app:dexBuilderDebug', task ':app:mergeProjectDexDebug', task ':app:mergeDebugJniLibFolders', task ':app:mergeDebugNativeLibs', task ':app:stripDebugDebugSymbols', task ':app:validateSigningDebug', task ':app:writeDebugAppMetadata', task ':app:writeDebugSigningConfigVersions', task ':app:packageDebug', task ':app:createDebugApkListingFileRedirect', task ':app:assembleDebug']
Tasks that were excluded: []
Resolve mutations for :app:preBuild (Thread[included builds,5,main]) started.
Resolve mutations for :app:preBuild (Thread[included builds,5,main]) completed. Took 0.047 secs.
:app:preBuild (Thread[included builds,5,main]) started.

> Task :app:preBuild UP-TO-DATE
Skipping task ':app:preBuild' as it has no actions.
:app:preBuild (Thread[included builds,5,main]) completed. Took 0.074 secs.
Resolve mutations for :app:preDebugBuild (Thread[included builds,5,main]) started.
Resolve mutations for :app:preDebugBuild (Thread[included builds,5,main]) completed. Took 0.0 secs.
:app:preDebugBuild (Thread[included builds,5,main]) started.

> Task :app:preDebugBuild UP-TO-DATE
Skipping task ':app:preDebugBuild' as it has no actions.
:app:preDebugBuild (Thread[included builds,5,main]) completed. Took 0.003 secs.
Resolve mutations for :app:mergeDebugNativeDebugMetadata (Thread[included builds,5,main]) started.
Resolve mutations for :app:mergeDebugNativeDebugMetadata (Thread[included builds,5,main]) completed. Took 0.029 secs.
:app:mergeDebugNativeDebugMetadata (Thread[included builds,5,main]) started.

> Task :app:mergeDebugNativeDebugMetadata NO-SOURCE
Skipping task ':app:mergeDebugNativeDebugMetadata' as it has no source files and no previous output files.
:app:mergeDebugNativeDebugMetadata (Thread[included builds,5,main]) completed. Took 0.094 secs.
Resolve mutations for :app:compileDebugAidl (Thread[included builds,5,main]) started.
Resolve mutations for :app:compileDebugAidl (Thread[included builds,5,main]) completed. Took 0.004 secs.
:app:compileDebugAidl (Thread[included builds,5,main]) started.

> Task :app:compileDebugAidl NO-SOURCE
Skipping task ':app:compileDebugAidl' as it has no source files and no previous output files.
:app:compileDebugAidl (Thread[included builds,5,main]) completed. Took 0.045 secs.
Resolve mutations for :app:compileDebugRenderscript (Thread[included builds,5,main]) started.
Resolve mutations for :app:compileDebugRenderscript (Thread[included builds,5,main]) completed. Took 0.001 secs.
:app:compileDebugRenderscript (Thread[included builds,5,main]) started.

> Task :app:compileDebugRenderscript NO-SOURCE
Skipping task ':app:compileDebugRenderscript' as it has no source files and no previous output files.
:app:compileDebugRenderscript (Thread[included builds,5,main]) completed. Took 0.018 secs.
Resolve mutations for :app:generateDebugBuildConfig (Thread[included builds,5,main]) started.
Resolve mutations for :app:generateDebugBuildConfig (Thread[included builds,5,main]) completed. Took 0.002 secs.
:app:generateDebugBuildConfig (Thread[included builds,5,main]) started.

> Task :app:generateDebugBuildConfig UP-TO-DATE
Caching disabled for task ':app:generateDebugBuildConfig' because:
  Build cache is disabled
Skipping task ':app:generateDebugBuildConfig' as it is up-to-date.
:app:generateDebugBuildConfig (Thread[included builds,5,main]) completed. Took 0.259 secs.
Resolve mutations for :app:checkDebugAarMetadata (Thread[included builds,5,main]) started.
Resolve mutations for :app:checkDebugAarMetadata (Thread[included builds,5,main]) completed. Took 0.002 secs.
:app:checkDebugAarMetadata (Thread[included builds,5,main]) started.

> Task :app:checkDebugAarMetadata SKIPPED
Skipping task ':app:checkDebugAarMetadata' as task onlyIf is false.
:app:checkDebugAarMetadata (Thread[included builds,5,main]) completed. Took 0.001 secs.
Resolve mutations for :app:generateDebugResValues (Thread[included builds,5,main]) started.
Resolve mutations for :app:generateDebugResValues (Thread[included builds,5,main]) completed. Took 0.0 secs.
:app:generateDebugResValues (Thread[included builds,5,main]) started.

> Task :app:generateDebugResValues UP-TO-DATE
Caching disabled for task ':app:generateDebugResValues' because:
  Build cache is disabled
Skipping task ':app:generateDebugResValues' as it is up-to-date.
:app:generateDebugResValues (Thread[included builds,5,main]) completed. Took 0.009 secs.
Resolve mutations for :app:mapDebugSourceSetPaths (Thread[included builds,5,main]) started.
Resolve mutations for :app:mapDebugSourceSetPaths (Thread[included builds,5,main]) completed. Took 0.0 secs.
:app:mapDebugSourceSetPaths (Thread[included builds,5,main]) started.

> Task :app:mapDebugSourceSetPaths
Transforming fragment-1.5.4.aar (androidx.fragment:fragment:1.5.4) with JetifyTransform
Caching disabled for JetifyTransform: /data/data/com.termux/files/home/.gradle/caches/modules-2/files-2.1/androidx.fragment/fragment/1.5.4/de58ea6b5ffbf3ede9ba6919eb448e23353f1e19/fragment-1.5.4.aar because:
  Build cache is disabled
Skipping JetifyTransform: /data/data/com.termux/files/home/.gradle/caches/modules-2/files-2.1/androidx.fragment/fragment/1.5.4/de58ea6b5ffbf3ede9ba6919eb448e23353f1e19/fragment-1.5.4.aar as it is up-to-date.
Transforming fragment-1.5.4.aar (androidx.fragment:fragment:1.5.4) with ExtractAarTransform
Caching disabled for ExtractAarTransform: /data/data/com.termux/files/home/.gradle/caches/modules-2/files-2.1/androidx.fragment/fragment/1.5.4/de58ea6b5ffbf3ede9ba6919eb448e23353f1e19/fragment-1.5.4.aar because:
  Build cache is disabled
Skipping ExtractAarTransform: /data/data/com.termux/files/home/.gradle/caches/modules-2/files-2.1/androidx.fragment/fragment/1.5.4/de58ea6b5ffbf3ede9ba6919eb448e23353f1e19/fragment-1.5.4.aar as it is up-to-date.
Transforming fragment-1.5.4.aar (androidx.fragment:fragment:1.5.4) with AarTransform
Caching disabled for AarTransform: /data/data/com.termux/files/home/.gradle/caches/transforms-3/3b428544fb58a905a766676a40750f8b/transformed/fragment-1.5.4 because:
  Build cache is disabled
Skipping AarTransform: /data/data/com.termux/files/home/.gradle/caches/transforms-3/3b428544fb58a905a766676a40750f8b/transformed/fragment-1.5.4 as it is up-to-date.
Transforming fragment-1.5.4.aar (androidx.fragment:fragment:1.5.4) with JetifyTransform
Transforming fragment-1.5.4.aar (androidx.fragment:fragment:1.5.4) with ExtractAarTransform
Transforming fragment-1.5.4.aar (androidx.fragment:fragment:1.5.4) with AarTransform
Transforming navigation-runtime-ktx-2.5.3.aar (androidx.navigation:navigation-runtime-ktx:2.5.3) with JetifyTransform
Caching disabled for JetifyTransform: /data/data/com.termux/files/home/.gradle/caches/modules-2/files-2.1/androidx.navigation/navigation-runtime-ktx/2.5.3/88d4a8375106f400e0bbe17d28432470449c23a6/navigation-runtime-ktx-2.5.3.aar because:
  Build cache is disabled
Skipping JetifyTransform: /data/data/com.termux/files/home/.gradle/caches/modules-2/files-2.1/androidx.navigation/navigation-runtime-ktx/2.5.3/88d4a8375106f400e0bbe17d28432470449c23a6/navigation-runtime-ktx-2.5.3.aar as it is up-to-date.
Transforming navigation-runtime-ktx-2.5.3.aar (androidx.navigation:navigation-runtime-ktx:2.5.3) with ExtractAarTransform
Caching disabled for ExtractAarTransform: /data/data/com.termux/files/home/.gradle/caches/modules-2/files-2.1/androidx.navigation/navigation-runtime-ktx/2.5.3/88d4a8375106f400e0bbe17d28432470449c23a6/navigation-runtime-ktx-2.5.3.aar because:
  Build cache is disabled
Skipping ExtractAarTransform: /data/data/com.termux/files/home/.gradle/caches/modules-2/files-2.1/androidx.navigation/navigation-runtime-ktx/2.5.3/88d4a8375106f400e0bbe17d28432470449c23a6/navigation-runtime-ktx-2.5.3.aar as it is up-to-date.
Transforming navigation-runtime-ktx-2.5.3.aar (androidx.navigation:navigation-runtime-ktx:2.5.3) with AarTransform
Caching disabled for AarTransform: /data/data/com.termux/files/home/.gradle/caches/transforms-3/3f8d5dc11b69a75c49966e17fce980c2/transformed/navigation-runtime-ktx-2.5.3 because:
  Build cache is disabled
Skipping AarTransform: /data/data/com.termux/files/home/.gradle/caches/transforms-3/3f8d5dc11b69a75c49966e17fce980c2/transformed/navigation-runtime-ktx-2.5.3 as it is up-to-date.
Transforming navigation-runtime-2.5.3.aar (androidx.navigation:navigation-runtime:2.5.3) with JetifyTransform
Caching disabled for JetifyTransform: /data/data/com.termux/files/home/.gradle/caches/modules-2/files-2.1/androidx.navigation/navigation-runtime/2.5.3/1aca4cc2059113eb28d93552e4cb39d16d5677d8/navigation-runtime-2.5.3.aar because:
  Build cache is disabled
Skipping JetifyTransform: /data/data/com.termux/files/home/.gradle/caches/modules-2/files-2.1/androidx.navigation/navigation-runtime/2.5.3/1aca4cc2059113eb28d93552e4cb39d16d5677d8/navigation-runtime-2.5.3.aar as it is up-to-date.
Transforming navigation-runtime-2.5.3.aar (androidx.navigation:navigation-runtime:2.5.3) with ExtractAarTransform
Caching disabled for ExtractAarTransform: /data/data/com.termux/files/home/.gradle/caches/modules-2/files-2.1/androidx.navigation/navigation-runtime/2.5.3/1aca4cc2059113eb28d93552e4cb39d16d5677d8/navigation-runtime-2.5.3.aar because:
  Build cache is disabled
Skipping ExtractAarTransform: /data/data/com.termux/files/home/.gradle/caches/modules-2/files-2.1/androidx.navigation/navigation-runtime/2.5.3/1aca4cc2059113eb28d93552e4cb39d16d5677d8/navigation-runtime-2.5.3.aar as it is up-to-date.
Transforming navigation-runtime-2.5.3.aar (androidx.navigation:navigation-runtime:2.5.3) with AarTransform
Caching disabled for AarTransform: /data/data/com.termux/files/home/.gradle/caches/transforms-3/bd92967648f74b6bfe7152bdf3a29a37/transformed/navigation-runtime-2.5.3 because:
  Build cache is disabled
Skipping AarTransform: /data/data/com.termux/files/home/.gradle/caches/transforms-3/bd92967648f74b6bfe7152bdf3a29a37/transformed/navigation-runtime-2.5.3 as it is up-to-date.
Transforming activity-ktx-1.8.0.aar (androidx.activity:activity-ktx:1.8.0) with JetifyTransform
Caching disabled for JetifyTransform: /data/data/com.termux/files/home/.gradle/caches/modules-2/files-2.1/androidx.activity/activity-ktx/1.8.0/5c08d15826742f3cf909dee2832c8ab46a1cf316/activity-ktx-1.8.0.aar because:
  Build cache is disabled
Skipping JetifyTransform: /data/data/com.termux/files/home/.gradle/caches/modules-2/files-2.1/androidx.activity/activity-ktx/1.8.0/5c08d15826742f3cf909dee2832c8ab46a1cf316/activity-ktx-1.8.0.aar as it is up-to-date.
Transforming activity-ktx-1.8.0.aar (androidx.activity:activity-ktx:1.8.0) with ExtractAarTransform
Caching disabled for ExtractAarTransform: /data/data/com.termux/files/home/.gradle/caches/transforms-3/9e0027f231b96adc853762ff9853b9a8/transformed/jetified-activity-ktx-1.8.0.aar because:
  Build cache is disabled
Skipping ExtractAarTransform: /data/data/com.termux/files/home/.gradle/caches/transforms-3/9e0027f231b96adc853762ff9853b9a8/transformed/jetified-activity-ktx-1.8.0.aar as it is up-to-date.
Transforming activity-ktx-1.8.0.aar (androidx.activity:activity-ktx:1.8.0) with AarTransform
Caching disabled for AarTransform: /data/data/com.termux/files/home/.gradle/caches/transforms-3/9f00a34e9217b5f1fb46f51b349fd8f3/transformed/jetified-activity-ktx-1.8.0 because:
  Build cache is disabled
Skipping AarTransform: /data/data/com.termux/files/home/.gradle/caches/transforms-3/9f00a34e9217b5f1fb46f51b349fd8f3/transformed/jetified-activity-ktx-1.8.0 as it is up-to-date.
Transforming activity-1.8.0.aar (androidx.activity:activity:1.8.0) with JetifyTransform
Caching disabled for JetifyTransform: /data/data/com.termux/files/home/.gradle/caches/modules-2/files-2.1/androidx.activity/activity/1.8.0/4266e2118d565daa20212d1726e11f41e1a4d0ca/activity-1.8.0.aar because:
  Build cache is disabled
Skipping JetifyTransform: /data/data/com.termux/files/home/.gradle/caches/modules-2/files-2.1/androidx.activity/activity/1.8.0/4266e2118d565daa20212d1726e11f41e1a4d0ca/activity-1.8.0.aar as it is up-to-date.
Transforming activity-1.8.0.aar (androidx.activity:activity:1.8.0) with ExtractAarTransform
Caching disabled for ExtractAarTransform: /data/data/com.termux/files/home/.gradle/caches/transforms-3/fdaa7fa054ca2ed24e681b940dd9fcf7/transformed/jetified-activity-1.8.0.aar because:
  Build cache is disabled
Skipping ExtractAarTransform: /data/data/com.termux/files/home/.gradle/caches/transforms-3/fdaa7fa054ca2ed24e681b940dd9fcf7/transformed/jetified-activity-1.8.0.aar as it is up-to-date.
Transforming activity-1.8.0.aar (androidx.activity:activity:1.8.0) with AarTransform
Caching disabled for AarTransform: /data/data/com.termux/files/home/.gradle/caches/transforms-3/ebfc84555254bacab62ad1da71fbc89c/transformed/jetified-activity-1.8.0 because:
  Build cache is disabled
Skipping AarTransform: /data/data/com.termux/files/home/.gradle/caches/transforms-3/ebfc84555254bacab62ad1da71fbc89c/transformed/jetified-activity-1.8.0 as it is up-to-date.
Transforming emoji2-views-helper-1.2.0.aar (androidx.emoji2:emoji2-views-helper:1.2.0) with JetifyTransform
Caching disabled for JetifyTransform: /data/data/com.termux/files/home/.gradle/caches/modules-2/files-2.1/androidx.emoji2/emoji2-views-helper/1.2.0/4a22802fc9e88ad232522f04a35d1fdc3e5b4df0/emoji2-views-helper-1.2.0.aar because:
  Build cache is disabled
Skipping JetifyTransform: /data/data/com.termux/files/home/.gradle/caches/modules-2/files-2.1/androidx.emoji2/emoji2-views-helper/1.2.0/4a22802fc9e88ad232522f04a35d1fdc3e5b4df0/emoji2-views-helper-1.2.0.aar as it is up-to-date.
Transforming emoji2-views-helper-1.2.0.aar (androidx.emoji2:emoji2-views-helper:1.2.0) with ExtractAarTransform
Caching disabled for ExtractAarTransform: /data/data/com.termux/files/home/.gradle/caches/transforms-3/6a289af07bbad4d3d138370b29845cc4/transformed/jetified-emoji2-views-helper-1.2.0.aar because:
  Build cache is disabled
Skipping ExtractAarTransform: /data/data/com.termux/files/home/.gradle/caches/transforms-3/6a289af07bbad4d3d138370b29845cc4/transformed/jetified-emoji2-views-helper-1.2.0.aar as it is up-to-date.
Transforming emoji2-views-helper-1.2.0.aar (androidx.emoji2:emoji2-views-helper:1.2.0) with AarTransform
Caching disabled for AarTransform: /data/data/com.termux/files/home/.gradle/caches/transforms-3/cbf7c05711435233ff3168cbc0eee7e6/transformed/jetified-emoji2-views-helper-1.2.0 because:
  Build cache is disabled
Skipping AarTransform: /data/data/com.termux/files/home/.gradle/caches/transforms-3/cbf7c05711435233ff3168cbc0eee7e6/transformed/jetified-emoji2-views-helper-1.2.0 as it is up-to-date.
Transforming emoji2-1.2.0.aar (androidx.emoji2:emoji2:1.2.0) with JetifyTransform
Caching disabled for JetifyTransform: /data/data/com.termux/files/home/.gradle/caches/modules-2/files-2.1/androidx.emoji2/emoji2/1.2.0/2c95c9aa87788e4d9ce692ecfc961db004e57480/emoji2-1.2.0.aar because:
  Build cache is disabled
Skipping JetifyTransform: /data/data/com.termux/files/home/.gradle/caches/modules-2/files-2.1/androidx.emoji2/emoji2/1.2.0/2c95c9aa87788e4d9ce692ecfc961db004e57480/emoji2-1.2.0.aar as it is up-to-date.
Transforming emoji2-1.2.0.aar (androidx.emoji2:emoji2:1.2.0) with ExtractAarTransform
Caching disabled for ExtractAarTransform: /data/data/com.termux/files/home/.gradle/caches/transforms-3/54c4cf0d026d23afb0086ae6d87c1a8e/transformed/jetified-emoji2-1.2.0.aar because:
  Build cache is disabled
Skipping ExtractAarTransform: /data/data/com.termux/files/home/.gradle/caches/transforms-3/54c4cf0d026d23afb0086ae6d87c1a8e/transformed/jetified-emoji2-1.2.0.aar as it is up-to-date.
Transforming emoji2-1.2.0.aar (androidx.emoji2:emoji2:1.2.0) with AarTransform
Caching disabled for AarTransform: /data/data/com.termux/files/home/.gradle/caches/transforms-3/98a8efc877b7c9d8ab9f1a39bc51622a/transformed/jetified-emoji2-1.2.0 because:
  Build cache is disabled
Skipping AarTransform: /data/data/com.termux/files/home/.gradle/caches/transforms-3/98a8efc877b7c9d8ab9f1a39bc51622a/transformed/jetified-emoji2-1.2.0 as it is up-to-date.
Transforming navigation-common-ktx-2.5.3.aar (androidx.navigation:navigation-common-ktx:2.5.3) with JetifyTransform
Caching disabled for JetifyTransform: /data/data/com.termux/files/home/.gradle/caches/modules-2/files-2.1/androidx.navigation/navigation-common-ktx/2.5.3/1f98a166e4a9313c4ba65db2964a0042fda01dff/navigation-common-ktx-2.5.3.aar because:
  Build cache is disabled
Skipping JetifyTransform: /data/data/com.termux/files/home/.gradle/caches/modules-2/files-2.1/androidx.navigation/navigation-common-ktx/2.5.3/1f98a166e4a9313c4ba65db2964a0042fda01dff/navigation-common-ktx-2.5.3.aar as it is up-to-date.
Transforming navigation-common-ktx-2.5.3.aar (androidx.navigation:navigation-common-ktx:2.5.3) with ExtractAarTransform
Caching disabled for ExtractAarTransform: /data/data/com.termux/files/home/.gradle/caches/modules-2/files-2.1/androidx.navigation/navigation-common-ktx/2.5.3/1f98a166e4a9313c4ba65db2964a0042fda01dff/navigation-common-ktx-2.5.3.aar because:
  Build cache is disabled
Skipping ExtractAarTransform: /data/data/com.termux/files/home/.gradle/caches/modules-2/files-2.1/androidx.navigation/navigation-common-ktx/2.5.3/1f98a166e4a9313c4ba65db2964a0042fda01dff/navigation-common-ktx-2.5.3.aar as it is up-to-date.
Transforming navigation-common-ktx-2.5.3.aar (androidx.navigation:navigation-common-ktx:2.5.3) with AarTransform
Caching disabled for AarTransform: /data/data/com.termux/files/home/.gradle/caches/transforms-3/08320af73d98014beb03478360de7461/transformed/navigation-common-ktx-2.5.3 because:
  Build cache is disabled
Skipping AarTransform: /data/data/com.termux/files/home/.gradle/caches/transforms-3/08320af73d98014beb03478360de7461/transformed/navigation-common-ktx-2.5.3 as it is up-to-date.
Transforming navigation-common-2.5.3.aar (androidx.navigation:navigation-common:2.5.3) with JetifyTransform
Caching disabled for JetifyTransform: /data/data/com.termux/files/home/.gradle/caches/modules-2/files-2.1/androidx.navigation/navigation-common/2.5.3/eac1bdefaebb4a860fa661243a599a0abfe34cda/navigation-common-2.5.3.aar because:
  Build cache is disabled
Skipping JetifyTransform: /data/data/com.termux/files/home/.gradle/caches/modules-2/files-2.1/androidx.navigation/navigation-common/2.5.3/eac1bdefaebb4a860fa661243a599a0abfe34cda/navigation-common-2.5.3.aar as it is up-to-date.
Transforming navigation-common-2.5.3.aar (androidx.navigation:navigation-common:2.5.3) with ExtractAarTransform
Caching disabled for ExtractAarTransform: /data/data/com.termux/files/home/.gradle/caches/modules-2/files-2.1/androidx.navigation/navigation-common/2.5.3/eac1bdefaebb4a860fa661243a599a0abfe34cda/navigation-common-2.5.3.aar because:
  Build cache is disabled
Skipping ExtractAarTransform: /data/data/com.termux/files/home/.gradle/caches/modules-2/files-2.1/androidx.navigation/navigation-common/2.5.3/eac1bdefaebb4a860fa661243a599a0abfe34cda/navigation-common-2.5.3.aar as it is up-to-date.
Transforming navigation-common-2.5.3.aar (androidx.navigation:navigation-common:2.5.3) with AarTransform
Caching disabled for AarTransform: /data/data/com.termux/files/home/.gradle/caches/transforms-3/9049dc0569211b06ffbf5aa8f07da126/transformed/navigation-common-2.5.3 because:
  Build cache is disabled
Skipping AarTransform: /data/data/com.termux/files/home/.gradle/caches/transforms-3/9049dc0569211b06ffbf5aa8f07da126/transformed/navigation-common-2.5.3 as it is up-to-date.
Transforming savedstate-ktx-1.2.1.aar (androidx.savedstate:savedstate-ktx:1.2.1) with JetifyTransform
Caching disabled for JetifyTransform: /data/data/com.termux/files/home/.gradle/caches/modules-2/files-2.1/androidx.savedstate/savedstate-ktx/1.2.1/b86d338d91b1c26193a42b1d87be9bb02123fa16/savedstate-ktx-1.2.1.aar because:
  Build cache is disabled
Skipping JetifyTransform: /data/data/com.termux/files/home/.gradle/caches/modules-2/files-2.1/androidx.savedstate/savedstate-ktx/1.2.1/b86d338d91b1c26193a42b1d87be9bb02123fa16/savedstate-ktx-1.2.1.aar as it is up-to-date.
Transforming savedstate-ktx-1.2.1.aar (androidx.savedstate:savedstate-ktx:1.2.1) with ExtractAarTransform
Caching disabled for ExtractAarTransform: /data/data/com.termux/files/home/.gradle/caches/transforms-3/73bac4943e109503e2b559d273740489/transformed/jetified-savedstate-ktx-1.2.1.aar because:
  Build cache is disabled
Skipping ExtractAarTransform: /data/data/com.termux/files/home/.gradle/caches/transforms-3/73bac4943e109503e2b559d273740489/transformed/jetified-savedstate-ktx-1.2.1.aar as it is up-to-date.
Transforming savedstate-ktx-1.2.1.aar (androidx.savedstate:savedstate-ktx:1.2.1) with AarTransform
Caching disabled for AarTransform: /data/data/com.termux/files/home/.gradle/caches/transforms-3/0fdd417d0322578047fa33896ef9ac87/transformed/jetified-savedstate-ktx-1.2.1 because:
  Build cache is disabled
Skipping AarTransform: /data/data/com.termux/files/home/.gradle/caches/transforms-3/0fdd417d0322578047fa33896ef9ac87/transformed/jetified-savedstate-ktx-1.2.1 as it is up-to-date.
Transforming savedstate-1.2.1.aar (androidx.savedstate:savedstate:1.2.1) with JetifyTransform
Caching disabled for JetifyTransform: /data/data/com.termux/files/home/.gradle/caches/modules-2/files-2.1/androidx.savedstate/savedstate/1.2.1/e364fc9dec32aa569d855f85864e50250318a093/savedstate-1.2.1.aar because:
  Build cache is disabled
Skipping JetifyTransform: /data/data/com.termux/files/home/.gradle/caches/modules-2/files-2.1/androidx.savedstate/savedstate/1.2.1/e364fc9dec32aa569d855f85864e50250318a093/savedstate-1.2.1.aar as it is up-to-date.
Transforming savedstate-1.2.1.aar (androidx.savedstate:savedstate:1.2.1) with ExtractAarTransform
Caching disabled for ExtractAarTransform: /data/data/com.termux/files/home/.gradle/caches/transforms-3/4b68dd5c697faae9986859f0dce85d8b/transformed/jetified-savedstate-1.2.1.aar because:
  Build cache is disabled
Skipping ExtractAarTransform: /data/data/com.termux/files/home/.gradle/caches/transforms-3/4b68dd5c697faae9986859f0dce85d8b/transformed/jetified-savedstate-1.2.1.aar as it is up-to-date.
Transforming savedstate-1.2.1.aar (androidx.savedstate:savedstate:1.2.1) with AarTransform
Caching disabled for AarTransform: /data/data/com.termux/files/home/.gradle/caches/transforms-3/ec244bc9a1d5fadb1732a503ae689c28/transformed/jetified-savedstate-1.2.1 because:
  Build cache is disabled
Skipping AarTransform: /data/data/com.termux/files/home/.gradle/caches/transforms-3/ec244bc9a1d5fadb1732a503ae689c28/transformed/jetified-savedstate-1.2.1 as it is up-to-date.
Transforming lifecycle-livedata-core-2.6.2.aar (androidx.lifecycle:lifecycle-livedata-core:2.6.2) with JetifyTransform
Caching disabled for JetifyTransform: /data/data/com.termux/files/home/.gradle/caches/modules-2/files-2.1/androidx.lifecycle/lifecycle-livedata-core/2.6.2/23f66885a260f0a2cd6540927ea8795484afd2da/lifecycle-livedata-core-2.6.2.aar because:
  Build cache is disabled
Skipping JetifyTransform: /data/data/com.termux/files/home/.gradle/caches/modules-2/files-2.1/androidx.lifecycle/lifecycle-livedata-core/2.6.2/23f66885a260f0a2cd6540927ea8795484afd2da/lifecycle-livedata-core-2.6.2.aar as it is up-to-date.
Transforming lifecycle-livedata-core-2.6.2.aar (androidx.lifecycle:lifecycle-livedata-core:2.6.2) with ExtractAarTransform
Caching disabled for ExtractAarTransform: /data/data/com.termux/files/home/.gradle/caches/modules-2/files-2.1/androidx.lifecycle/lifecycle-livedata-core/2.6.2/23f66885a260f0a2cd6540927ea8795484afd2da/lifecycle-livedata-core-2.6.2.aar because:
  Build cache is disabled
Skipping ExtractAarTransform: /data/data/com.termux/files/home/.gradle/caches/modules-2/files-2.1/androidx.lifecycle/lifecycle-livedata-core/2.6.2/23f66885a260f0a2cd6540927ea8795484afd2da/lifecycle-livedata-core-2.6.2.aar as it is up-to-date.
Transforming lifecycle-livedata-core-2.6.2.aar (androidx.lifecycle:lifecycle-livedata-core:2.6.2) with AarTransform
Caching disabled for AarTransform: /data/data/com.termux/files/home/.gradle/caches/transforms-3/f37a97cbc0721ef7ade7b911f0620d54/transformed/lifecycle-livedata-core-2.6.2 because:
  Build cache is disabled
Skipping AarTransform: /data/data/com.termux/files/home/.gradle/caches/transforms-3/f37a97cbc0721ef7ade7b911f0620d54/transformed/lifecycle-livedata-core-2.6.2 as it is up-to-date.
Transforming lifecycle-process-2.6.2.aar (androidx.lifecycle:lifecycle-process:2.6.2) with JetifyTransform
Caching disabled for JetifyTransform: /data/data/com.termux/files/home/.gradle/caches/modules-2/files-2.1/androidx.lifecycle/lifecycle-process/2.6.2/1cda99630dfe13ea65f63d05821187bfe87a5967/lifecycle-process-2.6.2.aar because:
  Build cache is disabled
Skipping JetifyTransform: /data/data/com.termux/files/home/.gradle/caches/modules-2/files-2.1/androidx.lifecycle/lifecycle-process/2.6.2/1cda99630dfe13ea65f63d05821187bfe87a5967/lifecycle-process-2.6.2.aar as it is up-to-date.
Transforming lifecycle-process-2.6.2.aar (androidx.lifecycle:lifecycle-process:2.6.2) with ExtractAarTransform
Caching disabled for ExtractAarTransform: /data/data/com.termux/files/home/.gradle/caches/transforms-3/186f8b4eca683753e482bebc10570ec2/transformed/jetified-lifecycle-process-2.6.2.aar because:
  Build cache is disabled
Skipping ExtractAarTransform: /data/data/com.termux/files/home/.gradle/caches/transforms-3/186f8b4eca683753e482bebc10570ec2/transformed/jetified-lifecycle-process-2.6.2.aar as it is up-to-date.
Transforming lifecycle-process-2.6.2.aar (androidx.lifecycle:lifecycle-process:2.6.2) with AarTransform
Caching disabled for AarTransform: /data/data/com.termux/files/home/.gradle/caches/transforms-3/d4b989baffcd6842cf6e2e91407a1413/transformed/jetified-lifecycle-process-2.6.2 because:
  Build cache is disabled
Skipping AarTransform: /data/data/com.termux/files/home/.gradle/caches/transforms-3/d4b989baffcd6842cf6e2e91407a1413/transformed/jetified-lifecycle-process-2.6.2 as it is up-to-date.
Transforming lifecycle-livedata-core-ktx-2.6.2.aar (androidx.lifecycle:lifecycle-livedata-core-ktx:2.6.2) with JetifyTransform
Caching disabled for JetifyTransform: /data/data/com.termux/files/home/.gradle/caches/modules-2/files-2.1/androidx.lifecycle/lifecycle-livedata-core-ktx/2.6.2/58c13cf1fa21b6516e58a8d291b11da864caffbf/lifecycle-livedata-core-ktx-2.6.2.aar because:
  Build cache is disabled
Skipping JetifyTransform: /data/data/com.termux/files/home/.gradle/caches/modules-2/files-2.1/androidx.lifecycle/lifecycle-livedata-core-ktx/2.6.2/58c13cf1fa21b6516e58a8d291b11da864caffbf/lifecycle-livedata-core-ktx-2.6.2.aar as it is up-to-date.
Transforming lifecycle-livedata-core-ktx-2.6.2.aar (androidx.lifecycle:lifecycle-livedata-core-ktx:2.6.2) with ExtractAarTransform
Caching disabled for ExtractAarTransform: /data/data/com.termux/files/home/.gradle/caches/transforms-3/73d185ec8b86eef562c7fad94e4be289/transformed/jetified-lifecycle-livedata-core-ktx-2.6.2.aar because:
  Build cache is disabled
Skipping ExtractAarTransform: /data/data/com.termux/files/home/.gradle/caches/transforms-3/73d185ec8b86eef562c7fad94e4be289/transformed/jetified-lifecycle-livedata-core-ktx-2.6.2.aar as it is up-to-date.
Transforming lifecycle-livedata-core-ktx-2.6.2.aar (androidx.lifecycle:lifecycle-livedata-core-ktx:2.6.2) with AarTransform
Caching disabled for AarTransform: /data/data/com.termux/files/home/.gradle/caches/transforms-3/f647411fa57cd3515370c450f65d7c05/transformed/jetified-lifecycle-livedata-core-ktx-2.6.2 because:
  Build cache is disabled
Skipping AarTransform: /data/data/com.termux/files/home/.gradle/caches/transforms-3/f647411fa57cd3515370c450f65d7c05/transformed/jetified-lifecycle-livedata-core-ktx-2.6.2 as it is up-to-date.
Transforming dynamicanimation-1.0.0.aar (androidx.dynamicanimation:dynamicanimation:1.0.0) with JetifyTransform
Caching disabled for JetifyTransform: /data/data/com.termux/files/home/.gradle/caches/modules-2/files-2.1/androidx.dynamicanimation/dynamicanimation/1.0.0/e980497a58fb319d471f3bb78d066b926a08ba8e/dynamicanimation-1.0.0.aar because:
  Build cache is disabled
Skipping JetifyTransform: /data/data/com.termux/files/home/.gradle/caches/modules-2/files-2.1/androidx.dynamicanimation/dynamicanimation/1.0.0/e980497a58fb319d471f3bb78d066b926a08ba8e/dynamicanimation-1.0.0.aar as it is up-to-date.
Transforming dynamicanimation-1.0.0.aar (androidx.dynamicanimation:dynamicanimation:1.0.0) with ExtractAarTransform
Caching disabled for ExtractAarTransform: /data/data/com.termux/files/home/.gradle/caches/modules-2/files-2.1/androidx.dynamicanimation/dynamicanimation/1.0.0/e980497a58fb319d471f3bb78d066b926a08ba8e/dynamicanimation-1.0.0.aar because:
  Build cache is disabled
Skipping ExtractAarTransform: /data/data/com.termux/files/home/.gradle/caches/modules-2/files-2.1/androidx.dynamicanimation/dynamicanimation/1.0.0/e980497a58fb319d471f3bb78d066b926a08ba8e/dynamicanimation-1.0.0.aar as it is up-to-date.
Transforming dynamicanimation-1.0.0.aar (androidx.dynamicanimation:dynamicanimation:1.0.0) with AarTransform
Caching disabled for AarTransform: /data/data/com.termux/files/home/.gradle/caches/transforms-3/0ad736e3a9769f3abc15d403f1888484/transformed/dynamicanimation-1.0.0 because:
  Build cache is disabled
Skipping AarTransform: /data/data/com.termux/files/home/.gradle/caches/transforms-3/0ad736e3a9769f3abc15d403f1888484/transformed/dynamicanimation-1.0.0 as it is up-to-date.
Transforming legacy-support-core-utils-1.0.0.aar (androidx.legacy:legacy-support-core-utils:1.0.0) with JetifyTransform
Caching disabled for JetifyTransform: /data/data/com.termux/files/home/.gradle/caches/modules-2/files-2.1/androidx.legacy/legacy-support-core-utils/1.0.0/9b9570042115da8629519090dfeb71df75da59fc/legacy-support-core-utils-1.0.0.aar because:
  Build cache is disabled
Skipping JetifyTransform: /data/data/com.termux/files/home/.gradle/caches/modules-2/files-2.1/androidx.legacy/legacy-support-core-utils/1.0.0/9b9570042115da8629519090dfeb71df75da59fc/legacy-support-core-utils-1.0.0.aar as it is up-to-date.
Transforming legacy-support-core-utils-1.0.0.aar (androidx.legacy:legacy-support-core-utils:1.0.0) with ExtractAarTransform
Caching disabled for ExtractAarTransform: /data/data/com.termux/files/home/.gradle/caches/modules-2/files-2.1/androidx.legacy/legacy-support-core-utils/1.0.0/9b9570042115da8629519090dfeb71df75da59fc/legacy-support-core-utils-1.0.0.aar because:
  Build cache is disabled
Skipping ExtractAarTransform: /data/data/com.termux/files/home/.gradle/caches/modules-2/files-2.1/androidx.legacy/legacy-support-core-utils/1.0.0/9b9570042115da8629519090dfeb71df75da59fc/legacy-support-core-utils-1.0.0.aar as it is up-to-date.
Transforming legacy-support-core-utils-1.0.0.aar (androidx.legacy:legacy-support-core-utils:1.0.0) with AarTransform
Caching disabled for AarTransform: /data/data/com.termux/files/home/.gradle/caches/transforms-3/d730c16c5ec7ae463793a36706f80df7/transformed/legacy-support-core-utils-1.0.0 because:
  Build cache is disabled
Skipping AarTransform: /data/data/com.termux/files/home/.gradle/caches/transforms-3/d730c16c5ec7ae463793a36706f80df7/transformed/legacy-support-core-utils-1.0.0 as it is up-to-date.
Transforming loader-1.0.0.aar (androidx.loader:loader:1.0.0) with JetifyTransform
Caching disabled for JetifyTransform: /data/data/com.termux/files/home/.gradle/caches/modules-2/files-2.1/androidx.loader/loader/1.0.0/8af8b6cec0da85c207d03e15840e0722cbc71e70/loader-1.0.0.aar because:
  Build cache is disabled
Skipping JetifyTransform: /data/data/com.termux/files/home/.gradle/caches/modules-2/files-2.1/androidx.loader/loader/1.0.0/8af8b6cec0da85c207d03e15840e0722cbc71e70/loader-1.0.0.aar as it is up-to-date.
Transforming loader-1.0.0.aar (androidx.loader:loader:1.0.0) with ExtractAarTransform
Caching disabled for ExtractAarTransform: /data/data/com.termux/files/home/.gradle/caches/modules-2/files-2.1/androidx.loader/loader/1.0.0/8af8b6cec0da85c207d03e15840e0722cbc71e70/loader-1.0.0.aar because:
  Build cache is disabled
Skipping ExtractAarTransform: /data/data/com.termux/files/home/.gradle/caches/modules-2/files-2.1/androidx.loader/loader/1.0.0/8af8b6cec0da85c207d03e15840e0722cbc71e70/loader-1.0.0.aar as it is up-to-date.
Transforming loader-1.0.0.aar (androidx.loader:loader:1.0.0) with AarTransform
Caching disabled for AarTransform: /data/data/com.termux/files/home/.gradle/caches/transforms-3/b06fd8bc629c7ce039eece3f21098138/transformed/loader-1.0.0 because:
  Build cache is disabled
Skipping AarTransform: /data/data/com.termux/files/home/.gradle/caches/transforms-3/b06fd8bc629c7ce039eece3f21098138/transformed/loader-1.0.0 as it is up-to-date.
Transforming loader-1.0.0.aar (androidx.loader:loader:1.0.0) with JetifyTransform
Transforming loader-1.0.0.aar (androidx.loader:loader:1.0.0) with ExtractAarTransform
Transforming loader-1.0.0.aar (androidx.loader:loader:1.0.0) with AarTransform
Transforming lifecycle-livedata-2.6.2.aar (androidx.lifecycle:lifecycle-livedata:2.6.2) with JetifyTransform
Caching disabled for JetifyTransform: /data/data/com.termux/files/home/.gradle/caches/modules-2/files-2.1/androidx.lifecycle/lifecycle-livedata/2.6.2/e7f6d9e232bf035af69c030917c1ccda8e840b57/lifecycle-livedata-2.6.2.aar because:
  Build cache is disabled
Skipping JetifyTransform: /data/data/com.termux/files/home/.gradle/caches/modules-2/files-2.1/androidx.lifecycle/lifecycle-livedata/2.6.2/e7f6d9e232bf035af69c030917c1ccda8e840b57/lifecycle-livedata-2.6.2.aar as it is up-to-date.
Transforming lifecycle-livedata-2.6.2.aar (androidx.lifecycle:lifecycle-livedata:2.6.2) with ExtractAarTransform
Caching disabled for ExtractAarTransform: /data/data/com.termux/files/home/.gradle/caches/modules-2/files-2.1/androidx.lifecycle/lifecycle-livedata/2.6.2/e7f6d9e232bf035af69c030917c1ccda8e840b57/lifecycle-livedata-2.6.2.aar because:
  Build cache is disabled
Skipping ExtractAarTransform: /data/data/com.termux/files/home/.gradle/caches/modules-2/files-2.1/androidx.lifecycle/lifecycle-livedata/2.6.2/e7f6d9e232bf035af69c030917c1ccda8e840b57/lifecycle-livedata-2.6.2.aar as it is up-to-date.
Transforming lifecycle-livedata-2.6.2.aar (androidx.lifecycle:lifecycle-livedata:2.6.2) with AarTransform
Caching disabled for AarTransform: /data/data/com.termux/files/home/.gradle/caches/transforms-3/abb42caba76fcbece6cce082110596df/transformed/lifecycle-livedata-2.6.2 because:
  Build cache is disabled
Skipping AarTransform: /data/data/com.termux/files/home/.gradle/caches/transforms-3/abb42caba76fcbece6cce082110596df/transformed/lifecycle-livedata-2.6.2 as it is up-to-date.
Transforming lifecycle-livedata-2.6.2.aar (androidx.lifecycle:lifecycle-livedata:2.6.2) with JetifyTransform
Transforming lifecycle-livedata-2.6.2.aar (androidx.lifecycle:lifecycle-livedata:2.6.2) with ExtractAarTransform
Transforming lifecycle-livedata-2.6.2.aar (androidx.lifecycle:lifecycle-livedata:2.6.2) with AarTransform
Transforming lifecycle-viewmodel-savedstate-2.6.2.aar (androidx.lifecycle:lifecycle-viewmodel-savedstate:2.6.2) with JetifyTransform
Caching disabled for JetifyTransform: /data/data/com.termux/files/home/.gradle/caches/modules-2/files-2.1/androidx.lifecycle/lifecycle-viewmodel-savedstate/2.6.2/483115c35b2926c3780dfdaf3f5d0342855e73b1/lifecycle-viewmodel-savedstate-2.6.2.aar because:
  Build cache is disabled
Skipping JetifyTransform: /data/data/com.termux/files/home/.gradle/caches/modules-2/files-2.1/androidx.lifecycle/lifecycle-viewmodel-savedstate/2.6.2/483115c35b2926c3780dfdaf3f5d0342855e73b1/lifecycle-viewmodel-savedstate-2.6.2.aar as it is up-to-date.
Transforming lifecycle-viewmodel-savedstate-2.6.2.aar (androidx.lifecycle:lifecycle-viewmodel-savedstate:2.6.2) with ExtractAarTransform
Caching disabled for ExtractAarTransform: /data/data/com.termux/files/home/.gradle/caches/transforms-3/fd8102b4a44e9d0cc42aa378bbde74c3/transformed/jetified-lifecycle-viewmodel-savedstate-2.6.2.aar because:
  Build cache is disabled
Skipping ExtractAarTransform: /data/data/com.termux/files/home/.gradle/caches/transforms-3/fd8102b4a44e9d0cc42aa378bbde74c3/transformed/jetified-lifecycle-viewmodel-savedstate-2.6.2.aar as it is up-to-date.
Transforming lifecycle-viewmodel-savedstate-2.6.2.aar (androidx.lifecycle:lifecycle-viewmodel-savedstate:2.6.2) with AarTransform
Caching disabled for AarTransform: /data/data/com.termux/files/home/.gradle/caches/transforms-3/11795230c1dd9a51511d4dd2ce1941d1/transformed/jetified-lifecycle-viewmodel-savedstate-2.6.2 because:
  Build cache is disabled
Skipping AarTransform: /data/data/com.termux/files/home/.gradle/caches/transforms-3/11795230c1dd9a51511d4dd2ce1941d1/transformed/jetified-lifecycle-viewmodel-savedstate-2.6.2 as it is up-to-date.
Transforming core-ktx-1.10.1.aar (androidx.core:core-ktx:1.10.1) with JetifyTransform
Caching disabled for JetifyTransform: /data/data/com.termux/files/home/.gradle/caches/modules-2/files-2.1/androidx.core/core-ktx/1.10.1/ff8e5a25ad6ea93dfca57d41a6ce40629bc6b07d/core-ktx-1.10.1.aar because:
  Build cache is disabled
Skipping JetifyTransform: /data/data/com.termux/files/home/.gradle/caches/modules-2/files-2.1/androidx.core/core-ktx/1.10.1/ff8e5a25ad6ea93dfca57d41a6ce40629bc6b07d/core-ktx-1.10.1.aar as it is up-to-date.
Transforming core-ktx-1.10.1.aar (androidx.core:core-ktx:1.10.1) with ExtractAarTransform
Caching disabled for ExtractAarTransform: /data/data/com.termux/files/home/.gradle/caches/transforms-3/ba899edb7e9e208cb0fd391affa6d4d6/transformed/jetified-core-ktx-1.10.1.aar because:
  Build cache is disabled
Skipping ExtractAarTransform: /data/data/com.termux/files/home/.gradle/caches/transforms-3/ba899edb7e9e208cb0fd391affa6d4d6/transformed/jetified-core-ktx-1.10.1.aar as it is up-to-date.
Transforming core-ktx-1.10.1.aar (androidx.core:core-ktx:1.10.1) with AarTransform
Caching disabled for AarTransform: /data/data/com.termux/files/home/.gradle/caches/transforms-3/32d2a31b503a616e3892d0dacfcbdcea/transformed/jetified-core-ktx-1.10.1 because:
  Build cache is disabled
Skipping AarTransform: /data/data/com.termux/files/home/.gradle/caches/transforms-3/32d2a31b503a616e3892d0dacfcbdcea/transformed/jetified-core-ktx-1.10.1 as it is up-to-date.
Transforming drawerlayout-1.1.1.aar (androidx.drawerlayout:drawerlayout:1.1.1) with JetifyTransform
Caching disabled for JetifyTransform: /data/data/com.termux/files/home/.gradle/caches/modules-2/files-2.1/androidx.drawerlayout/drawerlayout/1.1.1/1b2b049e1e88589510ddd4d93f2699b46ecd73dd/drawerlayout-1.1.1.aar because:
  Build cache is disabled
Skipping JetifyTransform: /data/data/com.termux/files/home/.gradle/caches/modules-2/files-2.1/androidx.drawerlayout/drawerlayout/1.1.1/1b2b049e1e88589510ddd4d93f2699b46ecd73dd/drawerlayout-1.1.1.aar as it is up-to-date.
Transforming drawerlayout-1.1.1.aar (androidx.drawerlayout:drawerlayout:1.1.1) with ExtractAarTransform
Caching disabled for ExtractAarTransform: /data/data/com.termux/files/home/.gradle/caches/modules-2/files-2.1/androidx.drawerlayout/drawerlayout/1.1.1/1b2b049e1e88589510ddd4d93f2699b46ecd73dd/drawerlayout-1.1.1.aar because:
  Build cache is disabled
Skipping ExtractAarTransform: /data/data/com.termux/files/home/.gradle/caches/modules-2/files-2.1/androidx.drawerlayout/drawerlayout/1.1.1/1b2b049e1e88589510ddd4d93f2699b46ecd73dd/drawerlayout-1.1.1.aar as it is up-to-date.
Transforming drawerlayout-1.1.1.aar (androidx.drawerlayout:drawerlayout:1.1.1) with AarTransform
Caching disabled for AarTransform: /data/data/com.termux/files/home/.gradle/caches/transforms-3/a1d877feeef0152e388f0a3b98ede1bf/transformed/drawerlayout-1.1.1 because:
  Build cache is disabled
Skipping AarTransform: /data/data/com.termux/files/home/.gradle/caches/transforms-3/a1d877feeef0152e388f0a3b98ede1bf/transformed/drawerlayout-1.1.1 as it is up-to-date.
Transforming coordinatorlayout-1.1.0.aar (androidx.coordinatorlayout:coordinatorlayout:1.1.0) with JetifyTransform
Caching disabled for JetifyTransform: /data/data/com.termux/files/home/.gradle/caches/modules-2/files-2.1/androidx.coordinatorlayout/coordinatorlayout/1.1.0/8eeb7baf75b9595d017642a460df5af3bb9fa4e1/coordinatorlayout-1.1.0.aar because:
  Build cache is disabled
Skipping JetifyTransform: /data/data/com.termux/files/home/.gradle/caches/modules-2/files-2.1/androidx.coordinatorlayout/coordinatorlayout/1.1.0/8eeb7baf75b9595d017642a460df5af3bb9fa4e1/coordinatorlayout-1.1.0.aar as it is up-to-date.
Transforming coordinatorlayout-1.1.0.aar (androidx.coordinatorlayout:coordinatorlayout:1.1.0) with ExtractAarTransform
Caching disabled for ExtractAarTransform: /data/data/com.termux/files/home/.gradle/caches/modules-2/files-2.1/androidx.coordinatorlayout/coordinatorlayout/1.1.0/8eeb7baf75b9595d017642a460df5af3bb9fa4e1/coordinatorlayout-1.1.0.aar because:
  Build cache is disabled
Skipping ExtractAarTransform: /data/data/com.termux/files/home/.gradle/caches/modules-2/files-2.1/androidx.coordinatorlayout/coordinatorlayout/1.1.0/8eeb7baf75b9595d017642a460df5af3bb9fa4e1/coordinatorlayout-1.1.0.aar as it is up-to-date.
Transforming coordinatorlayout-1.1.0.aar (androidx.coordinatorlayout:coordinatorlayout:1.1.0) with AarTransform
Caching disabled for AarTransform: /data/data/com.termux/files/home/.gradle/caches/transforms-3/3aaa1c6497bf3fd9c4338d95c1b7b8e3/transformed/coordinatorlayout-1.1.0 because:
  Build cache is disabled
Skipping AarTransform: /data/data/com.termux/files/home/.gradle/caches/transforms-3/3aaa1c6497bf3fd9c4338d95c1b7b8e3/transformed/coordinatorlayout-1.1.0 as it is up-to-date.
Transforming vectordrawable-animated-1.1.0.aar (androidx.vectordrawable:vectordrawable-animated:1.1.0) with JetifyTransform
Caching disabled for JetifyTransform: /data/data/com.termux/files/home/.gradle/caches/modules-2/files-2.1/androidx.vectordrawable/vectordrawable-animated/1.1.0/fcda1161354501471c30a4e077af6b5c4d4eddc6/vectordrawable-animated-1.1.0.aar because:
  Build cache is disabled
Skipping JetifyTransform: /data/data/com.termux/files/home/.gradle/caches/modules-2/files-2.1/androidx.vectordrawable/vectordrawable-animated/1.1.0/fcda1161354501471c30a4e077af6b5c4d4eddc6/vectordrawable-animated-1.1.0.aar as it is up-to-date.
Transforming vectordrawable-animated-1.1.0.aar (androidx.vectordrawable:vectordrawable-animated:1.1.0) with ExtractAarTransform
Caching disabled for ExtractAarTransform: /data/data/com.termux/files/home/.gradle/caches/modules-2/files-2.1/androidx.vectordrawable/vectordrawable-animated/1.1.0/fcda1161354501471c30a4e077af6b5c4d4eddc6/vectordrawable-animated-1.1.0.aar because:
  Build cache is disabled
Skipping ExtractAarTransform: /data/data/com.termux/files/home/.gradle/caches/modules-2/files-2.1/androidx.vectordrawable/vectordrawable-animated/1.1.0/fcda1161354501471c30a4e077af6b5c4d4eddc6/vectordrawable-animated-1.1.0.aar as it is up-to-date.
Transforming vectordrawable-animated-1.1.0.aar (androidx.vectordrawable:vectordrawable-animated:1.1.0) with AarTransform
Caching disabled for AarTransform: /data/data/com.termux/files/home/.gradle/caches/transforms-3/24ce17f17a8fa2d2b18c6e64d350b861/transformed/vectordrawable-animated-1.1.0 because:
  Build cache is disabled
Skipping AarTransform: /data/data/com.termux/files/home/.gradle/caches/transforms-3/24ce17f17a8fa2d2b18c6e64d350b861/transformed/vectordrawable-animated-1.1.0 as it is up-to-date.
Transforming vectordrawable-1.1.0.aar (androidx.vectordrawable:vectordrawable:1.1.0) with JetifyTransform
Caching disabled for JetifyTransform: /data/data/com.termux/files/home/.gradle/caches/modules-2/files-2.1/androidx.vectordrawable/vectordrawable/1.1.0/eac7a364fff534035a2a6cb17770a1288315f69f/vectordrawable-1.1.0.aar because:
  Build cache is disabled
Skipping JetifyTransform: /data/data/com.termux/files/home/.gradle/caches/modules-2/files-2.1/androidx.vectordrawable/vectordrawable/1.1.0/eac7a364fff534035a2a6cb17770a1288315f69f/vectordrawable-1.1.0.aar as it is up-to-date.
Transforming vectordrawable-1.1.0.aar (androidx.vectordrawable:vectordrawable:1.1.0) with ExtractAarTransform
Caching disabled for ExtractAarTransform: /data/data/com.termux/files/home/.gradle/caches/modules-2/files-2.1/androidx.vectordrawable/vectordrawable/1.1.0/eac7a364fff534035a2a6cb17770a1288315f69f/vectordrawable-1.1.0.aar because:
  Build cache is disabled
Skipping ExtractAarTransform: /data/data/com.termux/files/home/.gradle/caches/modules-2/files-2.1/androidx.vectordrawable/vectordrawable/1.1.0/eac7a364fff534035a2a6cb17770a1288315f69f/vectordrawable-1.1.0.aar as it is up-to-date.
Transforming vectordrawable-1.1.0.aar (androidx.vectordrawable:vectordrawable:1.1.0) with AarTransform
Caching disabled for AarTransform: /data/data/com.termux/files/home/.gradle/caches/transforms-3/617ec14a47f98a9fad8de81318cd0ea2/transformed/vectordrawable-1.1.0 because:
  Build cache is disabled
Skipping AarTransform: /data/data/com.termux/files/home/.gradle/caches/transforms-3/617ec14a47f98a9fad8de81318cd0ea2/transformed/vectordrawable-1.1.0 as it is up-to-date.
Transforming vectordrawable-1.1.0.aar (androidx.vectordrawable:vectordrawable:1.1.0) with JetifyTransform
Transforming vectordrawable-1.1.0.aar (androidx.vectordrawable:vectordrawable:1.1.0) with ExtractAarTransform
Transforming vectordrawable-1.1.0.aar (androidx.vectordrawable:vectordrawable:1.1.0) with AarTransform
Transforming recyclerview-1.1.0.aar (androidx.recyclerview:recyclerview:1.1.0) with JetifyTransform
Caching disabled for JetifyTransform: /data/data/com.termux/files/home/.gradle/caches/modules-2/files-2.1/androidx.recyclerview/recyclerview/1.1.0/8b4f97752ddcbc712af46d208aebd46585cde63b/recyclerview-1.1.0.aar because:
  Build cache is disabled
Skipping JetifyTransform: /data/data/com.termux/files/home/.gradle/caches/modules-2/files-2.1/androidx.recyclerview/recyclerview/1.1.0/8b4f97752ddcbc712af46d208aebd46585cde63b/recyclerview-1.1.0.aar as it is up-to-date.
Transforming recyclerview-1.1.0.aar (androidx.recyclerview:recyclerview:1.1.0) with ExtractAarTransform
Caching disabled for ExtractAarTransform: /data/data/com.termux/files/home/.gradle/caches/modules-2/files-2.1/androidx.recyclerview/recyclerview/1.1.0/8b4f97752ddcbc712af46d208aebd46585cde63b/recyclerview-1.1.0.aar because:
  Build cache is disabled
Skipping ExtractAarTransform: /data/data/com.termux/files/home/.gradle/caches/modules-2/files-2.1/androidx.recyclerview/recyclerview/1.1.0/8b4f97752ddcbc712af46d208aebd46585cde63b/recyclerview-1.1.0.aar as it is up-to-date.
Transforming recyclerview-1.1.0.aar (androidx.recyclerview:recyclerview:1.1.0) with AarTransform
Caching disabled for AarTransform: /data/data/com.termux/files/home/.gradle/caches/transforms-3/16499785acc0306d467c607b5549e8ff/transformed/recyclerview-1.1.0 because:
  Build cache is disabled
Skipping AarTransform: /data/data/com.termux/files/home/.gradle/caches/transforms-3/16499785acc0306d467c607b5549e8ff/transformed/recyclerview-1.1.0 as it is up-to-date.
Transforming recyclerview-1.1.0.aar (androidx.recyclerview:recyclerview:1.1.0) with JetifyTransform
Transforming recyclerview-1.1.0.aar (androidx.recyclerview:recyclerview:1.1.0) with ExtractAarTransform
Transforming recyclerview-1.1.0.aar (androidx.recyclerview:recyclerview:1.1.0) with AarTransform
Transforming slidingpanelayout-1.2.0.aar (androidx.slidingpanelayout:slidingpanelayout:1.2.0) with JetifyTransform
Caching disabled for JetifyTransform: /data/data/com.termux/files/home/.gradle/caches/modules-2/files-2.1/androidx.slidingpanelayout/slidingpanelayout/1.2.0/5374897c7fd146ecadae4eeb96fb66c7795db0a7/slidingpanelayout-1.2.0.aar because:
  Build cache is disabled
Skipping JetifyTransform: /data/data/com.termux/files/home/.gradle/caches/modules-2/files-2.1/androidx.slidingpanelayout/slidingpanelayout/1.2.0/5374897c7fd146ecadae4eeb96fb66c7795db0a7/slidingpanelayout-1.2.0.aar as it is up-to-date.
Transforming slidingpanelayout-1.2.0.aar (androidx.slidingpanelayout:slidingpanelayout:1.2.0) with ExtractAarTransform
Caching disabled for ExtractAarTransform: /data/data/com.termux/files/home/.gradle/caches/modules-2/files-2.1/androidx.slidingpanelayout/slidingpanelayout/1.2.0/5374897c7fd146ecadae4eeb96fb66c7795db0a7/slidingpanelayout-1.2.0.aar because:
  Build cache is disabled
Skipping ExtractAarTransform: /data/data/com.termux/files/home/.gradle/caches/modules-2/files-2.1/androidx.slidingpanelayout/slidingpanelayout/1.2.0/5374897c7fd146ecadae4eeb96fb66c7795db0a7/slidingpanelayout-1.2.0.aar as it is up-to-date.
Transforming slidingpanelayout-1.2.0.aar (androidx.slidingpanelayout:slidingpanelayout:1.2.0) with AarTransform
Caching disabled for AarTransform: /data/data/com.termux/files/home/.gradle/caches/transforms-3/094924c6dd45a4a8923ffb9186c1586f/transformed/slidingpanelayout-1.2.0 because:
  Build cache is disabled
Skipping AarTransform: /data/data/com.termux/files/home/.gradle/caches/transforms-3/094924c6dd45a4a8923ffb9186c1586f/transformed/slidingpanelayout-1.2.0 as it is up-to-date.
Transforming viewpager-1.0.0.aar (androidx.viewpager:viewpager:1.0.0) with JetifyTransform
Caching disabled for JetifyTransform: /data/data/com.termux/files/home/.gradle/caches/modules-2/files-2.1/androidx.viewpager/viewpager/1.0.0/1f90e13820f96c2fb868f9674079a551678d68b2/viewpager-1.0.0.aar because:
  Build cache is disabled
Skipping JetifyTransform: /data/data/com.termux/files/home/.gradle/caches/modules-2/files-2.1/androidx.viewpager/viewpager/1.0.0/1f90e13820f96c2fb868f9674079a551678d68b2/viewpager-1.0.0.aar as it is up-to-date.
Transforming viewpager-1.0.0.aar (androidx.viewpager:viewpager:1.0.0) with ExtractAarTransform
Caching disabled for ExtractAarTransform: /data/data/com.termux/files/home/.gradle/caches/modules-2/files-2.1/androidx.viewpager/viewpager/1.0.0/1f90e13820f96c2fb868f9674079a551678d68b2/viewpager-1.0.0.aar because:
  Build cache is disabled
Skipping ExtractAarTransform: /data/data/com.termux/files/home/.gradle/caches/modules-2/files-2.1/androidx.viewpager/viewpager/1.0.0/1f90e13820f96c2fb868f9674079a551678d68b2/viewpager-1.0.0.aar as it is up-to-date.
Transforming viewpager-1.0.0.aar (androidx.viewpager:viewpager:1.0.0) with AarTransform
Caching disabled for AarTransform: /data/data/com.termux/files/home/.gradle/caches/transforms-3/448ab9c7cab37b700d06fbffd623abb0/transformed/viewpager-1.0.0 because:
  Build cache is disabled
Skipping AarTransform: /data/data/com.termux/files/home/.gradle/caches/transforms-3/448ab9c7cab37b700d06fbffd623abb0/transformed/viewpager-1.0.0 as it is up-to-date.
Transforming customview-1.1.0.aar (androidx.customview:customview:1.1.0) with JetifyTransform
Caching disabled for JetifyTransform: /data/data/com.termux/files/home/.gradle/caches/modules-2/files-2.1/androidx.customview/customview/1.1.0/a030aaf64c5419a89f7d91a33755c4629a43471/customview-1.1.0.aar because:
  Build cache is disabled
Skipping JetifyTransform: /data/data/com.termux/files/home/.gradle/caches/modules-2/files-2.1/androidx.customview/customview/1.1.0/a030aaf64c5419a89f7d91a33755c4629a43471/customview-1.1.0.aar as it is up-to-date.
Transforming customview-1.1.0.aar (androidx.customview:customview:1.1.0) with ExtractAarTransform
Caching disabled for ExtractAarTransform: /data/data/com.termux/files/home/.gradle/caches/modules-2/files-2.1/androidx.customview/customview/1.1.0/a030aaf64c5419a89f7d91a33755c4629a43471/customview-1.1.0.aar because:
  Build cache is disabled
Skipping ExtractAarTransform: /data/data/com.termux/files/home/.gradle/caches/modules-2/files-2.1/androidx.customview/customview/1.1.0/a030aaf64c5419a89f7d91a33755c4629a43471/customview-1.1.0.aar as it is up-to-date.
Transforming customview-1.1.0.aar (androidx.customview:customview:1.1.0) with AarTransform
Caching disabled for AarTransform: /data/data/com.termux/files/home/.gradle/caches/transforms-3/1689b5c4294402cdceb01fd7dd639931/transformed/customview-1.1.0 because:
  Build cache is disabled
Skipping AarTransform: /data/data/com.termux/files/home/.gradle/caches/transforms-3/1689b5c4294402cdceb01fd7dd639931/transformed/customview-1.1.0 as it is up-to-date.
Transforming customview-1.1.0.aar (androidx.customview:customview:1.1.0) with JetifyTransform
Transforming customview-1.1.0.aar (androidx.customview:customview:1.1.0) with ExtractAarTransform
Transforming customview-1.1.0.aar (androidx.customview:customview:1.1.0) with AarTransform
Transforming transition-1.4.1.aar (androidx.transition:transition:1.4.1) with JetifyTransform
Caching disabled for JetifyTransform: /data/data/com.termux/files/home/.gradle/caches/modules-2/files-2.1/androidx.transition/transition/1.4.1/703467fbdb3d06e51d338c4a3490b54d37c92a64/transition-1.4.1.aar because:
  Build cache is disabled
Skipping JetifyTransform: /data/data/com.termux/files/home/.gradle/caches/modules-2/files-2.1/androidx.transition/transition/1.4.1/703467fbdb3d06e51d338c4a3490b54d37c92a64/transition-1.4.1.aar as it is up-to-date.
Transforming transition-1.4.1.aar (androidx.transition:transition:1.4.1) with ExtractAarTransform
Caching disabled for ExtractAarTransform: /data/data/com.termux/files/home/.gradle/caches/modules-2/files-2.1/androidx.transition/transition/1.4.1/703467fbdb3d06e51d338c4a3490b54d37c92a64/transition-1.4.1.aar because:
  Build cache is disabled
Skipping ExtractAarTransform: /data/data/com.termux/files/home/.gradle/caches/modules-2/files-2.1/androidx.transition/transition/1.4.1/703467fbdb3d06e51d338c4a3490b54d37c92a64/transition-1.4.1.aar as it is up-to-date.
Transforming transition-1.4.1.aar (androidx.transition:transition:1.4.1) with AarTransform
Caching disabled for AarTransform: /data/data/com.termux/files/home/.gradle/caches/transforms-3/7e87582fe31d05ab540bc29571fbc435/transformed/transition-1.4.1 because:
  Build cache is disabled
Skipping AarTransform: /data/data/com.termux/files/home/.gradle/caches/transforms-3/7e87582fe31d05ab540bc29571fbc435/transformed/transition-1.4.1 as it is up-to-date.
Transforming window-1.0.0.aar (androidx.window:window:1.0.0) with JetifyTransform
Caching disabled for JetifyTransform: /data/data/com.termux/files/home/.gradle/caches/modules-2/files-2.1/androidx.window/window/1.0.0/b88a4cb0db4e04827baad7b7d45f57d80e84d08e/window-1.0.0.aar because:
  Build cache is disabled
Skipping JetifyTransform: /data/data/com.termux/files/home/.gradle/caches/modules-2/files-2.1/androidx.window/window/1.0.0/b88a4cb0db4e04827baad7b7d45f57d80e84d08e/window-1.0.0.aar as it is up-to-date.
Transforming window-1.0.0.aar (androidx.window:window:1.0.0) with ExtractAarTransform
Caching disabled for ExtractAarTransform: /data/data/com.termux/files/home/.gradle/caches/transforms-3/e07a0d6dbe5c5142c490c11f4ed44c23/transformed/jetified-window-1.0.0.aar because:
  Build cache is disabled
Skipping ExtractAarTransform: /data/data/com.termux/files/home/.gradle/caches/transforms-3/e07a0d6dbe5c5142c490c11f4ed44c23/transformed/jetified-window-1.0.0.aar as it is up-to-date.
Transforming window-1.0.0.aar (androidx.window:window:1.0.0) with AarTransform
Caching disabled for AarTransform: /data/data/com.termux/files/home/.gradle/caches/transforms-3/ba267e95536b0dcfd01027b591ea6ee7/transformed/jetified-window-1.0.0 because:
  Build cache is disabled
Skipping AarTransform: /data/data/com.termux/files/home/.gradle/caches/transforms-3/ba267e95536b0dcfd01027b591ea6ee7/transformed/jetified-window-1.0.0 as it is up-to-date.
Transforming core-1.10.1.aar (androidx.core:core:1.10.1) with JetifyTransform
Caching disabled for JetifyTransform: /data/data/com.termux/files/home/.gradle/caches/modules-2/files-2.1/androidx.core/core/1.10.1/b20f6712d783963a13773be934b59b286041a667/core-1.10.1.aar because:
  Build cache is disabled
Skipping JetifyTransform: /data/data/com.termux/files/home/.gradle/caches/modules-2/files-2.1/androidx.core/core/1.10.1/b20f6712d783963a13773be934b59b286041a667/core-1.10.1.aar as it is up-to-date.
Transforming core-1.10.1.aar (androidx.core:core:1.10.1) with ExtractAarTransform
Caching disabled for ExtractAarTransform: /data/data/com.termux/files/home/.gradle/caches/modules-2/files-2.1/androidx.core/core/1.10.1/b20f6712d783963a13773be934b59b286041a667/core-1.10.1.aar because:
  Build cache is disabled
Skipping ExtractAarTransform: /data/data/com.termux/files/home/.gradle/caches/modules-2/files-2.1/androidx.core/core/1.10.1/b20f6712d783963a13773be934b59b286041a667/core-1.10.1.aar as it is up-to-date.
Transforming core-1.10.1.aar (androidx.core:core:1.10.1) with AarTransform
Caching disabled for AarTransform: /data/data/com.termux/files/home/.gradle/caches/transforms-3/f98322f854a21334a75646f84147f7a3/transformed/core-1.10.1 because:
  Build cache is disabled
Skipping AarTransform: /data/data/com.termux/files/home/.gradle/caches/transforms-3/f98322f854a21334a75646f84147f7a3/transformed/core-1.10.1 as it is up-to-date.
Transforming core-1.10.1.aar (androidx.core:core:1.10.1) with JetifyTransform
Transforming core-1.10.1.aar (androidx.core:core:1.10.1) with ExtractAarTransform
Transforming core-1.10.1.aar (androidx.core:core:1.10.1) with AarTransform
Transforming lifecycle-runtime-2.6.2.aar (androidx.lifecycle:lifecycle-runtime:2.6.2) with JetifyTransform
Caching disabled for JetifyTransform: /data/data/com.termux/files/home/.gradle/caches/modules-2/files-2.1/androidx.lifecycle/lifecycle-runtime/2.6.2/f0ef27053faa89b3ec06c4f118cea0a15edde35b/lifecycle-runtime-2.6.2.aar because:
  Build cache is disabled
Skipping JetifyTransform: /data/data/com.termux/files/home/.gradle/caches/modules-2/files-2.1/androidx.lifecycle/lifecycle-runtime/2.6.2/f0ef27053faa89b3ec06c4f118cea0a15edde35b/lifecycle-runtime-2.6.2.aar as it is up-to-date.
Transforming lifecycle-runtime-2.6.2.aar (androidx.lifecycle:lifecycle-runtime:2.6.2) with ExtractAarTransform
Caching disabled for ExtractAarTransform: /data/data/com.termux/files/home/.gradle/caches/modules-2/files-2.1/androidx.lifecycle/lifecycle-runtime/2.6.2/f0ef27053faa89b3ec06c4f118cea0a15edde35b/lifecycle-runtime-2.6.2.aar because:
  Build cache is disabled
Skipping ExtractAarTransform: /data/data/com.termux/files/home/.gradle/caches/modules-2/files-2.1/androidx.lifecycle/lifecycle-runtime/2.6.2/f0ef27053faa89b3ec06c4f118cea0a15edde35b/lifecycle-runtime-2.6.2.aar as it is up-to-date.
Transforming lifecycle-runtime-2.6.2.aar (androidx.lifecycle:lifecycle-runtime:2.6.2) with AarTransform
Caching disabled for AarTransform: /data/data/com.termux/files/home/.gradle/caches/transforms-3/45e5ec749886c5d2d933e20639dbff1b/transformed/lifecycle-runtime-2.6.2 because:
  Build cache is disabled
Skipping AarTransform: /data/data/com.termux/files/home/.gradle/caches/transforms-3/45e5ec749886c5d2d933e20639dbff1b/transformed/lifecycle-runtime-2.6.2 as it is up-to-date.
Transforming lifecycle-viewmodel-2.6.2.aar (androidx.lifecycle:lifecycle-viewmodel:2.6.2) with JetifyTransform
Caching disabled for JetifyTransform: /data/data/com.termux/files/home/.gradle/caches/modules-2/files-2.1/androidx.lifecycle/lifecycle-viewmodel/2.6.2/fa35bfdbbe0e7df1573e377cbdd15de35176141d/lifecycle-viewmodel-2.6.2.aar because:
  Build cache is disabled
Skipping JetifyTransform: /data/data/com.termux/files/home/.gradle/caches/modules-2/files-2.1/androidx.lifecycle/lifecycle-viewmodel/2.6.2/fa35bfdbbe0e7df1573e377cbdd15de35176141d/lifecycle-viewmodel-2.6.2.aar as it is up-to-date.
Transforming lifecycle-viewmodel-2.6.2.aar (androidx.lifecycle:lifecycle-viewmodel:2.6.2) with ExtractAarTransform
Caching disabled for ExtractAarTransform: /data/data/com.termux/files/home/.gradle/caches/modules-2/files-2.1/androidx.lifecycle/lifecycle-viewmodel/2.6.2/fa35bfdbbe0e7df1573e377cbdd15de35176141d/lifecycle-viewmodel-2.6.2.aar because:
  Build cache is disabled
Skipping ExtractAarTransform: /data/data/com.termux/files/home/.gradle/caches/modules-2/files-2.1/androidx.lifecycle/lifecycle-viewmodel/2.6.2/fa35bfdbbe0e7df1573e377cbdd15de35176141d/lifecycle-viewmodel-2.6.2.aar as it is up-to-date.
Transforming lifecycle-viewmodel-2.6.2.aar (androidx.lifecycle:lifecycle-viewmodel:2.6.2) with AarTransform
Caching disabled for AarTransform: /data/data/com.termux/files/home/.gradle/caches/transforms-3/41876dbb9859fba32288f26e638ee925/transformed/lifecycle-viewmodel-2.6.2 because:
  Build cache is disabled
Skipping AarTransform: /data/data/com.termux/files/home/.gradle/caches/transforms-3/41876dbb9859fba32288f26e638ee925/transformed/lifecycle-viewmodel-2.6.2 as it is up-to-date.
Transforming lifecycle-viewmodel-2.6.2.aar (androidx.lifecycle:lifecycle-viewmodel:2.6.2) with JetifyTransform
Transforming lifecycle-viewmodel-2.6.2.aar (androidx.lifecycle:lifecycle-viewmodel:2.6.2) with ExtractAarTransform
Transforming lifecycle-viewmodel-2.6.2.aar (androidx.lifecycle:lifecycle-viewmodel:2.6.2) with AarTransform
Transforming lifecycle-runtime-ktx-2.6.2.aar (androidx.lifecycle:lifecycle-runtime-ktx:2.6.2) with JetifyTransform
Caching disabled for JetifyTransform: /data/data/com.termux/files/home/.gradle/caches/modules-2/files-2.1/androidx.lifecycle/lifecycle-runtime-ktx/2.6.2/33decb94ec41360796e2160159bdca7dde688d0f/lifecycle-runtime-ktx-2.6.2.aar because:
  Build cache is disabled
Skipping JetifyTransform: /data/data/com.termux/files/home/.gradle/caches/modules-2/files-2.1/androidx.lifecycle/lifecycle-runtime-ktx/2.6.2/33decb94ec41360796e2160159bdca7dde688d0f/lifecycle-runtime-ktx-2.6.2.aar as it is up-to-date.
Transforming lifecycle-runtime-ktx-2.6.2.aar (androidx.lifecycle:lifecycle-runtime-ktx:2.6.2) with ExtractAarTransform
Caching disabled for ExtractAarTransform: /data/data/com.termux/files/home/.gradle/caches/transforms-3/bbbc78e640f88e43cf7d0cf57aae3d9a/transformed/jetified-lifecycle-runtime-ktx-2.6.2.aar because:
  Build cache is disabled
Skipping ExtractAarTransform: /data/data/com.termux/files/home/.gradle/caches/transforms-3/bbbc78e640f88e43cf7d0cf57aae3d9a/transformed/jetified-lifecycle-runtime-ktx-2.6.2.aar as it is up-to-date.
Transforming lifecycle-runtime-ktx-2.6.2.aar (androidx.lifecycle:lifecycle-runtime-ktx:2.6.2) with AarTransform
Caching disabled for AarTransform: /data/data/com.termux/files/home/.gradle/caches/transforms-3/5b2253fa9134060446d559f881c2ded0/transformed/jetified-lifecycle-runtime-ktx-2.6.2 because:
  Build cache is disabled
Skipping AarTransform: /data/data/com.termux/files/home/.gradle/caches/transforms-3/5b2253fa9134060446d559f881c2ded0/transformed/jetified-lifecycle-runtime-ktx-2.6.2 as it is up-to-date.
Transforming lifecycle-livedata-ktx-2.6.2.aar (androidx.lifecycle:lifecycle-livedata-ktx:2.6.2) with JetifyTransform
Caching disabled for JetifyTransform: /data/data/com.termux/files/home/.gradle/caches/modules-2/files-2.1/androidx.lifecycle/lifecycle-livedata-ktx/2.6.2/2d07ae27af3340087db93d9ee3c86cfe3fdc2a74/lifecycle-livedata-ktx-2.6.2.aar because:
  Build cache is disabled
Skipping JetifyTransform: /data/data/com.termux/files/home/.gradle/caches/modules-2/files-2.1/androidx.lifecycle/lifecycle-livedata-ktx/2.6.2/2d07ae27af3340087db93d9ee3c86cfe3fdc2a74/lifecycle-livedata-ktx-2.6.2.aar as it is up-to-date.
Transforming lifecycle-livedata-ktx-2.6.2.aar (androidx.lifecycle:lifecycle-livedata-ktx:2.6.2) with ExtractAarTransform
Caching disabled for ExtractAarTransform: /data/data/com.termux/files/home/.gradle/caches/transforms-3/60cc71f8a77beca1a3f42b4a3843f8a9/transformed/jetified-lifecycle-livedata-ktx-2.6.2.aar because:
  Build cache is disabled
Skipping ExtractAarTransform: /data/data/com.termux/files/home/.gradle/caches/transforms-3/60cc71f8a77beca1a3f42b4a3843f8a9/transformed/jetified-lifecycle-livedata-ktx-2.6.2.aar as it is up-to-date.
Transforming lifecycle-livedata-ktx-2.6.2.aar (androidx.lifecycle:lifecycle-livedata-ktx:2.6.2) with AarTransform
Caching disabled for AarTransform: /data/data/com.termux/files/home/.gradle/caches/transforms-3/8a19d2b022ce76493028c63176004030/transformed/jetified-lifecycle-livedata-ktx-2.6.2 because:
  Build cache is disabled
Skipping AarTransform: /data/data/com.termux/files/home/.gradle/caches/transforms-3/8a19d2b022ce76493028c63176004030/transformed/jetified-lifecycle-livedata-ktx-2.6.2 as it is up-to-date.
Transforming lifecycle-viewmodel-ktx-2.6.2.aar (androidx.lifecycle:lifecycle-viewmodel-ktx:2.6.2) with JetifyTransform
Caching disabled for JetifyTransform: /data/data/com.termux/files/home/.gradle/caches/modules-2/files-2.1/androidx.lifecycle/lifecycle-viewmodel-ktx/2.6.2/a6214896fba4ed16b44b0c051e6ceea24be554/lifecycle-viewmodel-ktx-2.6.2.aar because:
  Build cache is disabled
Skipping JetifyTransform: /data/data/com.termux/files/home/.gradle/caches/modules-2/files-2.1/androidx.lifecycle/lifecycle-viewmodel-ktx/2.6.2/a6214896fba4ed16b44b0c051e6ceea24be554/lifecycle-viewmodel-ktx-2.6.2.aar as it is up-to-date.
Transforming lifecycle-viewmodel-ktx-2.6.2.aar (androidx.lifecycle:lifecycle-viewmodel-ktx:2.6.2) with ExtractAarTransform
Caching disabled for ExtractAarTransform: /data/data/com.termux/files/home/.gradle/caches/transforms-3/d6cbab9e5c1752c0342ae816f3558131/transformed/jetified-lifecycle-viewmodel-ktx-2.6.2.aar because:
  Build cache is disabled
Skipping ExtractAarTransform: /data/data/com.termux/files/home/.gradle/caches/transforms-3/d6cbab9e5c1752c0342ae816f3558131/transformed/jetified-lifecycle-viewmodel-ktx-2.6.2.aar as it is up-to-date.
Transforming lifecycle-viewmodel-ktx-2.6.2.aar (androidx.lifecycle:lifecycle-viewmodel-ktx:2.6.2) with AarTransform
Caching disabled for AarTransform: /data/data/com.termux/files/home/.gradle/caches/transforms-3/d187e2242b04c94066605bda020f9066/transformed/jetified-lifecycle-viewmodel-ktx-2.6.2 because:
  Build cache is disabled
Skipping AarTransform: /data/data/com.termux/files/home/.gradle/caches/transforms-3/d187e2242b04c94066605bda020f9066/transformed/jetified-lifecycle-viewmodel-ktx-2.6.2 as it is up-to-date.
Transforming room-ktx-2.4.3.aar (androidx.room:room-ktx:2.4.3) with JetifyTransform
Caching disabled for JetifyTransform: /data/data/com.termux/files/home/.gradle/caches/modules-2/files-2.1/androidx.room/room-ktx/2.4.3/6b278cb6c6cd68e10a6771e8f7f0a174f805f90/room-ktx-2.4.3.aar because:
  Build cache is disabled
Skipping JetifyTransform: /data/data/com.termux/files/home/.gradle/caches/modules-2/files-2.1/androidx.room/room-ktx/2.4.3/6b278cb6c6cd68e10a6771e8f7f0a174f805f90/room-ktx-2.4.3.aar as it is up-to-date.
Transforming room-ktx-2.4.3.aar (androidx.room:room-ktx:2.4.3) with ExtractAarTransform
Caching disabled for ExtractAarTransform: /data/data/com.termux/files/home/.gradle/caches/transforms-3/22f63e18d374894e31dd1b9467885216/transformed/jetified-room-ktx-2.4.3.aar because:
  Build cache is disabled
Skipping ExtractAarTransform: /data/data/com.termux/files/home/.gradle/caches/transforms-3/22f63e18d374894e31dd1b9467885216/transformed/jetified-room-ktx-2.4.3.aar as it is up-to-date.
Transforming room-ktx-2.4.3.aar (androidx.room:room-ktx:2.4.3) with AarTransform
Caching disabled for AarTransform: /data/data/com.termux/files/home/.gradle/caches/transforms-3/96622c893ea6bfbcfa0911741a1bb48f/transformed/jetified-room-ktx-2.4.3 because:
  Build cache is disabled
Skipping AarTransform: /data/data/com.termux/files/home/.gradle/caches/transforms-3/96622c893ea6bfbcfa0911741a1bb48f/transformed/jetified-room-ktx-2.4.3 as it is up-to-date.
Transforming datastore-preferences-1.0.0.aar (androidx.datastore:datastore-preferences:1.0.0) with JetifyTransform
Caching disabled for JetifyTransform: /data/data/com.termux/files/home/.gradle/caches/modules-2/files-2.1/androidx.datastore/datastore-preferences/1.0.0/246d3fe6a8fad89cb125347cd3e66c25c09b791d/datastore-preferences-1.0.0.aar because:
  Build cache is disabled
Skipping JetifyTransform: /data/data/com.termux/files/home/.gradle/caches/modules-2/files-2.1/androidx.datastore/datastore-preferences/1.0.0/246d3fe6a8fad89cb125347cd3e66c25c09b791d/datastore-preferences-1.0.0.aar as it is up-to-date.
Transforming datastore-preferences-1.0.0.aar (androidx.datastore:datastore-preferences:1.0.0) with ExtractAarTransform
Caching disabled for ExtractAarTransform: /data/data/com.termux/files/home/.gradle/caches/transforms-3/640a6581bd9d30c410f44c847c3c8984/transformed/jetified-datastore-preferences-1.0.0.aar because:
  Build cache is disabled
Skipping ExtractAarTransform: /data/data/com.termux/files/home/.gradle/caches/transforms-3/640a6581bd9d30c410f44c847c3c8984/transformed/jetified-datastore-preferences-1.0.0.aar as it is up-to-date.
Transforming datastore-preferences-1.0.0.aar (androidx.datastore:datastore-preferences:1.0.0) with AarTransform
Caching disabled for AarTransform: /data/data/com.termux/files/home/.gradle/caches/transforms-3/750c59c520d410fdb6849eb5bd1519f5/transformed/jetified-datastore-preferences-1.0.0 because:
  Build cache is disabled
Skipping AarTransform: /data/data/com.termux/files/home/.gradle/caches/transforms-3/750c59c520d410fdb6849eb5bd1519f5/transformed/jetified-datastore-preferences-1.0.0 as it is up-to-date.
Transforming datastore-1.0.0.aar (androidx.datastore:datastore:1.0.0) with JetifyTransform
Caching disabled for JetifyTransform: /data/data/com.termux/files/home/.gradle/caches/modules-2/files-2.1/androidx.datastore/datastore/1.0.0/3de4862f268c702e0f09e1bc26fa347da3ae33be/datastore-1.0.0.aar because:
  Build cache is disabled
Skipping JetifyTransform: /data/data/com.termux/files/home/.gradle/caches/modules-2/files-2.1/androidx.datastore/datastore/1.0.0/3de4862f268c702e0f09e1bc26fa347da3ae33be/datastore-1.0.0.aar as it is up-to-date.
Transforming datastore-1.0.0.aar (androidx.datastore:datastore:1.0.0) with ExtractAarTransform
Caching disabled for ExtractAarTransform: /data/data/com.termux/files/home/.gradle/caches/transforms-3/8906936f8f0bffa812501946e65b6c6b/transformed/jetified-datastore-1.0.0.aar because:
  Build cache is disabled
Skipping ExtractAarTransform: /data/data/com.termux/files/home/.gradle/caches/transforms-3/8906936f8f0bffa812501946e65b6c6b/transformed/jetified-datastore-1.0.0.aar as it is up-to-date.
Transforming datastore-1.0.0.aar (androidx.datastore:datastore:1.0.0) with AarTransform
Caching disabled for AarTransform: /data/data/com.termux/files/home/.gradle/caches/transforms-3/3e23c074c88f522629451a71783f39f8/transformed/jetified-datastore-1.0.0 because:
  Build cache is disabled
Skipping AarTransform: /data/data/com.termux/files/home/.gradle/caches/transforms-3/3e23c074c88f522629451a71783f39f8/transformed/jetified-datastore-1.0.0 as it is up-to-date.
Transforming room-runtime-2.4.3.aar (androidx.room:room-runtime:2.4.3) with JetifyTransform
Caching disabled for JetifyTransform: /data/data/com.termux/files/home/.gradle/caches/modules-2/files-2.1/androidx.room/room-runtime/2.4.3/9d3aab3deee773dd85b1527b7694b6c25eeb99fd/room-runtime-2.4.3.aar because:
  Build cache is disabled
Skipping JetifyTransform: /data/data/com.termux/files/home/.gradle/caches/modules-2/files-2.1/androidx.room/room-runtime/2.4.3/9d3aab3deee773dd85b1527b7694b6c25eeb99fd/room-runtime-2.4.3.aar as it is up-to-date.
Transforming room-runtime-2.4.3.aar (androidx.room:room-runtime:2.4.3) with ExtractAarTransform
Caching disabled for ExtractAarTransform: /data/data/com.termux/files/home/.gradle/caches/modules-2/files-2.1/androidx.room/room-runtime/2.4.3/9d3aab3deee773dd85b1527b7694b6c25eeb99fd/room-runtime-2.4.3.aar because:
  Build cache is disabled
Skipping ExtractAarTransform: /data/data/com.termux/files/home/.gradle/caches/modules-2/files-2.1/androidx.room/room-runtime/2.4.3/9d3aab3deee773dd85b1527b7694b6c25eeb99fd/room-runtime-2.4.3.aar as it is up-to-date.
Transforming room-runtime-2.4.3.aar (androidx.room:room-runtime:2.4.3) with AarTransform
Caching disabled for AarTransform: /data/data/com.termux/files/home/.gradle/caches/transforms-3/c4f53ced34abcde42b636439be4ba6e8/transformed/room-runtime-2.4.3 because:
  Build cache is disabled
Skipping AarTransform: /data/data/com.termux/files/home/.gradle/caches/transforms-3/c4f53ced34abcde42b636439be4ba6e8/transformed/room-runtime-2.4.3 as it is up-to-date.
Transforming annotation-experimental-1.3.0.aar (androidx.annotation:annotation-experimental:1.3.0) with JetifyTransform
Caching disabled for JetifyTransform: /data/data/com.termux/files/home/.gradle/caches/modules-2/files-2.1/androidx.annotation/annotation-experimental/1.3.0/5087c6f545117dcd474e69e1a93cacec9d7334af/annotation-experimental-1.3.0.aar because:
  Build cache is disabled
Skipping JetifyTransform: /data/data/com.termux/files/home/.gradle/caches/modules-2/files-2.1/androidx.annotation/annotation-experimental/1.3.0/5087c6f545117dcd474e69e1a93cacec9d7334af/annotation-experimental-1.3.0.aar as it is up-to-date.
Transforming annotation-experimental-1.3.0.aar (androidx.annotation:annotation-experimental:1.3.0) with ExtractAarTransform
Caching disabled for ExtractAarTransform: /data/data/com.termux/files/home/.gradle/caches/transforms-3/7629f824d5fff67d4e41fb24069417bf/transformed/jetified-annotation-experimental-1.3.0.aar because:
  Build cache is disabled
Skipping ExtractAarTransform: /data/data/com.termux/files/home/.gradle/caches/transforms-3/7629f824d5fff67d4e41fb24069417bf/transformed/jetified-annotation-experimental-1.3.0.aar as it is up-to-date.
Transforming annotation-experimental-1.3.0.aar (androidx.annotation:annotation-experimental:1.3.0) with AarTransform
Caching disabled for AarTransform: /data/data/com.termux/files/home/.gradle/caches/transforms-3/6ed7e7aef34a682fae993460dea7ece6/transformed/jetified-annotation-experimental-1.3.0 because:
  Build cache is disabled
Skipping AarTransform: /data/data/com.termux/files/home/.gradle/caches/transforms-3/6ed7e7aef34a682fae993460dea7ece6/transformed/jetified-annotation-experimental-1.3.0 as it is up-to-date.
Transforming cursoradapter-1.0.0.aar (androidx.cursoradapter:cursoradapter:1.0.0) with JetifyTransform
Caching disabled for JetifyTransform: /data/data/com.termux/files/home/.gradle/caches/modules-2/files-2.1/androidx.cursoradapter/cursoradapter/1.0.0/74014983a86b83cbce534dec4e7aa9312f5f5d82/cursoradapter-1.0.0.aar because:
  Build cache is disabled
Skipping JetifyTransform: /data/data/com.termux/files/home/.gradle/caches/modules-2/files-2.1/androidx.cursoradapter/cursoradapter/1.0.0/74014983a86b83cbce534dec4e7aa9312f5f5d82/cursoradapter-1.0.0.aar as it is up-to-date.
Transforming cursoradapter-1.0.0.aar (androidx.cursoradapter:cursoradapter:1.0.0) with ExtractAarTransform
Caching disabled for ExtractAarTransform: /data/data/com.termux/files/home/.gradle/caches/modules-2/files-2.1/androidx.cursoradapter/cursoradapter/1.0.0/74014983a86b83cbce534dec4e7aa9312f5f5d82/cursoradapter-1.0.0.aar because:
  Build cache is disabled
Skipping ExtractAarTransform: /data/data/com.termux/files/home/.gradle/caches/modules-2/files-2.1/androidx.cursoradapter/cursoradapter/1.0.0/74014983a86b83cbce534dec4e7aa9312f5f5d82/cursoradapter-1.0.0.aar as it is up-to-date.
Transforming cursoradapter-1.0.0.aar (androidx.cursoradapter:cursoradapter:1.0.0) with AarTransform
Caching disabled for AarTransform: /data/data/com.termux/files/home/.gradle/caches/transforms-3/53f7a9e18ed75d00a48ebd4b2aa0fee9/transformed/cursoradapter-1.0.0 because:
  Build cache is disabled
Skipping AarTransform: /data/data/com.termux/files/home/.gradle/caches/transforms-3/53f7a9e18ed75d00a48ebd4b2aa0fee9/transformed/cursoradapter-1.0.0 as it is up-to-date.
Transforming cardview-1.0.0.aar (androidx.cardview:cardview:1.0.0) with JetifyTransform
Caching disabled for JetifyTransform: /data/data/com.termux/files/home/.gradle/caches/modules-2/files-2.1/androidx.cardview/cardview/1.0.0/158dbc2e2bc502815821191b04446b8f663c1874/cardview-1.0.0.aar because:
  Build cache is disabled
Skipping JetifyTransform: /data/data/com.termux/files/home/.gradle/caches/modules-2/files-2.1/androidx.cardview/cardview/1.0.0/158dbc2e2bc502815821191b04446b8f663c1874/cardview-1.0.0.aar as it is up-to-date.
Transforming cardview-1.0.0.aar (androidx.cardview:cardview:1.0.0) with ExtractAarTransform
Caching disabled for ExtractAarTransform: /data/data/com.termux/files/home/.gradle/caches/modules-2/files-2.1/androidx.cardview/cardview/1.0.0/158dbc2e2bc502815821191b04446b8f663c1874/cardview-1.0.0.aar because:
  Build cache is disabled
Skipping ExtractAarTransform: /data/data/com.termux/files/home/.gradle/caches/modules-2/files-2.1/androidx.cardview/cardview/1.0.0/158dbc2e2bc502815821191b04446b8f663c1874/cardview-1.0.0.aar as it is up-to-date.
Transforming cardview-1.0.0.aar (androidx.cardview:cardview:1.0.0) with AarTransform
Caching disabled for AarTransform: /data/data/com.termux/files/home/.gradle/caches/transforms-3/ea9254c73b7d115f74bf837e2c972435/transformed/cardview-1.0.0 because:
  Build cache is disabled
Skipping AarTransform: /data/data/com.termux/files/home/.gradle/caches/transforms-3/ea9254c73b7d115f74bf837e2c972435/transformed/cardview-1.0.0 as it is up-to-date.
Transforming sqlite-framework-2.2.0.aar (androidx.sqlite:sqlite-framework:2.2.0) with JetifyTransform
Caching disabled for JetifyTransform: /data/data/com.termux/files/home/.gradle/caches/modules-2/files-2.1/androidx.sqlite/sqlite-framework/2.2.0/d03400d2f8c716916ed4126ec9e52bdf1495c718/sqlite-framework-2.2.0.aar because:
  Build cache is disabled
Skipping JetifyTransform: /data/data/com.termux/files/home/.gradle/caches/modules-2/files-2.1/androidx.sqlite/sqlite-framework/2.2.0/d03400d2f8c716916ed4126ec9e52bdf1495c718/sqlite-framework-2.2.0.aar as it is up-to-date.
Transforming sqlite-framework-2.2.0.aar (androidx.sqlite:sqlite-framework:2.2.0) with ExtractAarTransform
Caching disabled for ExtractAarTransform: /data/data/com.termux/files/home/.gradle/caches/modules-2/files-2.1/androidx.sqlite/sqlite-framework/2.2.0/d03400d2f8c716916ed4126ec9e52bdf1495c718/sqlite-framework-2.2.0.aar because:
  Build cache is disabled
Skipping ExtractAarTransform: /data/data/com.termux/files/home/.gradle/caches/modules-2/files-2.1/androidx.sqlite/sqlite-framework/2.2.0/d03400d2f8c716916ed4126ec9e52bdf1495c718/sqlite-framework-2.2.0.aar as it is up-to-date.
Transforming sqlite-framework-2.2.0.aar (androidx.sqlite:sqlite-framework:2.2.0) with AarTransform
Caching disabled for AarTransform: /data/data/com.termux/files/home/.gradle/caches/transforms-3/0163d7b5f8701603a522e5edb1be70bc/transformed/sqlite-framework-2.2.0 because:
  Build cache is disabled
Skipping AarTransform: /data/data/com.termux/files/home/.gradle/caches/transforms-3/0163d7b5f8701603a522e5edb1be70bc/transformed/sqlite-framework-2.2.0 as it is up-to-date.
Transforming sqlite-2.2.0.aar (androidx.sqlite:sqlite:2.2.0) with JetifyTransform
Caching disabled for JetifyTransform: /data/data/com.termux/files/home/.gradle/caches/modules-2/files-2.1/androidx.sqlite/sqlite/2.2.0/3d24be753f378218a13833c0f29979f1cbe5de7b/sqlite-2.2.0.aar because:
  Build cache is disabled
Skipping JetifyTransform: /data/data/com.termux/files/home/.gradle/caches/modules-2/files-2.1/androidx.sqlite/sqlite/2.2.0/3d24be753f378218a13833c0f29979f1cbe5de7b/sqlite-2.2.0.aar as it is up-to-date.
Transforming sqlite-2.2.0.aar (androidx.sqlite:sqlite:2.2.0) with ExtractAarTransform
Caching disabled for ExtractAarTransform: /data/data/com.termux/files/home/.gradle/caches/modules-2/files-2.1/androidx.sqlite/sqlite/2.2.0/3d24be753f378218a13833c0f29979f1cbe5de7b/sqlite-2.2.0.aar because:
  Build cache is disabled
Skipping ExtractAarTransform: /data/data/com.termux/files/home/.gradle/caches/modules-2/files-2.1/androidx.sqlite/sqlite/2.2.0/3d24be753f378218a13833c0f29979f1cbe5de7b/sqlite-2.2.0.aar as it is up-to-date.
Transforming sqlite-2.2.0.aar (androidx.sqlite:sqlite:2.2.0) with AarTransform
Caching disabled for AarTransform: /data/data/com.termux/files/home/.gradle/caches/transforms-3/41b0136542f49d892cfea906fcd6d7e6/transformed/sqlite-2.2.0 because:
  Build cache is disabled
Skipping AarTransform: /data/data/com.termux/files/home/.gradle/caches/transforms-3/41b0136542f49d892cfea906fcd6d7e6/transformed/sqlite-2.2.0 as it is up-to-date.
Transforming interpolator-1.0.0.aar (androidx.interpolator:interpolator:1.0.0) with JetifyTransform
Caching disabled for JetifyTransform: /data/data/com.termux/files/home/.gradle/caches/modules-2/files-2.1/androidx.interpolator/interpolator/1.0.0/8a01fa254a23b9388571eb6334b03707c7d122d7/interpolator-1.0.0.aar because:
  Build cache is disabled
Skipping JetifyTransform: /data/data/com.termux/files/home/.gradle/caches/modules-2/files-2.1/androidx.interpolator/interpolator/1.0.0/8a01fa254a23b9388571eb6334b03707c7d122d7/interpolator-1.0.0.aar as it is up-to-date.
Transforming interpolator-1.0.0.aar (androidx.interpolator:interpolator:1.0.0) with ExtractAarTransform
Caching disabled for ExtractAarTransform: /data/data/com.termux/files/home/.gradle/caches/modules-2/files-2.1/androidx.interpolator/interpolator/1.0.0/8a01fa254a23b9388571eb6334b03707c7d122d7/interpolator-1.0.0.aar because:
  Build cache is disabled
Skipping ExtractAarTransform: /data/data/com.termux/files/home/.gradle/caches/modules-2/files-2.1/androidx.interpolator/interpolator/1.0.0/8a01fa254a23b9388571eb6334b03707c7d122d7/interpolator-1.0.0.aar as it is up-to-date.
Transforming interpolator-1.0.0.aar (androidx.interpolator:interpolator:1.0.0) with AarTransform
Caching disabled for AarTransform: /data/data/com.termux/files/home/.gradle/caches/transforms-3/f6a000f5b02df722ae11ca253b08de68/transformed/interpolator-1.0.0 because:
  Build cache is disabled
Skipping AarTransform: /data/data/com.termux/files/home/.gradle/caches/transforms-3/f6a000f5b02df722ae11ca253b08de68/transformed/interpolator-1.0.0 as it is up-to-date.
Transforming interpolator-1.0.0.aar (androidx.interpolator:interpolator:1.0.0) with JetifyTransform
Transforming interpolator-1.0.0.aar (androidx.interpolator:interpolator:1.0.0) with ExtractAarTransform
Transforming interpolator-1.0.0.aar (androidx.interpolator:interpolator:1.0.0) with AarTransform
Transforming versionedparcelable-1.1.1.aar (androidx.versionedparcelable:versionedparcelable:1.1.1) with JetifyTransform
Caching disabled for JetifyTransform: /data/data/com.termux/files/home/.gradle/caches/modules-2/files-2.1/androidx.versionedparcelable/versionedparcelable/1.1.1/18e18071e7715679e0593c570217edeb5ca48b9e/versionedparcelable-1.1.1.aar because:
  Build cache is disabled
Skipping JetifyTransform: /data/data/com.termux/files/home/.gradle/caches/modules-2/files-2.1/androidx.versionedparcelable/versionedparcelable/1.1.1/18e18071e7715679e0593c570217edeb5ca48b9e/versionedparcelable-1.1.1.aar as it is up-to-date.
Transforming versionedparcelable-1.1.1.aar (androidx.versionedparcelable:versionedparcelable:1.1.1) with ExtractAarTransform
Caching disabled for ExtractAarTransform: /data/data/com.termux/files/home/.gradle/caches/modules-2/files-2.1/androidx.versionedparcelable/versionedparcelable/1.1.1/18e18071e7715679e0593c570217edeb5ca48b9e/versionedparcelable-1.1.1.aar because:
  Build cache is disabled
Skipping ExtractAarTransform: /data/data/com.termux/files/home/.gradle/caches/modules-2/files-2.1/androidx.versionedparcelable/versionedparcelable/1.1.1/18e18071e7715679e0593c570217edeb5ca48b9e/versionedparcelable-1.1.1.aar as it is up-to-date.
Transforming versionedparcelable-1.1.1.aar (androidx.versionedparcelable:versionedparcelable:1.1.1) with AarTransform
Caching disabled for AarTransform: /data/data/com.termux/files/home/.gradle/caches/transforms-3/3da46d920d7ebc303d395ce5c75d83ec/transformed/versionedparcelable-1.1.1 because:
  Build cache is disabled
Skipping AarTransform: /data/data/com.termux/files/home/.gradle/caches/transforms-3/3da46d920d7ebc303d395ce5c75d83ec/transformed/versionedparcelable-1.1.1 as it is up-to-date.
Transforming profileinstaller-1.3.0.aar (androidx.profileinstaller:profileinstaller:1.3.0) with JetifyTransform
Caching disabled for JetifyTransform: /data/data/com.termux/files/home/.gradle/caches/modules-2/files-2.1/androidx.profileinstaller/profileinstaller/1.3.0/624641814089cd7bebf427aafa68ac089fb38261/profileinstaller-1.3.0.aar because:
  Build cache is disabled
Skipping JetifyTransform: /data/data/com.termux/files/home/.gradle/caches/modules-2/files-2.1/androidx.profileinstaller/profileinstaller/1.3.0/624641814089cd7bebf427aafa68ac089fb38261/profileinstaller-1.3.0.aar as it is up-to-date.
Transforming profileinstaller-1.3.0.aar (androidx.profileinstaller:profileinstaller:1.3.0) with ExtractAarTransform
Caching disabled for ExtractAarTransform: /data/data/com.termux/files/home/.gradle/caches/transforms-3/36dabc70788e89667071083eccf05cc2/transformed/jetified-profileinstaller-1.3.0.aar because:
  Build cache is disabled
Skipping ExtractAarTransform: /data/data/com.termux/files/home/.gradle/caches/transforms-3/36dabc70788e89667071083eccf05cc2/transformed/jetified-profileinstaller-1.3.0.aar as it is up-to-date.
Transforming profileinstaller-1.3.0.aar (androidx.profileinstaller:profileinstaller:1.3.0) with AarTransform
Caching disabled for AarTransform: /data/data/com.termux/files/home/.gradle/caches/transforms-3/022489f8d1b26983c75350da1fe292c0/transformed/jetified-profileinstaller-1.3.0 because:
  Build cache is disabled
Skipping AarTransform: /data/data/com.termux/files/home/.gradle/caches/transforms-3/022489f8d1b26983c75350da1fe292c0/transformed/jetified-profileinstaller-1.3.0 as it is up-to-date.
Transforming startup-runtime-1.1.1.aar (androidx.startup:startup-runtime:1.1.1) with JetifyTransform
Caching disabled for JetifyTransform: /data/data/com.termux/files/home/.gradle/caches/modules-2/files-2.1/androidx.startup/startup-runtime/1.1.1/9d4ba67056aff98b69eadc1477c19a1e67cb9470/startup-runtime-1.1.1.aar because:
  Build cache is disabled
Skipping JetifyTransform: /data/data/com.termux/files/home/.gradle/caches/modules-2/files-2.1/androidx.startup/startup-runtime/1.1.1/9d4ba67056aff98b69eadc1477c19a1e67cb9470/startup-runtime-1.1.1.aar as it is up-to-date.
Transforming startup-runtime-1.1.1.aar (androidx.startup:startup-runtime:1.1.1) with ExtractAarTransform
Caching disabled for ExtractAarTransform: /data/data/com.termux/files/home/.gradle/caches/transforms-3/cd22e062d59c012e669cb72178b98412/transformed/jetified-startup-runtime-1.1.1.aar because:
  Build cache is disabled
Skipping ExtractAarTransform: /data/data/com.termux/files/home/.gradle/caches/transforms-3/cd22e062d59c012e669cb72178b98412/transformed/jetified-startup-runtime-1.1.1.aar as it is up-to-date.
Transforming startup-runtime-1.1.1.aar (androidx.startup:startup-runtime:1.1.1) with AarTransform
Caching disabled for AarTransform: /data/data/com.termux/files/home/.gradle/caches/transforms-3/342dd7a070826fded9552877571d0840/transformed/jetified-startup-runtime-1.1.1 because:
  Build cache is disabled
Skipping AarTransform: /data/data/com.termux/files/home/.gradle/caches/transforms-3/342dd7a070826fded9552877571d0840/transformed/jetified-startup-runtime-1.1.1 as it is up-to-date.
Transforming tracing-1.0.0.aar (androidx.tracing:tracing:1.0.0) with JetifyTransform
Caching disabled for JetifyTransform: /data/data/com.termux/files/home/.gradle/caches/modules-2/files-2.1/androidx.tracing/tracing/1.0.0/69cef34711dffbc517e7a0a419ec4a98f84f496a/tracing-1.0.0.aar because:
  Build cache is disabled
Skipping JetifyTransform: /data/data/com.termux/files/home/.gradle/caches/modules-2/files-2.1/androidx.tracing/tracing/1.0.0/69cef34711dffbc517e7a0a419ec4a98f84f496a/tracing-1.0.0.aar as it is up-to-date.
Transforming tracing-1.0.0.aar (androidx.tracing:tracing:1.0.0) with ExtractAarTransform
Caching disabled for ExtractAarTransform: /data/data/com.termux/files/home/.gradle/caches/transforms-3/3d9e37cb025b9547eedba34dfaae5d8c/transformed/jetified-tracing-1.0.0.aar because:
  Build cache is disabled
Skipping ExtractAarTransform: /data/data/com.termux/files/home/.gradle/caches/transforms-3/3d9e37cb025b9547eedba34dfaae5d8c/transformed/jetified-tracing-1.0.0.aar as it is up-to-date.
Transforming tracing-1.0.0.aar (androidx.tracing:tracing:1.0.0) with AarTransform
Caching disabled for AarTransform: /data/data/com.termux/files/home/.gradle/caches/transforms-3/6fc182472c996f0d22fe5b2c284717c9/transformed/jetified-tracing-1.0.0 because:
  Build cache is disabled
Skipping AarTransform: /data/data/com.termux/files/home/.gradle/caches/transforms-3/6fc182472c996f0d22fe5b2c284717c9/transformed/jetified-tracing-1.0.0 as it is up-to-date.
Transforming core-runtime-2.2.0.aar (androidx.arch.core:core-runtime:2.2.0) with JetifyTransform
Caching disabled for JetifyTransform: /data/data/com.termux/files/home/.gradle/caches/modules-2/files-2.1/androidx.arch.core/core-runtime/2.2.0/39705982680d78556b679ef9d5400d4f17509b0b/core-runtime-2.2.0.aar because:
  Build cache is disabled
Skipping JetifyTransform: /data/data/com.termux/files/home/.gradle/caches/modules-2/files-2.1/androidx.arch.core/core-runtime/2.2.0/39705982680d78556b679ef9d5400d4f17509b0b/core-runtime-2.2.0.aar as it is up-to-date.
Transforming core-runtime-2.2.0.aar (androidx.arch.core:core-runtime:2.2.0) with ExtractAarTransform
Caching disabled for ExtractAarTransform: /data/data/com.termux/files/home/.gradle/caches/modules-2/files-2.1/androidx.arch.core/core-runtime/2.2.0/39705982680d78556b679ef9d5400d4f17509b0b/core-runtime-2.2.0.aar because:
  Build cache is disabled
Skipping ExtractAarTransform: /data/data/com.termux/files/home/.gradle/caches/modules-2/files-2.1/androidx.arch.core/core-runtime/2.2.0/39705982680d78556b679ef9d5400d4f17509b0b/core-runtime-2.2.0.aar as it is up-to-date.
Transforming core-runtime-2.2.0.aar (androidx.arch.core:core-runtime:2.2.0) with AarTransform
Caching disabled for AarTransform: /data/data/com.termux/files/home/.gradle/caches/transforms-3/eedc656d7d1896c186892971d489b41d/transformed/core-runtime-2.2.0 because:
  Build cache is disabled
Skipping AarTransform: /data/data/com.termux/files/home/.gradle/caches/transforms-3/eedc656d7d1896c186892971d489b41d/transformed/core-runtime-2.2.0 as it is up-to-date.
Transforming documentfile-1.0.0.aar (androidx.documentfile:documentfile:1.0.0) with JetifyTransform
Caching disabled for JetifyTransform: /data/data/com.termux/files/home/.gradle/caches/modules-2/files-2.1/androidx.documentfile/documentfile/1.0.0/66104345c90cd8c2fd5ad2d3aad692b280e10c32/documentfile-1.0.0.aar because:
  Build cache is disabled
Skipping JetifyTransform: /data/data/com.termux/files/home/.gradle/caches/modules-2/files-2.1/androidx.documentfile/documentfile/1.0.0/66104345c90cd8c2fd5ad2d3aad692b280e10c32/documentfile-1.0.0.aar as it is up-to-date.
Transforming documentfile-1.0.0.aar (androidx.documentfile:documentfile:1.0.0) with ExtractAarTransform
Caching disabled for ExtractAarTransform: /data/data/com.termux/files/home/.gradle/caches/modules-2/files-2.1/androidx.documentfile/documentfile/1.0.0/66104345c90cd8c2fd5ad2d3aad692b280e10c32/documentfile-1.0.0.aar because:
  Build cache is disabled
Skipping ExtractAarTransform: /data/data/com.termux/files/home/.gradle/caches/modules-2/files-2.1/androidx.documentfile/documentfile/1.0.0/66104345c90cd8c2fd5ad2d3aad692b280e10c32/documentfile-1.0.0.aar as it is up-to-date.
Transforming documentfile-1.0.0.aar (androidx.documentfile:documentfile:1.0.0) with AarTransform
Caching disabled for AarTransform: /data/data/com.termux/files/home/.gradle/caches/transforms-3/d5ebe4106467838f9c868968c4dd1481/transformed/documentfile-1.0.0 because:
  Build cache is disabled
Skipping AarTransform: /data/data/com.termux/files/home/.gradle/caches/transforms-3/d5ebe4106467838f9c868968c4dd1481/transformed/documentfile-1.0.0 as it is up-to-date.
Transforming localbroadcastmanager-1.0.0.aar (androidx.localbroadcastmanager:localbroadcastmanager:1.0.0) with JetifyTransform
Caching disabled for JetifyTransform: /data/data/com.termux/files/home/.gradle/caches/modules-2/files-2.1/androidx.localbroadcastmanager/localbroadcastmanager/1.0.0/2734f31c8321e83ce6b60570d14777fc33cc2ece/localbroadcastmanager-1.0.0.aar because:
  Build cache is disabled
Skipping JetifyTransform: /data/data/com.termux/files/home/.gradle/caches/modules-2/files-2.1/androidx.localbroadcastmanager/localbroadcastmanager/1.0.0/2734f31c8321e83ce6b60570d14777fc33cc2ece/localbroadcastmanager-1.0.0.aar as it is up-to-date.
Transforming localbroadcastmanager-1.0.0.aar (androidx.localbroadcastmanager:localbroadcastmanager:1.0.0) with ExtractAarTransform
Caching disabled for ExtractAarTransform: /data/data/com.termux/files/home/.gradle/caches/modules-2/files-2.1/androidx.localbroadcastmanager/localbroadcastmanager/1.0.0/2734f31c8321e83ce6b60570d14777fc33cc2ece/localbroadcastmanager-1.0.0.aar because:
  Build cache is disabled
Skipping ExtractAarTransform: /data/data/com.termux/files/home/.gradle/caches/modules-2/files-2.1/androidx.localbroadcastmanager/localbroadcastmanager/1.0.0/2734f31c8321e83ce6b60570d14777fc33cc2ece/localbroadcastmanager-1.0.0.aar as it is up-to-date.
Transforming localbroadcastmanager-1.0.0.aar (androidx.localbroadcastmanager:localbroadcastmanager:1.0.0) with AarTransform
Caching disabled for AarTransform: /data/data/com.termux/files/home/.gradle/caches/transforms-3/c6c377add57629ccb71f1fcb0c4ed27d/transformed/localbroadcastmanager-1.0.0 because:
  Build cache is disabled
Skipping AarTransform: /data/data/com.termux/files/home/.gradle/caches/transforms-3/c6c377add57629ccb71f1fcb0c4ed27d/transformed/localbroadcastmanager-1.0.0 as it is up-to-date.
Transforming print-1.0.0.aar (androidx.print:print:1.0.0) with JetifyTransform
Caching disabled for JetifyTransform: /data/data/com.termux/files/home/.gradle/caches/modules-2/files-2.1/androidx.print/print/1.0.0/7722094652c48ebe27acc94d74a55e759e4635ff/print-1.0.0.aar because:
  Build cache is disabled
Skipping JetifyTransform: /data/data/com.termux/files/home/.gradle/caches/modules-2/files-2.1/androidx.print/print/1.0.0/7722094652c48ebe27acc94d74a55e759e4635ff/print-1.0.0.aar as it is up-to-date.
Transforming print-1.0.0.aar (androidx.print:print:1.0.0) with ExtractAarTransform
Caching disabled for ExtractAarTransform: /data/data/com.termux/files/home/.gradle/caches/modules-2/files-2.1/androidx.print/print/1.0.0/7722094652c48ebe27acc94d74a55e759e4635ff/print-1.0.0.aar because:
  Build cache is disabled
Skipping ExtractAarTransform: /data/data/com.termux/files/home/.gradle/caches/modules-2/files-2.1/androidx.print/print/1.0.0/7722094652c48ebe27acc94d74a55e759e4635ff/print-1.0.0.aar as it is up-to-date.
Transforming print-1.0.0.aar (androidx.print:print:1.0.0) with AarTransform
Caching disabled for AarTransform: /data/data/com.termux/files/home/.gradle/caches/transforms-3/72d000d98a60f3407ebe82bf5dc3e646/transformed/print-1.0.0 because:
  Build cache is disabled
Skipping AarTransform: /data/data/com.termux/files/home/.gradle/caches/transforms-3/72d000d98a60f3407ebe82bf5dc3e646/transformed/print-1.0.0 as it is up-to-date.
Transforming navigation-fragment-ktx-2.5.3.aar (androidx.navigation:navigation-fragment-ktx:2.5.3) with JetifyTransform
Caching disabled for JetifyTransform: /data/data/com.termux/files/home/.gradle/caches/modules-2/files-2.1/androidx.navigation/navigation-fragment-ktx/2.5.3/e68ba6b9590d48c34f7dacc3fbf22bd0a68b9093/navigation-fragment-ktx-2.5.3.aar because:
  Build cache is disabled
Skipping JetifyTransform: /data/data/com.termux/files/home/.gradle/caches/modules-2/files-2.1/androidx.navigation/navigation-fragment-ktx/2.5.3/e68ba6b9590d48c34f7dacc3fbf22bd0a68b9093/navigation-fragment-ktx-2.5.3.aar as it is up-to-date.
Transforming navigation-fragment-ktx-2.5.3.aar (androidx.navigation:navigation-fragment-ktx:2.5.3) with ExtractAarTransform
Caching disabled for ExtractAarTransform: /data/data/com.termux/files/home/.gradle/caches/modules-2/files-2.1/androidx.navigation/navigation-fragment-ktx/2.5.3/e68ba6b9590d48c34f7dacc3fbf22bd0a68b9093/navigation-fragment-ktx-2.5.3.aar because:
  Build cache is disabled
Skipping ExtractAarTransform: /data/data/com.termux/files/home/.gradle/caches/modules-2/files-2.1/androidx.navigation/navigation-fragment-ktx/2.5.3/e68ba6b9590d48c34f7dacc3fbf22bd0a68b9093/navigation-fragment-ktx-2.5.3.aar as it is up-to-date.
Transforming navigation-fragment-ktx-2.5.3.aar (androidx.navigation:navigation-fragment-ktx:2.5.3) with AarTransform
Caching disabled for AarTransform: /data/data/com.termux/files/home/.gradle/caches/transforms-3/4feb2c3076d22f4a97c17ac53ecb2030/transformed/navigation-fragment-ktx-2.5.3 because:
  Build cache is disabled
Skipping AarTransform: /data/data/com.termux/files/home/.gradle/caches/transforms-3/4feb2c3076d22f4a97c17ac53ecb2030/transformed/navigation-fragment-ktx-2.5.3 as it is up-to-date.
Transforming navigation-ui-ktx-2.5.3.aar (androidx.navigation:navigation-ui-ktx:2.5.3) with JetifyTransform
Caching disabled for JetifyTransform: /data/data/com.termux/files/home/.gradle/caches/modules-2/files-2.1/androidx.navigation/navigation-ui-ktx/2.5.3/b3c1b4e29da3cc817eeb630aeac21c3943735b2/navigation-ui-ktx-2.5.3.aar because:
  Build cache is disabled
Skipping JetifyTransform: /data/data/com.termux/files/home/.gradle/caches/modules-2/files-2.1/androidx.navigation/navigation-ui-ktx/2.5.3/b3c1b4e29da3cc817eeb630aeac21c3943735b2/navigation-ui-ktx-2.5.3.aar as it is up-to-date.
Transforming navigation-ui-ktx-2.5.3.aar (androidx.navigation:navigation-ui-ktx:2.5.3) with ExtractAarTransform
Caching disabled for ExtractAarTransform: /data/data/com.termux/files/home/.gradle/caches/modules-2/files-2.1/androidx.navigation/navigation-ui-ktx/2.5.3/b3c1b4e29da3cc817eeb630aeac21c3943735b2/navigation-ui-ktx-2.5.3.aar because:
  Build cache is disabled
Skipping ExtractAarTransform: /data/data/com.termux/files/home/.gradle/caches/modules-2/files-2.1/androidx.navigation/navigation-ui-ktx/2.5.3/b3c1b4e29da3cc817eeb630aeac21c3943735b2/navigation-ui-ktx-2.5.3.aar as it is up-to-date.
Transforming navigation-ui-ktx-2.5.3.aar (androidx.navigation:navigation-ui-ktx:2.5.3) with AarTransform
Caching disabled for AarTransform: /data/data/com.termux/files/home/.gradle/caches/transforms-3/29297dc260ef1e14d03ecbed728f7a94/transformed/navigation-ui-ktx-2.5.3 because:
  Build cache is disabled
Skipping AarTransform: /data/data/com.termux/files/home/.gradle/caches/transforms-3/29297dc260ef1e14d03ecbed728f7a94/transformed/navigation-ui-ktx-2.5.3 as it is up-to-date.
Transforming material-1.10.0.aar (com.google.android.material:material:1.10.0) with JetifyTransform
Caching disabled for JetifyTransform: /data/data/com.termux/files/home/.gradle/caches/modules-2/files-2.1/com.google.android.material/material/1.10.0/d4079b25853b05d9b9cd202314f9dd3fbbf2bd76/material-1.10.0.aar because:
  Build cache is disabled
Skipping JetifyTransform: /data/data/com.termux/files/home/.gradle/caches/modules-2/files-2.1/com.google.android.material/material/1.10.0/d4079b25853b05d9b9cd202314f9dd3fbbf2bd76/material-1.10.0.aar as it is up-to-date.
Transforming material-1.10.0.aar (com.google.android.material:material:1.10.0) with ExtractAarTransform
Caching disabled for ExtractAarTransform: /data/data/com.termux/files/home/.gradle/caches/modules-2/files-2.1/com.google.android.material/material/1.10.0/d4079b25853b05d9b9cd202314f9dd3fbbf2bd76/material-1.10.0.aar because:
  Build cache is disabled
Skipping ExtractAarTransform: /data/data/com.termux/files/home/.gradle/caches/modules-2/files-2.1/com.google.android.material/material/1.10.0/d4079b25853b05d9b9cd202314f9dd3fbbf2bd76/material-1.10.0.aar as it is up-to-date.
Transforming material-1.10.0.aar (com.google.android.material:material:1.10.0) with AarTransform
Caching disabled for AarTransform: /data/data/com.termux/files/home/.gradle/caches/transforms-3/280fbb89018576a39d56cdc0b973db64/transformed/material-1.10.0 because:
  Build cache is disabled
Skipping AarTransform: /data/data/com.termux/files/home/.gradle/caches/transforms-3/280fbb89018576a39d56cdc0b973db64/transformed/material-1.10.0 as it is up-to-date.
Transforming appcompat-resources-1.6.1.aar (androidx.appcompat:appcompat-resources:1.6.1) with JetifyTransform
Caching disabled for JetifyTransform: /data/data/com.termux/files/home/.gradle/caches/modules-2/files-2.1/androidx.appcompat/appcompat-resources/1.6.1/3fe43025e50b556f319b1ff82a730d5a376a31e/appcompat-resources-1.6.1.aar because:
  Build cache is disabled
Skipping JetifyTransform: /data/data/com.termux/files/home/.gradle/caches/modules-2/files-2.1/androidx.appcompat/appcompat-resources/1.6.1/3fe43025e50b556f319b1ff82a730d5a376a31e/appcompat-resources-1.6.1.aar as it is up-to-date.
Transforming appcompat-resources-1.6.1.aar (androidx.appcompat:appcompat-resources:1.6.1) with ExtractAarTransform
Caching disabled for ExtractAarTransform: /data/data/com.termux/files/home/.gradle/caches/transforms-3/451269ae3d81f56d6e638a995840222e/transformed/jetified-appcompat-resources-1.6.1.aar because:
  Build cache is disabled
Skipping ExtractAarTransform: /data/data/com.termux/files/home/.gradle/caches/transforms-3/451269ae3d81f56d6e638a995840222e/transformed/jetified-appcompat-resources-1.6.1.aar as it is up-to-date.
Transforming appcompat-resources-1.6.1.aar (androidx.appcompat:appcompat-resources:1.6.1) with AarTransform
Caching disabled for AarTransform: /data/data/com.termux/files/home/.gradle/caches/transforms-3/0e66c9127c822c8ffe5f7b5bd5d30c27/transformed/jetified-appcompat-resources-1.6.1 because:
  Build cache is disabled
Skipping AarTransform: /data/data/com.termux/files/home/.gradle/caches/transforms-3/0e66c9127c822c8ffe5f7b5bd5d30c27/transformed/jetified-appcompat-resources-1.6.1 as it is up-to-date.
Transforming constraintlayout-2.1.4.aar (androidx.constraintlayout:constraintlayout:2.1.4) with JetifyTransform
Caching disabled for JetifyTransform: /data/data/com.termux/files/home/.gradle/caches/modules-2/files-2.1/androidx.constraintlayout/constraintlayout/2.1.4/b7ad5eca28aa9e7c4ea1a7e256c7ee4401a031f/constraintlayout-2.1.4.aar because:
  Build cache is disabled
Skipping JetifyTransform: /data/data/com.termux/files/home/.gradle/caches/modules-2/files-2.1/androidx.constraintlayout/constraintlayout/2.1.4/b7ad5eca28aa9e7c4ea1a7e256c7ee4401a031f/constraintlayout-2.1.4.aar as it is up-to-date.
Transforming constraintlayout-2.1.4.aar (androidx.constraintlayout:constraintlayout:2.1.4) with ExtractAarTransform
Caching disabled for ExtractAarTransform: /data/data/com.termux/files/home/.gradle/caches/modules-2/files-2.1/androidx.constraintlayout/constraintlayout/2.1.4/b7ad5eca28aa9e7c4ea1a7e256c7ee4401a031f/constraintlayout-2.1.4.aar because:
  Build cache is disabled
Skipping ExtractAarTransform: /data/data/com.termux/files/home/.gradle/caches/modules-2/files-2.1/androidx.constraintlayout/constraintlayout/2.1.4/b7ad5eca28aa9e7c4ea1a7e256c7ee4401a031f/constraintlayout-2.1.4.aar as it is up-to-date.
Transforming constraintlayout-2.1.4.aar (androidx.constraintlayout:constraintlayout:2.1.4) with AarTransform
Caching disabled for AarTransform: /data/data/com.termux/files/home/.gradle/caches/transforms-3/76ade6abed6a2a1af27a5d604d8065c4/transformed/constraintlayout-2.1.4 because:
  Build cache is disabled
Skipping AarTransform: /data/data/com.termux/files/home/.gradle/caches/transforms-3/76ade6abed6a2a1af27a5d604d8065c4/transformed/constraintlayout-2.1.4 as it is up-to-date.
Transforming fragment-ktx-1.5.4.aar (androidx.fragment:fragment-ktx:1.5.4) with JetifyTransform
Caching disabled for JetifyTransform: /data/data/com.termux/files/home/.gradle/caches/modules-2/files-2.1/androidx.fragment/fragment-ktx/1.5.4/9e142e839c593f6112a491a5f0657fcb3ba63f6/fragment-ktx-1.5.4.aar because:
  Build cache is disabled
Skipping JetifyTransform: /data/data/com.termux/files/home/.gradle/caches/modules-2/files-2.1/androidx.fragment/fragment-ktx/1.5.4/9e142e839c593f6112a491a5f0657fcb3ba63f6/fragment-ktx-1.5.4.aar as it is up-to-date.
Transforming fragment-ktx-1.5.4.aar (androidx.fragment:fragment-ktx:1.5.4) with ExtractAarTransform
Caching disabled for ExtractAarTransform: /data/data/com.termux/files/home/.gradle/caches/transforms-3/b2a4d12651755728659468480b5c613a/transformed/jetified-fragment-ktx-1.5.4.aar because:
  Build cache is disabled
Skipping ExtractAarTransform: /data/data/com.termux/files/home/.gradle/caches/transforms-3/b2a4d12651755728659468480b5c613a/transformed/jetified-fragment-ktx-1.5.4.aar as it is up-to-date.
Transforming fragment-ktx-1.5.4.aar (androidx.fragment:fragment-ktx:1.5.4) with AarTransform
Caching disabled for AarTransform: /data/data/com.termux/files/home/.gradle/caches/transforms-3/e3299c3de28fce58da62f20af2a638f1/transformed/jetified-fragment-ktx-1.5.4 because:
  Build cache is disabled
Skipping AarTransform: /data/data/com.termux/files/home/.gradle/caches/transforms-3/e3299c3de28fce58da62f20af2a638f1/transformed/jetified-fragment-ktx-1.5.4 as it is up-to-date.
Transforming appcompat-1.6.1.aar (androidx.appcompat:appcompat:1.6.1) with JetifyTransform
Caching disabled for JetifyTransform: /data/data/com.termux/files/home/.gradle/caches/modules-2/files-2.1/androidx.appcompat/appcompat/1.6.1/6c7577004b7ebbee5ed87d512b578dd20e3c8c31/appcompat-1.6.1.aar because:
  Build cache is disabled
Skipping JetifyTransform: /data/data/com.termux/files/home/.gradle/caches/modules-2/files-2.1/androidx.appcompat/appcompat/1.6.1/6c7577004b7ebbee5ed87d512b578dd20e3c8c31/appcompat-1.6.1.aar as it is up-to-date.
Transforming appcompat-1.6.1.aar (androidx.appcompat:appcompat:1.6.1) with ExtractAarTransform
Caching disabled for ExtractAarTransform: /data/data/com.termux/files/home/.gradle/caches/modules-2/files-2.1/androidx.appcompat/appcompat/1.6.1/6c7577004b7ebbee5ed87d512b578dd20e3c8c31/appcompat-1.6.1.aar because:
  Build cache is disabled
Skipping ExtractAarTransform: /data/data/com.termux/files/home/.gradle/caches/modules-2/files-2.1/androidx.appcompat/appcompat/1.6.1/6c7577004b7ebbee5ed87d512b578dd20e3c8c31/appcompat-1.6.1.aar as it is up-to-date.
Transforming appcompat-1.6.1.aar (androidx.appcompat:appcompat:1.6.1) with AarTransform
Caching disabled for AarTransform: /data/data/com.termux/files/home/.gradle/caches/transforms-3/b7ccb8cd84b7c4347a681e5603399369/transformed/appcompat-1.6.1 because:
  Build cache is disabled
Skipping AarTransform: /data/data/com.termux/files/home/.gradle/caches/transforms-3/b7ccb8cd84b7c4347a681e5603399369/transformed/appcompat-1.6.1 as it is up-to-date.
Transforming navigation-fragment-2.5.3.aar (androidx.navigation:navigation-fragment:2.5.3) with JetifyTransform
Caching disabled for JetifyTransform: /data/data/com.termux/files/home/.gradle/caches/modules-2/files-2.1/androidx.navigation/navigation-fragment/2.5.3/76ef07cbb908f7e3af5f83f46412cc6f6517dce4/navigation-fragment-2.5.3.aar because:
  Build cache is disabled
Skipping JetifyTransform: /data/data/com.termux/files/home/.gradle/caches/modules-2/files-2.1/androidx.navigation/navigation-fragment/2.5.3/76ef07cbb908f7e3af5f83f46412cc6f6517dce4/navigation-fragment-2.5.3.aar as it is up-to-date.
Transforming navigation-fragment-2.5.3.aar (androidx.navigation:navigation-fragment:2.5.3) with ExtractAarTransform
Caching disabled for ExtractAarTransform: /data/data/com.termux/files/home/.gradle/caches/modules-2/files-2.1/androidx.navigation/navigation-fragment/2.5.3/76ef07cbb908f7e3af5f83f46412cc6f6517dce4/navigation-fragment-2.5.3.aar because:
  Build cache is disabled
Skipping ExtractAarTransform: /data/data/com.termux/files/home/.gradle/caches/modules-2/files-2.1/androidx.navigation/navigation-fragment/2.5.3/76ef07cbb908f7e3af5f83f46412cc6f6517dce4/navigation-fragment-2.5.3.aar as it is up-to-date.
Transforming navigation-fragment-2.5.3.aar (androidx.navigation:navigation-fragment:2.5.3) with AarTransform
Caching disabled for AarTransform: /data/data/com.termux/files/home/.gradle/caches/transforms-3/24157ebc0da62d165fc9b5c58f25cd0e/transformed/navigation-fragment-2.5.3 because:
  Build cache is disabled
Skipping AarTransform: /data/data/com.termux/files/home/.gradle/caches/transforms-3/24157ebc0da62d165fc9b5c58f25cd0e/transformed/navigation-fragment-2.5.3 as it is up-to-date.
Transforming navigation-ui-2.5.3.aar (androidx.navigation:navigation-ui:2.5.3) with JetifyTransform
Caching disabled for JetifyTransform: /data/data/com.termux/files/home/.gradle/caches/modules-2/files-2.1/androidx.navigation/navigation-ui/2.5.3/87b786cbef68119835cfe10a640ae30a939c2892/navigation-ui-2.5.3.aar because:
  Build cache is disabled
Skipping JetifyTransform: /data/data/com.termux/files/home/.gradle/caches/modules-2/files-2.1/androidx.navigation/navigation-ui/2.5.3/87b786cbef68119835cfe10a640ae30a939c2892/navigation-ui-2.5.3.aar as it is up-to-date.
Transforming navigation-ui-2.5.3.aar (androidx.navigation:navigation-ui:2.5.3) with ExtractAarTransform
Caching disabled for ExtractAarTransform: /data/data/com.termux/files/home/.gradle/caches/modules-2/files-2.1/androidx.navigation/navigation-ui/2.5.3/87b786cbef68119835cfe10a640ae30a939c2892/navigation-ui-2.5.3.aar because:
  Build cache is disabled
Skipping ExtractAarTransform: /data/data/com.termux/files/home/.gradle/caches/modules-2/files-2.1/androidx.navigation/navigation-ui/2.5.3/87b786cbef68119835cfe10a640ae30a939c2892/navigation-ui-2.5.3.aar as it is up-to-date.
Transforming navigation-ui-2.5.3.aar (androidx.navigation:navigation-ui:2.5.3) with AarTransform
Caching disabled for AarTransform: /data/data/com.termux/files/home/.gradle/caches/transforms-3/be3e33f4af03280be6f7752da3c9041e/transformed/navigation-ui-2.5.3 because:
  Build cache is disabled
Skipping AarTransform: /data/data/com.termux/files/home/.gradle/caches/transforms-3/be3e33f4af03280be6f7752da3c9041e/transformed/navigation-ui-2.5.3 as it is up-to-date.
Transforming viewpager2-1.0.0.aar (androidx.viewpager2:viewpager2:1.0.0) with JetifyTransform
Caching disabled for JetifyTransform: /data/data/com.termux/files/home/.gradle/caches/modules-2/files-2.1/androidx.viewpager2/viewpager2/1.0.0/91c378a09ddff66e1bb73e90edeac53487d2832b/viewpager2-1.0.0.aar because:
  Build cache is disabled
Skipping JetifyTransform: /data/data/com.termux/files/home/.gradle/caches/modules-2/files-2.1/androidx.viewpager2/viewpager2/1.0.0/91c378a09ddff66e1bb73e90edeac53487d2832b/viewpager2-1.0.0.aar as it is up-to-date.
Transforming viewpager2-1.0.0.aar (androidx.viewpager2:viewpager2:1.0.0) with ExtractAarTransform
Caching disabled for ExtractAarTransform: /data/data/com.termux/files/home/.gradle/caches/transforms-3/8f4ace96e024dcfdc4f2bbdb7b442e13/transformed/jetified-viewpager2-1.0.0.aar because:
  Build cache is disabled
Skipping ExtractAarTransform: /data/data/com.termux/files/home/.gradle/caches/transforms-3/8f4ace96e024dcfdc4f2bbdb7b442e13/transformed/jetified-viewpager2-1.0.0.aar as it is up-to-date.
Transforming viewpager2-1.0.0.aar (androidx.viewpager2:viewpager2:1.0.0) with AarTransform
Caching disabled for AarTransform: /data/data/com.termux/files/home/.gradle/caches/transforms-3/bd5cb5ae51a5889cd4c16c2cac4e56b3/transformed/jetified-viewpager2-1.0.0 because:
  Build cache is disabled
Skipping AarTransform: /data/data/com.termux/files/home/.gradle/caches/transforms-3/bd5cb5ae51a5889cd4c16c2cac4e56b3/transformed/jetified-viewpager2-1.0.0 as it is up-to-date.
Caching disabled for task ':app:mapDebugSourceSetPaths' because:
  Build cache is disabled
Skipping task ':app:mapDebugSourceSetPaths' as it is up-to-date.

> Task :app:mapDebugSourceSetPaths UP-TO-DATE
:app:mapDebugSourceSetPaths (Thread[included builds,5,main]) completed. Took 5.423 secs.
Resolve mutations for :app:generateDebugResources (Thread[included builds,5,main]) started.
Resolve mutations for :app:generateDebugResources (Thread[included builds,5,main]) completed. Took 0.0 secs.
:app:generateDebugResources (Thread[included builds,5,main]) started.

> Task :app:generateDebugResources UP-TO-DATE
Skipping task ':app:generateDebugResources' as it has no actions.
:app:generateDebugResources (Thread[included builds,5,main]) completed. Took 0.001 secs.
Resolve mutations for :app:mergeDebugResources (Thread[included builds,5,main]) started.
Resolve mutations for :app:mergeDebugResources (Thread[included builds,5,main]) completed. Took 0.003 secs.
:app:mergeDebugResources (Thread[included builds,5,main]) started.

> Task :app:mergeDebugResources UP-TO-DATE
Caching disabled for task ':app:mergeDebugResources' because:
  Build cache is disabled
Skipping task ':app:mergeDebugResources' as it is up-to-date.
:app:mergeDebugResources (Thread[included builds,5,main]) completed. Took 0.329 secs.
Resolve mutations for :app:createDebugCompatibleScreenManifests (Thread[included builds,5,main]) started.
Resolve mutations for :app:createDebugCompatibleScreenManifests (Thread[included builds,5,main]) completed. Took 0.0 secs.
:app:createDebugCompatibleScreenManifests (Thread[included builds,5,main]) started.

> Task :app:createDebugCompatibleScreenManifests UP-TO-DATE
Caching disabled for task ':app:createDebugCompatibleScreenManifests' because:
  Build cache is disabled
Skipping task ':app:createDebugCompatibleScreenManifests' as it is up-to-date.
:app:createDebugCompatibleScreenManifests (Thread[included builds,5,main]) completed. Took 0.012 secs.
Resolve mutations for :app:extractDeepLinksDebug (Thread[included builds,5,main]) started.
Resolve mutations for :app:extractDeepLinksDebug (Thread[included builds,5,main]) completed. Took 0.0 secs.
:app:extractDeepLinksDebug (Thread[included builds,5,main]) started.

> Task :app:extractDeepLinksDebug UP-TO-DATE
Caching disabled for task ':app:extractDeepLinksDebug' because:
  Build cache is disabled
Skipping task ':app:extractDeepLinksDebug' as it is up-to-date.
:app:extractDeepLinksDebug (Thread[included builds,5,main]) completed. Took 0.012 secs.
Resolve mutations for :app:processDebugMainManifest (Thread[included builds,5,main]) started.
Resolve mutations for :app:processDebugMainManifest (Thread[included builds,5,main]) completed. Took 0.001 secs.
:app:processDebugMainManifest (Thread[included builds,5,main]) started.

> Task :app:processDebugMainManifest UP-TO-DATE
Transforming navigation-ui-ktx-2.5.3.aar (androidx.navigation:navigation-ui-ktx:2.5.3) with JetifyTransform
Transforming navigation-ui-ktx-2.5.3.aar (androidx.navigation:navigation-ui-ktx:2.5.3) with ExtractAarTransform
Transforming navigation-ui-ktx-2.5.3.aar (androidx.navigation:navigation-ui-ktx:2.5.3) with AarTransform
Transforming navigation-ui-2.5.3.aar (androidx.navigation:navigation-ui:2.5.3) with JetifyTransform
Transforming navigation-ui-2.5.3.aar (androidx.navigation:navigation-ui:2.5.3) with ExtractAarTransform
Transforming navigation-ui-2.5.3.aar (androidx.navigation:navigation-ui:2.5.3) with AarTransform
Transforming material-1.10.0.aar (com.google.android.material:material:1.10.0) with JetifyTransform
Transforming material-1.10.0.aar (com.google.android.material:material:1.10.0) with ExtractAarTransform
Transforming material-1.10.0.aar (com.google.android.material:material:1.10.0) with AarTransform
Transforming constraintlayout-2.1.4.aar (androidx.constraintlayout:constraintlayout:2.1.4) with JetifyTransform
Transforming constraintlayout-2.1.4.aar (androidx.constraintlayout:constraintlayout:2.1.4) with ExtractAarTransform
Transforming constraintlayout-2.1.4.aar (androidx.constraintlayout:constraintlayout:2.1.4) with AarTransform
Transforming appcompat-resources-1.6.1.aar (androidx.appcompat:appcompat-resources:1.6.1) with JetifyTransform
Transforming appcompat-resources-1.6.1.aar (androidx.appcompat:appcompat-resources:1.6.1) with ExtractAarTransform
Transforming appcompat-resources-1.6.1.aar (androidx.appcompat:appcompat-resources:1.6.1) with AarTransform
Transforming appcompat-1.6.1.aar (androidx.appcompat:appcompat:1.6.1) with JetifyTransform
Transforming appcompat-1.6.1.aar (androidx.appcompat:appcompat:1.6.1) with ExtractAarTransform
Transforming appcompat-1.6.1.aar (androidx.appcompat:appcompat:1.6.1) with AarTransform
Transforming viewpager2-1.0.0.aar (androidx.viewpager2:viewpager2:1.0.0) with JetifyTransform
Transforming viewpager2-1.0.0.aar (androidx.viewpager2:viewpager2:1.0.0) with ExtractAarTransform
Transforming viewpager2-1.0.0.aar (androidx.viewpager2:viewpager2:1.0.0) with AarTransform
Transforming navigation-fragment-ktx-2.5.3.aar (androidx.navigation:navigation-fragment-ktx:2.5.3) with JetifyTransform
Transforming navigation-fragment-ktx-2.5.3.aar (androidx.navigation:navigation-fragment-ktx:2.5.3) with ExtractAarTransform
Transforming navigation-fragment-ktx-2.5.3.aar (androidx.navigation:navigation-fragment-ktx:2.5.3) with AarTransform
Transforming navigation-fragment-2.5.3.aar (androidx.navigation:navigation-fragment:2.5.3) with JetifyTransform
Transforming navigation-fragment-2.5.3.aar (androidx.navigation:navigation-fragment:2.5.3) with ExtractAarTransform
Transforming navigation-fragment-2.5.3.aar (androidx.navigation:navigation-fragment:2.5.3) with AarTransform
Transforming fragment-ktx-1.5.4.aar (androidx.fragment:fragment-ktx:1.5.4) with JetifyTransform
Transforming fragment-ktx-1.5.4.aar (androidx.fragment:fragment-ktx:1.5.4) with ExtractAarTransform
Transforming fragment-ktx-1.5.4.aar (androidx.fragment:fragment-ktx:1.5.4) with AarTransform
Transforming fragment-1.5.4.aar (androidx.fragment:fragment:1.5.4) with JetifyTransform
Transforming fragment-1.5.4.aar (androidx.fragment:fragment:1.5.4) with ExtractAarTransform
Transforming fragment-1.5.4.aar (androidx.fragment:fragment:1.5.4) with AarTransform
Transforming fragment-1.5.4.aar (androidx.fragment:fragment:1.5.4) with JetifyTransform
Transforming fragment-1.5.4.aar (androidx.fragment:fragment:1.5.4) with ExtractAarTransform
Transforming fragment-1.5.4.aar (androidx.fragment:fragment:1.5.4) with AarTransform
Transforming navigation-runtime-ktx-2.5.3.aar (androidx.navigation:navigation-runtime-ktx:2.5.3) with JetifyTransform
Transforming navigation-runtime-ktx-2.5.3.aar (androidx.navigation:navigation-runtime-ktx:2.5.3) with ExtractAarTransform
Transforming navigation-runtime-ktx-2.5.3.aar (androidx.navigation:navigation-runtime-ktx:2.5.3) with AarTransform
Transforming navigation-runtime-2.5.3.aar (androidx.navigation:navigation-runtime:2.5.3) with JetifyTransform
Transforming navigation-runtime-2.5.3.aar (androidx.navigation:navigation-runtime:2.5.3) with ExtractAarTransform
Transforming navigation-runtime-2.5.3.aar (androidx.navigation:navigation-runtime:2.5.3) with AarTransform
Transforming activity-ktx-1.8.0.aar (androidx.activity:activity-ktx:1.8.0) with JetifyTransform
Transforming activity-ktx-1.8.0.aar (androidx.activity:activity-ktx:1.8.0) with ExtractAarTransform
Transforming activity-ktx-1.8.0.aar (androidx.activity:activity-ktx:1.8.0) with AarTransform
Transforming activity-1.8.0.aar (androidx.activity:activity:1.8.0) with JetifyTransform
Transforming activity-1.8.0.aar (androidx.activity:activity:1.8.0) with ExtractAarTransform
Transforming activity-1.8.0.aar (androidx.activity:activity:1.8.0) with AarTransform
Transforming emoji2-views-helper-1.2.0.aar (androidx.emoji2:emoji2-views-helper:1.2.0) with JetifyTransform
Transforming emoji2-views-helper-1.2.0.aar (androidx.emoji2:emoji2-views-helper:1.2.0) with ExtractAarTransform
Transforming emoji2-views-helper-1.2.0.aar (androidx.emoji2:emoji2-views-helper:1.2.0) with AarTransform
Transforming emoji2-1.2.0.aar (androidx.emoji2:emoji2:1.2.0) with JetifyTransform
Transforming emoji2-1.2.0.aar (androidx.emoji2:emoji2:1.2.0) with ExtractAarTransform
Transforming emoji2-1.2.0.aar (androidx.emoji2:emoji2:1.2.0) with AarTransform
Transforming navigation-common-ktx-2.5.3.aar (androidx.navigation:navigation-common-ktx:2.5.3) with JetifyTransform
Transforming navigation-common-ktx-2.5.3.aar (androidx.navigation:navigation-common-ktx:2.5.3) with ExtractAarTransform
Transforming navigation-common-ktx-2.5.3.aar (androidx.navigation:navigation-common-ktx:2.5.3) with AarTransform
Transforming navigation-common-2.5.3.aar (androidx.navigation:navigation-common:2.5.3) with JetifyTransform
Transforming navigation-common-2.5.3.aar (androidx.navigation:navigation-common:2.5.3) with ExtractAarTransform
Transforming navigation-common-2.5.3.aar (androidx.navigation:navigation-common:2.5.3) with AarTransform
Transforming savedstate-ktx-1.2.1.aar (androidx.savedstate:savedstate-ktx:1.2.1) with JetifyTransform
Transforming savedstate-ktx-1.2.1.aar (androidx.savedstate:savedstate-ktx:1.2.1) with ExtractAarTransform
Transforming savedstate-ktx-1.2.1.aar (androidx.savedstate:savedstate-ktx:1.2.1) with AarTransform
Transforming savedstate-1.2.1.aar (androidx.savedstate:savedstate:1.2.1) with JetifyTransform
Transforming savedstate-1.2.1.aar (androidx.savedstate:savedstate:1.2.1) with ExtractAarTransform
Transforming savedstate-1.2.1.aar (androidx.savedstate:savedstate:1.2.1) with AarTransform
Transforming lifecycle-livedata-core-2.6.2.aar (androidx.lifecycle:lifecycle-livedata-core:2.6.2) with JetifyTransform
Transforming lifecycle-livedata-core-2.6.2.aar (androidx.lifecycle:lifecycle-livedata-core:2.6.2) with ExtractAarTransform
Transforming lifecycle-livedata-core-2.6.2.aar (androidx.lifecycle:lifecycle-livedata-core:2.6.2) with AarTransform
Transforming lifecycle-process-2.6.2.aar (androidx.lifecycle:lifecycle-process:2.6.2) with JetifyTransform
Transforming lifecycle-process-2.6.2.aar (androidx.lifecycle:lifecycle-process:2.6.2) with ExtractAarTransform
Transforming lifecycle-process-2.6.2.aar (androidx.lifecycle:lifecycle-process:2.6.2) with AarTransform
Transforming lifecycle-livedata-core-ktx-2.6.2.aar (androidx.lifecycle:lifecycle-livedata-core-ktx:2.6.2) with JetifyTransform
Transforming lifecycle-livedata-core-ktx-2.6.2.aar (androidx.lifecycle:lifecycle-livedata-core-ktx:2.6.2) with ExtractAarTransform
Transforming lifecycle-livedata-core-ktx-2.6.2.aar (androidx.lifecycle:lifecycle-livedata-core-ktx:2.6.2) with AarTransform
Transforming dynamicanimation-1.0.0.aar (androidx.dynamicanimation:dynamicanimation:1.0.0) with JetifyTransform
Transforming dynamicanimation-1.0.0.aar (androidx.dynamicanimation:dynamicanimation:1.0.0) with ExtractAarTransform
Transforming dynamicanimation-1.0.0.aar (androidx.dynamicanimation:dynamicanimation:1.0.0) with AarTransform
Transforming legacy-support-core-utils-1.0.0.aar (androidx.legacy:legacy-support-core-utils:1.0.0) with JetifyTransform
Transforming legacy-support-core-utils-1.0.0.aar (androidx.legacy:legacy-support-core-utils:1.0.0) with ExtractAarTransform
Transforming legacy-support-core-utils-1.0.0.aar (androidx.legacy:legacy-support-core-utils:1.0.0) with AarTransform
Transforming loader-1.0.0.aar (androidx.loader:loader:1.0.0) with JetifyTransform
Transforming loader-1.0.0.aar (androidx.loader:loader:1.0.0) with ExtractAarTransform
Transforming loader-1.0.0.aar (androidx.loader:loader:1.0.0) with AarTransform
Transforming loader-1.0.0.aar (androidx.loader:loader:1.0.0) with JetifyTransform
Transforming loader-1.0.0.aar (androidx.loader:loader:1.0.0) with ExtractAarTransform
Transforming loader-1.0.0.aar (androidx.loader:loader:1.0.0) with AarTransform
Transforming lifecycle-livedata-2.6.2.aar (androidx.lifecycle:lifecycle-livedata:2.6.2) with JetifyTransform
Transforming lifecycle-livedata-2.6.2.aar (androidx.lifecycle:lifecycle-livedata:2.6.2) with ExtractAarTransform
Transforming lifecycle-livedata-2.6.2.aar (androidx.lifecycle:lifecycle-livedata:2.6.2) with AarTransform
Transforming lifecycle-livedata-2.6.2.aar (androidx.lifecycle:lifecycle-livedata:2.6.2) with JetifyTransform
Transforming lifecycle-livedata-2.6.2.aar (androidx.lifecycle:lifecycle-livedata:2.6.2) with ExtractAarTransform
Transforming lifecycle-livedata-2.6.2.aar (androidx.lifecycle:lifecycle-livedata:2.6.2) with AarTransform
Transforming lifecycle-viewmodel-savedstate-2.6.2.aar (androidx.lifecycle:lifecycle-viewmodel-savedstate:2.6.2) with JetifyTransform
Transforming lifecycle-viewmodel-savedstate-2.6.2.aar (androidx.lifecycle:lifecycle-viewmodel-savedstate:2.6.2) with ExtractAarTransform
Transforming lifecycle-viewmodel-savedstate-2.6.2.aar (androidx.lifecycle:lifecycle-viewmodel-savedstate:2.6.2) with AarTransform
Transforming core-ktx-1.10.1.aar (androidx.core:core-ktx:1.10.1) with JetifyTransform
Transforming core-ktx-1.10.1.aar (androidx.core:core-ktx:1.10.1) with ExtractAarTransform
Transforming core-ktx-1.10.1.aar (androidx.core:core-ktx:1.10.1) with AarTransform
Transforming drawerlayout-1.1.1.aar (androidx.drawerlayout:drawerlayout:1.1.1) with JetifyTransform
Transforming drawerlayout-1.1.1.aar (androidx.drawerlayout:drawerlayout:1.1.1) with ExtractAarTransform
Transforming drawerlayout-1.1.1.aar (androidx.drawerlayout:drawerlayout:1.1.1) with AarTransform
Transforming coordinatorlayout-1.1.0.aar (androidx.coordinatorlayout:coordinatorlayout:1.1.0) with JetifyTransform
Transforming coordinatorlayout-1.1.0.aar (androidx.coordinatorlayout:coordinatorlayout:1.1.0) with ExtractAarTransform
Transforming coordinatorlayout-1.1.0.aar (androidx.coordinatorlayout:coordinatorlayout:1.1.0) with AarTransform
Transforming vectordrawable-animated-1.1.0.aar (androidx.vectordrawable:vectordrawable-animated:1.1.0) with JetifyTransform
Transforming vectordrawable-animated-1.1.0.aar (androidx.vectordrawable:vectordrawable-animated:1.1.0) with ExtractAarTransform
Transforming vectordrawable-animated-1.1.0.aar (androidx.vectordrawable:vectordrawable-animated:1.1.0) with AarTransform
Transforming vectordrawable-1.1.0.aar (androidx.vectordrawable:vectordrawable:1.1.0) with JetifyTransform
Transforming vectordrawable-1.1.0.aar (androidx.vectordrawable:vectordrawable:1.1.0) with ExtractAarTransform
Transforming vectordrawable-1.1.0.aar (androidx.vectordrawable:vectordrawable:1.1.0) with AarTransform
Transforming vectordrawable-1.1.0.aar (androidx.vectordrawable:vectordrawable:1.1.0) with JetifyTransform
Transforming vectordrawable-1.1.0.aar (androidx.vectordrawable:vectordrawable:1.1.0) with ExtractAarTransform
Transforming vectordrawable-1.1.0.aar (androidx.vectordrawable:vectordrawable:1.1.0) with AarTransform
Transforming recyclerview-1.1.0.aar (androidx.recyclerview:recyclerview:1.1.0) with JetifyTransform
Transforming recyclerview-1.1.0.aar (androidx.recyclerview:recyclerview:1.1.0) with ExtractAarTransform
Transforming recyclerview-1.1.0.aar (androidx.recyclerview:recyclerview:1.1.0) with AarTransform
Transforming recyclerview-1.1.0.aar (androidx.recyclerview:recyclerview:1.1.0) with JetifyTransform
Transforming recyclerview-1.1.0.aar (androidx.recyclerview:recyclerview:1.1.0) with ExtractAarTransform
Transforming recyclerview-1.1.0.aar (androidx.recyclerview:recyclerview:1.1.0) with AarTransform
Transforming slidingpanelayout-1.2.0.aar (androidx.slidingpanelayout:slidingpanelayout:1.2.0) with JetifyTransform
Transforming slidingpanelayout-1.2.0.aar (androidx.slidingpanelayout:slidingpanelayout:1.2.0) with ExtractAarTransform
Transforming slidingpanelayout-1.2.0.aar (androidx.slidingpanelayout:slidingpanelayout:1.2.0) with AarTransform
Transforming viewpager-1.0.0.aar (androidx.viewpager:viewpager:1.0.0) with JetifyTransform
Transforming viewpager-1.0.0.aar (androidx.viewpager:viewpager:1.0.0) with ExtractAarTransform
Transforming viewpager-1.0.0.aar (androidx.viewpager:viewpager:1.0.0) with AarTransform
Transforming customview-1.1.0.aar (androidx.customview:customview:1.1.0) with JetifyTransform
Transforming customview-1.1.0.aar (androidx.customview:customview:1.1.0) with ExtractAarTransform
Transforming customview-1.1.0.aar (androidx.customview:customview:1.1.0) with AarTransform
Transforming customview-1.1.0.aar (androidx.customview:customview:1.1.0) with JetifyTransform
Transforming customview-1.1.0.aar (androidx.customview:customview:1.1.0) with ExtractAarTransform
Transforming customview-1.1.0.aar (androidx.customview:customview:1.1.0) with AarTransform
Transforming customview-1.1.0.aar (androidx.customview:customview:1.1.0) with JetifyTransform
Transforming customview-1.1.0.aar (androidx.customview:customview:1.1.0) with ExtractAarTransform
Transforming customview-1.1.0.aar (androidx.customview:customview:1.1.0) with AarTransform
Transforming customview-1.1.0.aar (androidx.customview:customview:1.1.0) with JetifyTransform
Transforming customview-1.1.0.aar (androidx.customview:customview:1.1.0) with ExtractAarTransform
Transforming customview-1.1.0.aar (androidx.customview:customview:1.1.0) with AarTransform
Transforming customview-1.1.0.aar (androidx.customview:customview:1.1.0) with JetifyTransform
Transforming customview-1.1.0.aar (androidx.customview:customview:1.1.0) with ExtractAarTransform
Transforming customview-1.1.0.aar (androidx.customview:customview:1.1.0) with AarTransform
Transforming transition-1.4.1.aar (androidx.transition:transition:1.4.1) with JetifyTransform
Transforming transition-1.4.1.aar (androidx.transition:transition:1.4.1) with ExtractAarTransform
Transforming transition-1.4.1.aar (androidx.transition:transition:1.4.1) with AarTransform
Transforming window-1.0.0.aar (androidx.window:window:1.0.0) with JetifyTransform
Transforming window-1.0.0.aar (androidx.window:window:1.0.0) with ExtractAarTransform
Transforming window-1.0.0.aar (androidx.window:window:1.0.0) with AarTransform
Transforming core-1.10.1.aar (androidx.core:core:1.10.1) with JetifyTransform
Transforming core-1.10.1.aar (androidx.core:core:1.10.1) with ExtractAarTransform
Transforming core-1.10.1.aar (androidx.core:core:1.10.1) with AarTransform
Transforming core-1.10.1.aar (androidx.core:core:1.10.1) with JetifyTransform
Transforming core-1.10.1.aar (androidx.core:core:1.10.1) with ExtractAarTransform
Transforming core-1.10.1.aar (androidx.core:core:1.10.1) with AarTransform
Transforming core-1.10.1.aar (androidx.core:core:1.10.1) with JetifyTransform
Transforming core-1.10.1.aar (androidx.core:core:1.10.1) with ExtractAarTransform
Transforming core-1.10.1.aar (androidx.core:core:1.10.1) with AarTransform
Transforming core-1.10.1.aar (androidx.core:core:1.10.1) with JetifyTransform
Transforming core-1.10.1.aar (androidx.core:core:1.10.1) with ExtractAarTransform
Transforming core-1.10.1.aar (androidx.core:core:1.10.1) with AarTransform
Transforming core-1.10.1.aar (androidx.core:core:1.10.1) with JetifyTransform
Transforming core-1.10.1.aar (androidx.core:core:1.10.1) with ExtractAarTransform
Transforming core-1.10.1.aar (androidx.core:core:1.10.1) with AarTransform
Transforming core-1.10.1.aar (androidx.core:core:1.10.1) with JetifyTransform
Transforming core-1.10.1.aar (androidx.core:core:1.10.1) with ExtractAarTransform
Transforming core-1.10.1.aar (androidx.core:core:1.10.1) with AarTransform
Transforming core-1.10.1.aar (androidx.core:core:1.10.1) with JetifyTransform
Transforming core-1.10.1.aar (androidx.core:core:1.10.1) with ExtractAarTransform
Transforming core-1.10.1.aar (androidx.core:core:1.10.1) with AarTransform
Transforming core-1.10.1.aar (androidx.core:core:1.10.1) with JetifyTransform
Transforming core-1.10.1.aar (androidx.core:core:1.10.1) with ExtractAarTransform
Transforming core-1.10.1.aar (androidx.core:core:1.10.1) with AarTransform
Transforming core-1.10.1.aar (androidx.core:core:1.10.1) with JetifyTransform
Transforming core-1.10.1.aar (androidx.core:core:1.10.1) with ExtractAarTransform
Transforming core-1.10.1.aar (androidx.core:core:1.10.1) with AarTransform
Transforming core-1.10.1.aar (androidx.core:core:1.10.1) with JetifyTransform
Transforming core-1.10.1.aar (androidx.core:core:1.10.1) with ExtractAarTransform
Transforming core-1.10.1.aar (androidx.core:core:1.10.1) with AarTransform
Transforming core-1.10.1.aar (androidx.core:core:1.10.1) with JetifyTransform
Transforming core-1.10.1.aar (androidx.core:core:1.10.1) with ExtractAarTransform
Transforming core-1.10.1.aar (androidx.core:core:1.10.1) with AarTransform
Transforming lifecycle-runtime-2.6.2.aar (androidx.lifecycle:lifecycle-runtime:2.6.2) with JetifyTransform
Transforming lifecycle-runtime-2.6.2.aar (androidx.lifecycle:lifecycle-runtime:2.6.2) with ExtractAarTransform
Transforming lifecycle-runtime-2.6.2.aar (androidx.lifecycle:lifecycle-runtime:2.6.2) with AarTransform
Transforming lifecycle-viewmodel-2.6.2.aar (androidx.lifecycle:lifecycle-viewmodel:2.6.2) with JetifyTransform
Transforming lifecycle-viewmodel-2.6.2.aar (androidx.lifecycle:lifecycle-viewmodel:2.6.2) with ExtractAarTransform
Transforming lifecycle-viewmodel-2.6.2.aar (androidx.lifecycle:lifecycle-viewmodel:2.6.2) with AarTransform
Transforming lifecycle-viewmodel-2.6.2.aar (androidx.lifecycle:lifecycle-viewmodel:2.6.2) with JetifyTransform
Transforming lifecycle-viewmodel-2.6.2.aar (androidx.lifecycle:lifecycle-viewmodel:2.6.2) with ExtractAarTransform
Transforming lifecycle-viewmodel-2.6.2.aar (androidx.lifecycle:lifecycle-viewmodel:2.6.2) with AarTransform
Transforming lifecycle-runtime-ktx-2.6.2.aar (androidx.lifecycle:lifecycle-runtime-ktx:2.6.2) with JetifyTransform
Transforming lifecycle-runtime-ktx-2.6.2.aar (androidx.lifecycle:lifecycle-runtime-ktx:2.6.2) with ExtractAarTransform
Transforming lifecycle-runtime-ktx-2.6.2.aar (androidx.lifecycle:lifecycle-runtime-ktx:2.6.2) with AarTransform
Transforming lifecycle-livedata-ktx-2.6.2.aar (androidx.lifecycle:lifecycle-livedata-ktx:2.6.2) with JetifyTransform
Transforming lifecycle-livedata-ktx-2.6.2.aar (androidx.lifecycle:lifecycle-livedata-ktx:2.6.2) with ExtractAarTransform
Transforming lifecycle-livedata-ktx-2.6.2.aar (androidx.lifecycle:lifecycle-livedata-ktx:2.6.2) with AarTransform
Transforming lifecycle-viewmodel-ktx-2.6.2.aar (androidx.lifecycle:lifecycle-viewmodel-ktx:2.6.2) with JetifyTransform
Transforming lifecycle-viewmodel-ktx-2.6.2.aar (androidx.lifecycle:lifecycle-viewmodel-ktx:2.6.2) with ExtractAarTransform
Transforming lifecycle-viewmodel-ktx-2.6.2.aar (androidx.lifecycle:lifecycle-viewmodel-ktx:2.6.2) with AarTransform
Transforming room-ktx-2.4.3.aar (androidx.room:room-ktx:2.4.3) with JetifyTransform
Transforming room-ktx-2.4.3.aar (androidx.room:room-ktx:2.4.3) with ExtractAarTransform
Transforming room-ktx-2.4.3.aar (androidx.room:room-ktx:2.4.3) with AarTransform
Transforming datastore-preferences-1.0.0.aar (androidx.datastore:datastore-preferences:1.0.0) with JetifyTransform
Transforming datastore-preferences-1.0.0.aar (androidx.datastore:datastore-preferences:1.0.0) with ExtractAarTransform
Transforming datastore-preferences-1.0.0.aar (androidx.datastore:datastore-preferences:1.0.0) with AarTransform
Transforming datastore-1.0.0.aar (androidx.datastore:datastore:1.0.0) with JetifyTransform
Transforming datastore-1.0.0.aar (androidx.datastore:datastore:1.0.0) with ExtractAarTransform
Transforming datastore-1.0.0.aar (androidx.datastore:datastore:1.0.0) with AarTransform
Transforming room-runtime-2.4.3.aar (androidx.room:room-runtime:2.4.3) with JetifyTransform
Transforming room-runtime-2.4.3.aar (androidx.room:room-runtime:2.4.3) with ExtractAarTransform
Transforming room-runtime-2.4.3.aar (androidx.room:room-runtime:2.4.3) with AarTransform
Transforming annotation-experimental-1.3.0.aar (androidx.annotation:annotation-experimental:1.3.0) with JetifyTransform
Transforming annotation-experimental-1.3.0.aar (androidx.annotation:annotation-experimental:1.3.0) with ExtractAarTransform
Transforming annotation-experimental-1.3.0.aar (androidx.annotation:annotation-experimental:1.3.0) with AarTransform
Transforming cursoradapter-1.0.0.aar (androidx.cursoradapter:cursoradapter:1.0.0) with JetifyTransform
Transforming cursoradapter-1.0.0.aar (androidx.cursoradapter:cursoradapter:1.0.0) with ExtractAarTransform
Transforming cursoradapter-1.0.0.aar (androidx.cursoradapter:cursoradapter:1.0.0) with AarTransform
Transforming cardview-1.0.0.aar (androidx.cardview:cardview:1.0.0) with JetifyTransform
Transforming cardview-1.0.0.aar (androidx.cardview:cardview:1.0.0) with ExtractAarTransform
Transforming cardview-1.0.0.aar (androidx.cardview:cardview:1.0.0) with AarTransform
Transforming sqlite-framework-2.2.0.aar (androidx.sqlite:sqlite-framework:2.2.0) with JetifyTransform
Transforming sqlite-framework-2.2.0.aar (androidx.sqlite:sqlite-framework:2.2.0) with ExtractAarTransform
Transforming sqlite-framework-2.2.0.aar (androidx.sqlite:sqlite-framework:2.2.0) with AarTransform
Transforming sqlite-2.2.0.aar (androidx.sqlite:sqlite:2.2.0) with JetifyTransform
Transforming sqlite-2.2.0.aar (androidx.sqlite:sqlite:2.2.0) with ExtractAarTransform
Transforming sqlite-2.2.0.aar (androidx.sqlite:sqlite:2.2.0) with AarTransform
Transforming interpolator-1.0.0.aar (androidx.interpolator:interpolator:1.0.0) with JetifyTransform
Transforming interpolator-1.0.0.aar (androidx.interpolator:interpolator:1.0.0) with ExtractAarTransform
Transforming interpolator-1.0.0.aar (androidx.interpolator:interpolator:1.0.0) with AarTransform
Transforming interpolator-1.0.0.aar (androidx.interpolator:interpolator:1.0.0) with JetifyTransform
Transforming interpolator-1.0.0.aar (androidx.interpolator:interpolator:1.0.0) with ExtractAarTransform
Transforming interpolator-1.0.0.aar (androidx.interpolator:interpolator:1.0.0) with AarTransform
Transforming versionedparcelable-1.1.1.aar (androidx.versionedparcelable:versionedparcelable:1.1.1) with JetifyTransform
Transforming versionedparcelable-1.1.1.aar (androidx.versionedparcelable:versionedparcelable:1.1.1) with ExtractAarTransform
Transforming versionedparcelable-1.1.1.aar (androidx.versionedparcelable:versionedparcelable:1.1.1) with AarTransform
Transforming profileinstaller-1.3.0.aar (androidx.profileinstaller:profileinstaller:1.3.0) with JetifyTransform
Transforming profileinstaller-1.3.0.aar (androidx.profileinstaller:profileinstaller:1.3.0) with ExtractAarTransform
Transforming profileinstaller-1.3.0.aar (androidx.profileinstaller:profileinstaller:1.3.0) with AarTransform
Transforming startup-runtime-1.1.1.aar (androidx.startup:startup-runtime:1.1.1) with JetifyTransform
Transforming startup-runtime-1.1.1.aar (androidx.startup:startup-runtime:1.1.1) with ExtractAarTransform
Transforming startup-runtime-1.1.1.aar (androidx.startup:startup-runtime:1.1.1) with AarTransform
Transforming tracing-1.0.0.aar (androidx.tracing:tracing:1.0.0) with JetifyTransform
Transforming tracing-1.0.0.aar (androidx.tracing:tracing:1.0.0) with ExtractAarTransform
Transforming tracing-1.0.0.aar (androidx.tracing:tracing:1.0.0) with AarTransform
Transforming core-runtime-2.2.0.aar (androidx.arch.core:core-runtime:2.2.0) with JetifyTransform
Transforming core-runtime-2.2.0.aar (androidx.arch.core:core-runtime:2.2.0) with ExtractAarTransform
Transforming core-runtime-2.2.0.aar (androidx.arch.core:core-runtime:2.2.0) with AarTransform
Transforming documentfile-1.0.0.aar (androidx.documentfile:documentfile:1.0.0) with JetifyTransform
Transforming documentfile-1.0.0.aar (androidx.documentfile:documentfile:1.0.0) with ExtractAarTransform
Transforming documentfile-1.0.0.aar (androidx.documentfile:documentfile:1.0.0) with AarTransform
Transforming localbroadcastmanager-1.0.0.aar (androidx.localbroadcastmanager:localbroadcastmanager:1.0.0) with JetifyTransform
Transforming localbroadcastmanager-1.0.0.aar (androidx.localbroadcastmanager:localbroadcastmanager:1.0.0) with ExtractAarTransform
Transforming localbroadcastmanager-1.0.0.aar (androidx.localbroadcastmanager:localbroadcastmanager:1.0.0) with AarTransform
Transforming print-1.0.0.aar (androidx.print:print:1.0.0) with JetifyTransform
Transforming print-1.0.0.aar (androidx.print:print:1.0.0) with ExtractAarTransform
Transforming print-1.0.0.aar (androidx.print:print:1.0.0) with AarTransform
Caching disabled for AarTransform: /data/data/com.termux/files/home/.gradle/caches/transforms-3/3b428544fb58a905a766676a40750f8b/transformed/fragment-1.5.4 because:
  Build cache is disabled
Skipping AarTransform: /data/data/com.termux/files/home/.gradle/caches/transforms-3/3b428544fb58a905a766676a40750f8b/transformed/fragment-1.5.4 as it is up-to-date.
Caching disabled for AarTransform: /data/data/com.termux/files/home/.gradle/caches/transforms-3/3f8d5dc11b69a75c49966e17fce980c2/transformed/navigation-runtime-ktx-2.5.3 because:
  Build cache is disabled
Skipping AarTransform: /data/data/com.termux/files/home/.gradle/caches/transforms-3/3f8d5dc11b69a75c49966e17fce980c2/transformed/navigation-runtime-ktx-2.5.3 as it is up-to-date.
Caching disabled for AarTransform: /data/data/com.termux/files/home/.gradle/caches/transforms-3/bd92967648f74b6bfe7152bdf3a29a37/transformed/navigation-runtime-2.5.3 because:
  Build cache is disabled
Skipping AarTransform: /data/data/com.termux/files/home/.gradle/caches/transforms-3/bd92967648f74b6bfe7152bdf3a29a37/transformed/navigation-runtime-2.5.3 as it is up-to-date.
Caching disabled for AarTransform: /data/data/com.termux/files/home/.gradle/caches/transforms-3/9f00a34e9217b5f1fb46f51b349fd8f3/transformed/jetified-activity-ktx-1.8.0 because:
  Build cache is disabled
Skipping AarTransform: /data/data/com.termux/files/home/.gradle/caches/transforms-3/9f00a34e9217b5f1fb46f51b349fd8f3/transformed/jetified-activity-ktx-1.8.0 as it is up-to-date.
Caching disabled for AarTransform: /data/data/com.termux/files/home/.gradle/caches/transforms-3/ebfc84555254bacab62ad1da71fbc89c/transformed/jetified-activity-1.8.0 because:
  Build cache is disabled
Skipping AarTransform: /data/data/com.termux/files/home/.gradle/caches/transforms-3/ebfc84555254bacab62ad1da71fbc89c/transformed/jetified-activity-1.8.0 as it is up-to-date.
Caching disabled for AarTransform: /data/data/com.termux/files/home/.gradle/caches/transforms-3/cbf7c05711435233ff3168cbc0eee7e6/transformed/jetified-emoji2-views-helper-1.2.0 because:
  Build cache is disabled
Skipping AarTransform: /data/data/com.termux/files/home/.gradle/caches/transforms-3/cbf7c05711435233ff3168cbc0eee7e6/transformed/jetified-emoji2-views-helper-1.2.0 as it is up-to-date.
Caching disabled for AarTransform: /data/data/com.termux/files/home/.gradle/caches/transforms-3/98a8efc877b7c9d8ab9f1a39bc51622a/transformed/jetified-emoji2-1.2.0 because:
  Build cache is disabled
Skipping AarTransform: /data/data/com.termux/files/home/.gradle/caches/transforms-3/98a8efc877b7c9d8ab9f1a39bc51622a/transformed/jetified-emoji2-1.2.0 as it is up-to-date.
Caching disabled for AarTransform: /data/data/com.termux/files/home/.gradle/caches/transforms-3/08320af73d98014beb03478360de7461/transformed/navigation-common-ktx-2.5.3 because:
  Build cache is disabled
Skipping AarTransform: /data/data/com.termux/files/home/.gradle/caches/transforms-3/08320af73d98014beb03478360de7461/transformed/navigation-common-ktx-2.5.3 as it is up-to-date.
Caching disabled for AarTransform: /data/data/com.termux/files/home/.gradle/caches/transforms-3/9049dc0569211b06ffbf5aa8f07da126/transformed/navigation-common-2.5.3 because:
  Build cache is disabled
Skipping AarTransform: /data/data/com.termux/files/home/.gradle/caches/transforms-3/9049dc0569211b06ffbf5aa8f07da126/transformed/navigation-common-2.5.3 as it is up-to-date.
Caching disabled for AarTransform: /data/data/com.termux/files/home/.gradle/caches/transforms-3/0fdd417d0322578047fa33896ef9ac87/transformed/jetified-savedstate-ktx-1.2.1 because:
  Build cache is disabled
Skipping AarTransform: /data/data/com.termux/files/home/.gradle/caches/transforms-3/0fdd417d0322578047fa33896ef9ac87/transformed/jetified-savedstate-ktx-1.2.1 as it is up-to-date.
Caching disabled for AarTransform: /data/data/com.termux/files/home/.gradle/caches/transforms-3/ec244bc9a1d5fadb1732a503ae689c28/transformed/jetified-savedstate-1.2.1 because:
  Build cache is disabled
Skipping AarTransform: /data/data/com.termux/files/home/.gradle/caches/transforms-3/ec244bc9a1d5fadb1732a503ae689c28/transformed/jetified-savedstate-1.2.1 as it is up-to-date.
Caching disabled for AarTransform: /data/data/com.termux/files/home/.gradle/caches/transforms-3/f37a97cbc0721ef7ade7b911f0620d54/transformed/lifecycle-livedata-core-2.6.2 because:
  Build cache is disabled
Skipping AarTransform: /data/data/com.termux/files/home/.gradle/caches/transforms-3/f37a97cbc0721ef7ade7b911f0620d54/transformed/lifecycle-livedata-core-2.6.2 as it is up-to-date.
Caching disabled for AarTransform: /data/data/com.termux/files/home/.gradle/caches/transforms-3/d4b989baffcd6842cf6e2e91407a1413/transformed/jetified-lifecycle-process-2.6.2 because:
  Build cache is disabled
Skipping AarTransform: /data/data/com.termux/files/home/.gradle/caches/transforms-3/d4b989baffcd6842cf6e2e91407a1413/transformed/jetified-lifecycle-process-2.6.2 as it is up-to-date.
Caching disabled for AarTransform: /data/data/com.termux/files/home/.gradle/caches/transforms-3/f647411fa57cd3515370c450f65d7c05/transformed/jetified-lifecycle-livedata-core-ktx-2.6.2 because:
  Build cache is disabled
Skipping AarTransform: /data/data/com.termux/files/home/.gradle/caches/transforms-3/f647411fa57cd3515370c450f65d7c05/transformed/jetified-lifecycle-livedata-core-ktx-2.6.2 as it is up-to-date.
Caching disabled for AarTransform: /data/data/com.termux/files/home/.gradle/caches/transforms-3/0ad736e3a9769f3abc15d403f1888484/transformed/dynamicanimation-1.0.0 because:
  Build cache is disabled
Skipping AarTransform: /data/data/com.termux/files/home/.gradle/caches/transforms-3/0ad736e3a9769f3abc15d403f1888484/transformed/dynamicanimation-1.0.0 as it is up-to-date.
Caching disabled for AarTransform: /data/data/com.termux/files/home/.gradle/caches/transforms-3/d730c16c5ec7ae463793a36706f80df7/transformed/legacy-support-core-utils-1.0.0 because:
  Build cache is disabled
Skipping AarTransform: /data/data/com.termux/files/home/.gradle/caches/transforms-3/d730c16c5ec7ae463793a36706f80df7/transformed/legacy-support-core-utils-1.0.0 as it is up-to-date.
Caching disabled for AarTransform: /data/data/com.termux/files/home/.gradle/caches/transforms-3/b06fd8bc629c7ce039eece3f21098138/transformed/loader-1.0.0 because:
  Build cache is disabled
Skipping AarTransform: /data/data/com.termux/files/home/.gradle/caches/transforms-3/b06fd8bc629c7ce039eece3f21098138/transformed/loader-1.0.0 as it is up-to-date.
Caching disabled for AarTransform: /data/data/com.termux/files/home/.gradle/caches/transforms-3/abb42caba76fcbece6cce082110596df/transformed/lifecycle-livedata-2.6.2 because:
  Build cache is disabled
Skipping AarTransform: /data/data/com.termux/files/home/.gradle/caches/transforms-3/abb42caba76fcbece6cce082110596df/transformed/lifecycle-livedata-2.6.2 as it is up-to-date.
Caching disabled for AarTransform: /data/data/com.termux/files/home/.gradle/caches/transforms-3/11795230c1dd9a51511d4dd2ce1941d1/transformed/jetified-lifecycle-viewmodel-savedstate-2.6.2 because:
  Build cache is disabled
Skipping AarTransform: /data/data/com.termux/files/home/.gradle/caches/transforms-3/11795230c1dd9a51511d4dd2ce1941d1/transformed/jetified-lifecycle-viewmodel-savedstate-2.6.2 as it is up-to-date.
Caching disabled for AarTransform: /data/data/com.termux/files/home/.gradle/caches/transforms-3/32d2a31b503a616e3892d0dacfcbdcea/transformed/jetified-core-ktx-1.10.1 because:
  Build cache is disabled
Skipping AarTransform: /data/data/com.termux/files/home/.gradle/caches/transforms-3/32d2a31b503a616e3892d0dacfcbdcea/transformed/jetified-core-ktx-1.10.1 as it is up-to-date.
Caching disabled for AarTransform: /data/data/com.termux/files/home/.gradle/caches/transforms-3/a1d877feeef0152e388f0a3b98ede1bf/transformed/drawerlayout-1.1.1 because:
  Build cache is disabled
Skipping AarTransform: /data/data/com.termux/files/home/.gradle/caches/transforms-3/a1d877feeef0152e388f0a3b98ede1bf/transformed/drawerlayout-1.1.1 as it is up-to-date.
Caching disabled for AarTransform: /data/data/com.termux/files/home/.gradle/caches/transforms-3/3aaa1c6497bf3fd9c4338d95c1b7b8e3/transformed/coordinatorlayout-1.1.0 because:
  Build cache is disabled
Skipping AarTransform: /data/data/com.termux/files/home/.gradle/caches/transforms-3/3aaa1c6497bf3fd9c4338d95c1b7b8e3/transformed/coordinatorlayout-1.1.0 as it is up-to-date.
Caching disabled for AarTransform: /data/data/com.termux/files/home/.gradle/caches/transforms-3/24ce17f17a8fa2d2b18c6e64d350b861/transformed/vectordrawable-animated-1.1.0 because:
  Build cache is disabled
Skipping AarTransform: /data/data/com.termux/files/home/.gradle/caches/transforms-3/24ce17f17a8fa2d2b18c6e64d350b861/transformed/vectordrawable-animated-1.1.0 as it is up-to-date.
Caching disabled for AarTransform: /data/data/com.termux/files/home/.gradle/caches/transforms-3/617ec14a47f98a9fad8de81318cd0ea2/transformed/vectordrawable-1.1.0 because:
  Build cache is disabled
Skipping AarTransform: /data/data/com.termux/files/home/.gradle/caches/transforms-3/617ec14a47f98a9fad8de81318cd0ea2/transformed/vectordrawable-1.1.0 as it is up-to-date.
Caching disabled for AarTransform: /data/data/com.termux/files/home/.gradle/caches/transforms-3/16499785acc0306d467c607b5549e8ff/transformed/recyclerview-1.1.0 because:
  Build cache is disabled
Skipping AarTransform: /data/data/com.termux/files/home/.gradle/caches/transforms-3/16499785acc0306d467c607b5549e8ff/transformed/recyclerview-1.1.0 as it is up-to-date.
Caching disabled for AarTransform: /data/data/com.termux/files/home/.gradle/caches/transforms-3/094924c6dd45a4a8923ffb9186c1586f/transformed/slidingpanelayout-1.2.0 because:
  Build cache is disabled
Skipping AarTransform: /data/data/com.termux/files/home/.gradle/caches/transforms-3/094924c6dd45a4a8923ffb9186c1586f/transformed/slidingpanelayout-1.2.0 as it is up-to-date.
Caching disabled for AarTransform: /data/data/com.termux/files/home/.gradle/caches/transforms-3/448ab9c7cab37b700d06fbffd623abb0/transformed/viewpager-1.0.0 because:
  Build cache is disabled
Skipping AarTransform: /data/data/com.termux/files/home/.gradle/caches/transforms-3/448ab9c7cab37b700d06fbffd623abb0/transformed/viewpager-1.0.0 as it is up-to-date.
Caching disabled for AarTransform: /data/data/com.termux/files/home/.gradle/caches/transforms-3/1689b5c4294402cdceb01fd7dd639931/transformed/customview-1.1.0 because:
  Build cache is disabled
Skipping AarTransform: /data/data/com.termux/files/home/.gradle/caches/transforms-3/1689b5c4294402cdceb01fd7dd639931/transformed/customview-1.1.0 as it is up-to-date.
Caching disabled for AarTransform: /data/data/com.termux/files/home/.gradle/caches/transforms-3/7e87582fe31d05ab540bc29571fbc435/transformed/transition-1.4.1 because:
  Build cache is disabled
Skipping AarTransform: /data/data/com.termux/files/home/.gradle/caches/transforms-3/7e87582fe31d05ab540bc29571fbc435/transformed/transition-1.4.1 as it is up-to-date.
Caching disabled for AarTransform: /data/data/com.termux/files/home/.gradle/caches/transforms-3/ba267e95536b0dcfd01027b591ea6ee7/transformed/jetified-window-1.0.0 because:
  Build cache is disabled
Skipping AarTransform: /data/data/com.termux/files/home/.gradle/caches/transforms-3/ba267e95536b0dcfd01027b591ea6ee7/transformed/jetified-window-1.0.0 as it is up-to-date.
Caching disabled for AarTransform: /data/data/com.termux/files/home/.gradle/caches/transforms-3/f98322f854a21334a75646f84147f7a3/transformed/core-1.10.1 because:
  Build cache is disabled
Skipping AarTransform: /data/data/com.termux/files/home/.gradle/caches/transforms-3/f98322f854a21334a75646f84147f7a3/transformed/core-1.10.1 as it is up-to-date.
Caching disabled for AarTransform: /data/data/com.termux/files/home/.gradle/caches/transforms-3/45e5ec749886c5d2d933e20639dbff1b/transformed/lifecycle-runtime-2.6.2 because:
  Build cache is disabled
Skipping AarTransform: /data/data/com.termux/files/home/.gradle/caches/transforms-3/45e5ec749886c5d2d933e20639dbff1b/transformed/lifecycle-runtime-2.6.2 as it is up-to-date.
Caching disabled for AarTransform: /data/data/com.termux/files/home/.gradle/caches/transforms-3/41876dbb9859fba32288f26e638ee925/transformed/lifecycle-viewmodel-2.6.2 because:
  Build cache is disabled
Skipping AarTransform: /data/data/com.termux/files/home/.gradle/caches/transforms-3/41876dbb9859fba32288f26e638ee925/transformed/lifecycle-viewmodel-2.6.2 as it is up-to-date.
Caching disabled for AarTransform: /data/data/com.termux/files/home/.gradle/caches/transforms-3/5b2253fa9134060446d559f881c2ded0/transformed/jetified-lifecycle-runtime-ktx-2.6.2 because:
  Build cache is disabled
Skipping AarTransform: /data/data/com.termux/files/home/.gradle/caches/transforms-3/5b2253fa9134060446d559f881c2ded0/transformed/jetified-lifecycle-runtime-ktx-2.6.2 as it is up-to-date.
Caching disabled for AarTransform: /data/data/com.termux/files/home/.gradle/caches/transforms-3/8a19d2b022ce76493028c63176004030/transformed/jetified-lifecycle-livedata-ktx-2.6.2 because:
  Build cache is disabled
Skipping AarTransform: /data/data/com.termux/files/home/.gradle/caches/transforms-3/8a19d2b022ce76493028c63176004030/transformed/jetified-lifecycle-livedata-ktx-2.6.2 as it is up-to-date.
Caching disabled for AarTransform: /data/data/com.termux/files/home/.gradle/caches/transforms-3/d187e2242b04c94066605bda020f9066/transformed/jetified-lifecycle-viewmodel-ktx-2.6.2 because:
  Build cache is disabled
Skipping AarTransform: /data/data/com.termux/files/home/.gradle/caches/transforms-3/d187e2242b04c94066605bda020f9066/transformed/jetified-lifecycle-viewmodel-ktx-2.6.2 as it is up-to-date.
Caching disabled for AarTransform: /data/data/com.termux/files/home/.gradle/caches/transforms-3/96622c893ea6bfbcfa0911741a1bb48f/transformed/jetified-room-ktx-2.4.3 because:
  Build cache is disabled
Skipping AarTransform: /data/data/com.termux/files/home/.gradle/caches/transforms-3/96622c893ea6bfbcfa0911741a1bb48f/transformed/jetified-room-ktx-2.4.3 as it is up-to-date.
Caching disabled for AarTransform: /data/data/com.termux/files/home/.gradle/caches/transforms-3/750c59c520d410fdb6849eb5bd1519f5/transformed/jetified-datastore-preferences-1.0.0 because:
  Build cache is disabled
Skipping AarTransform: /data/data/com.termux/files/home/.gradle/caches/transforms-3/750c59c520d410fdb6849eb5bd1519f5/transformed/jetified-datastore-preferences-1.0.0 as it is up-to-date.
Caching disabled for AarTransform: /data/data/com.termux/files/home/.gradle/caches/transforms-3/3e23c074c88f522629451a71783f39f8/transformed/jetified-datastore-1.0.0 because:
  Build cache is disabled
Skipping AarTransform: /data/data/com.termux/files/home/.gradle/caches/transforms-3/3e23c074c88f522629451a71783f39f8/transformed/jetified-datastore-1.0.0 as it is up-to-date.
Caching disabled for AarTransform: /data/data/com.termux/files/home/.gradle/caches/transforms-3/c4f53ced34abcde42b636439be4ba6e8/transformed/room-runtime-2.4.3 because:
  Build cache is disabled
Skipping AarTransform: /data/data/com.termux/files/home/.gradle/caches/transforms-3/c4f53ced34abcde42b636439be4ba6e8/transformed/room-runtime-2.4.3 as it is up-to-date.
Caching disabled for AarTransform: /data/data/com.termux/files/home/.gradle/caches/transforms-3/6ed7e7aef34a682fae993460dea7ece6/transformed/jetified-annotation-experimental-1.3.0 because:
  Build cache is disabled
Skipping AarTransform: /data/data/com.termux/files/home/.gradle/caches/transforms-3/6ed7e7aef34a682fae993460dea7ece6/transformed/jetified-annotation-experimental-1.3.0 as it is up-to-date.
Caching disabled for AarTransform: /data/data/com.termux/files/home/.gradle/caches/transforms-3/53f7a9e18ed75d00a48ebd4b2aa0fee9/transformed/cursoradapter-1.0.0 because:
  Build cache is disabled
Skipping AarTransform: /data/data/com.termux/files/home/.gradle/caches/transforms-3/53f7a9e18ed75d00a48ebd4b2aa0fee9/transformed/cursoradapter-1.0.0 as it is up-to-date.
Caching disabled for AarTransform: /data/data/com.termux/files/home/.gradle/caches/transforms-3/ea9254c73b7d115f74bf837e2c972435/transformed/cardview-1.0.0 because:
  Build cache is disabled
Skipping AarTransform: /data/data/com.termux/files/home/.gradle/caches/transforms-3/ea9254c73b7d115f74bf837e2c972435/transformed/cardview-1.0.0 as it is up-to-date.
Caching disabled for AarTransform: /data/data/com.termux/files/home/.gradle/caches/transforms-3/0163d7b5f8701603a522e5edb1be70bc/transformed/sqlite-framework-2.2.0 because:
  Build cache is disabled
Skipping AarTransform: /data/data/com.termux/files/home/.gradle/caches/transforms-3/0163d7b5f8701603a522e5edb1be70bc/transformed/sqlite-framework-2.2.0 as it is up-to-date.
Caching disabled for AarTransform: /data/data/com.termux/files/home/.gradle/caches/transforms-3/41b0136542f49d892cfea906fcd6d7e6/transformed/sqlite-2.2.0 because:
  Build cache is disabled
Skipping AarTransform: /data/data/com.termux/files/home/.gradle/caches/transforms-3/41b0136542f49d892cfea906fcd6d7e6/transformed/sqlite-2.2.0 as it is up-to-date.
Caching disabled for AarTransform: /data/data/com.termux/files/home/.gradle/caches/transforms-3/f6a000f5b02df722ae11ca253b08de68/transformed/interpolator-1.0.0 because:
  Build cache is disabled
Skipping AarTransform: /data/data/com.termux/files/home/.gradle/caches/transforms-3/f6a000f5b02df722ae11ca253b08de68/transformed/interpolator-1.0.0 as it is up-to-date.
Caching disabled for AarTransform: /data/data/com.termux/files/home/.gradle/caches/transforms-3/3da46d920d7ebc303d395ce5c75d83ec/transformed/versionedparcelable-1.1.1 because:
  Build cache is disabled
Skipping AarTransform: /data/data/com.termux/files/home/.gradle/caches/transforms-3/3da46d920d7ebc303d395ce5c75d83ec/transformed/versionedparcelable-1.1.1 as it is up-to-date.
Caching disabled for AarTransform: /data/data/com.termux/files/home/.gradle/caches/transforms-3/022489f8d1b26983c75350da1fe292c0/transformed/jetified-profileinstaller-1.3.0 because:
  Build cache is disabled
Skipping AarTransform: /data/data/com.termux/files/home/.gradle/caches/transforms-3/022489f8d1b26983c75350da1fe292c0/transformed/jetified-profileinstaller-1.3.0 as it is up-to-date.
Caching disabled for AarTransform: /data/data/com.termux/files/home/.gradle/caches/transforms-3/342dd7a070826fded9552877571d0840/transformed/jetified-startup-runtime-1.1.1 because:
  Build cache is disabled
Skipping AarTransform: /data/data/com.termux/files/home/.gradle/caches/transforms-3/342dd7a070826fded9552877571d0840/transformed/jetified-startup-runtime-1.1.1 as it is up-to-date.
Caching disabled for AarTransform: /data/data/com.termux/files/home/.gradle/caches/transforms-3/6fc182472c996f0d22fe5b2c284717c9/transformed/jetified-tracing-1.0.0 because:
  Build cache is disabled
Skipping AarTransform: /data/data/com.termux/files/home/.gradle/caches/transforms-3/6fc182472c996f0d22fe5b2c284717c9/transformed/jetified-tracing-1.0.0 as it is up-to-date.
Caching disabled for AarTransform: /data/data/com.termux/files/home/.gradle/caches/transforms-3/eedc656d7d1896c186892971d489b41d/transformed/core-runtime-2.2.0 because:
  Build cache is disabled
Skipping AarTransform: /data/data/com.termux/files/home/.gradle/caches/transforms-3/eedc656d7d1896c186892971d489b41d/transformed/core-runtime-2.2.0 as it is up-to-date.
Caching disabled for AarTransform: /data/data/com.termux/files/home/.gradle/caches/transforms-3/d5ebe4106467838f9c868968c4dd1481/transformed/documentfile-1.0.0 because:
  Build cache is disabled
Skipping AarTransform: /data/data/com.termux/files/home/.gradle/caches/transforms-3/d5ebe4106467838f9c868968c4dd1481/transformed/documentfile-1.0.0 as it is up-to-date.
Caching disabled for AarTransform: /data/data/com.termux/files/home/.gradle/caches/transforms-3/c6c377add57629ccb71f1fcb0c4ed27d/transformed/localbroadcastmanager-1.0.0 because:
  Build cache is disabled
Skipping AarTransform: /data/data/com.termux/files/home/.gradle/caches/transforms-3/c6c377add57629ccb71f1fcb0c4ed27d/transformed/localbroadcastmanager-1.0.0 as it is up-to-date.
Caching disabled for AarTransform: /data/data/com.termux/files/home/.gradle/caches/transforms-3/72d000d98a60f3407ebe82bf5dc3e646/transformed/print-1.0.0 because:
  Build cache is disabled
Skipping AarTransform: /data/data/com.termux/files/home/.gradle/caches/transforms-3/72d000d98a60f3407ebe82bf5dc3e646/transformed/print-1.0.0 as it is up-to-date.
Caching disabled for AarTransform: /data/data/com.termux/files/home/.gradle/caches/transforms-3/29297dc260ef1e14d03ecbed728f7a94/transformed/navigation-ui-ktx-2.5.3 because:
  Build cache is disabled
Skipping AarTransform: /data/data/com.termux/files/home/.gradle/caches/transforms-3/29297dc260ef1e14d03ecbed728f7a94/transformed/navigation-ui-ktx-2.5.3 as it is up-to-date.
Caching disabled for AarTransform: /data/data/com.termux/files/home/.gradle/caches/transforms-3/e3299c3de28fce58da62f20af2a638f1/transformed/jetified-fragment-ktx-1.5.4 because:
  Build cache is disabled
Skipping AarTransform: /data/data/com.termux/files/home/.gradle/caches/transforms-3/e3299c3de28fce58da62f20af2a638f1/transformed/jetified-fragment-ktx-1.5.4 as it is up-to-date.
Caching disabled for AarTransform: /data/data/com.termux/files/home/.gradle/caches/transforms-3/be3e33f4af03280be6f7752da3c9041e/transformed/navigation-ui-2.5.3 because:
  Build cache is disabled
Skipping AarTransform: /data/data/com.termux/files/home/.gradle/caches/transforms-3/be3e33f4af03280be6f7752da3c9041e/transformed/navigation-ui-2.5.3 as it is up-to-date.
Caching disabled for AarTransform: /data/data/com.termux/files/home/.gradle/caches/transforms-3/24157ebc0da62d165fc9b5c58f25cd0e/transformed/navigation-fragment-2.5.3 because:
  Build cache is disabled
Skipping AarTransform: /data/data/com.termux/files/home/.gradle/caches/transforms-3/24157ebc0da62d165fc9b5c58f25cd0e/transformed/navigation-fragment-2.5.3 as it is up-to-date.
Caching disabled for AarTransform: /data/data/com.termux/files/home/.gradle/caches/transforms-3/280fbb89018576a39d56cdc0b973db64/transformed/material-1.10.0 because:
  Build cache is disabled
Skipping AarTransform: /data/data/com.termux/files/home/.gradle/caches/transforms-3/280fbb89018576a39d56cdc0b973db64/transformed/material-1.10.0 as it is up-to-date.
Caching disabled for AarTransform: /data/data/com.termux/files/home/.gradle/caches/transforms-3/4feb2c3076d22f4a97c17ac53ecb2030/transformed/navigation-fragment-ktx-2.5.3 because:
  Build cache is disabled
Skipping AarTransform: /data/data/com.termux/files/home/.gradle/caches/transforms-3/4feb2c3076d22f4a97c17ac53ecb2030/transformed/navigation-fragment-ktx-2.5.3 as it is up-to-date.
Caching disabled for AarTransform: /data/data/com.termux/files/home/.gradle/caches/transforms-3/76ade6abed6a2a1af27a5d604d8065c4/transformed/constraintlayout-2.1.4 because:
  Build cache is disabled
Skipping AarTransform: /data/data/com.termux/files/home/.gradle/caches/transforms-3/76ade6abed6a2a1af27a5d604d8065c4/transformed/constraintlayout-2.1.4 as it is up-to-date.
Caching disabled for AarTransform: /data/data/com.termux/files/home/.gradle/caches/transforms-3/bd5cb5ae51a5889cd4c16c2cac4e56b3/transformed/jetified-viewpager2-1.0.0 because:
  Build cache is disabled
Skipping AarTransform: /data/data/com.termux/files/home/.gradle/caches/transforms-3/bd5cb5ae51a5889cd4c16c2cac4e56b3/transformed/jetified-viewpager2-1.0.0 as it is up-to-date.
Caching disabled for AarTransform: /data/data/com.termux/files/home/.gradle/caches/transforms-3/b7ccb8cd84b7c4347a681e5603399369/transformed/appcompat-1.6.1 because:
  Build cache is disabled
Skipping AarTransform: /data/data/com.termux/files/home/.gradle/caches/transforms-3/b7ccb8cd84b7c4347a681e5603399369/transformed/appcompat-1.6.1 as it is up-to-date.
Caching disabled for AarTransform: /data/data/com.termux/files/home/.gradle/caches/transforms-3/0e66c9127c822c8ffe5f7b5bd5d30c27/transformed/jetified-appcompat-resources-1.6.1 because:
  Build cache is disabled
Skipping AarTransform: /data/data/com.termux/files/home/.gradle/caches/transforms-3/0e66c9127c822c8ffe5f7b5bd5d30c27/transformed/jetified-appcompat-resources-1.6.1 as it is up-to-date.
Transforming navigation-ui-ktx-2.5.3.aar (androidx.navigation:navigation-ui-ktx:2.5.3) with JetifyTransform
Transforming navigation-ui-ktx-2.5.3.aar (androidx.navigation:navigation-ui-ktx:2.5.3) with ExtractAarTransform
Transforming navigation-ui-ktx-2.5.3.aar (androidx.navigation:navigation-ui-ktx:2.5.3) with AarTransform
Transforming navigation-ui-2.5.3.aar (androidx.navigation:navigation-ui:2.5.3) with JetifyTransform
Transforming navigation-ui-2.5.3.aar (androidx.navigation:navigation-ui:2.5.3) with ExtractAarTransform
Transforming navigation-ui-2.5.3.aar (androidx.navigation:navigation-ui:2.5.3) with AarTransform
Transforming material-1.10.0.aar (com.google.android.material:material:1.10.0) with JetifyTransform
Transforming material-1.10.0.aar (com.google.android.material:material:1.10.0) with ExtractAarTransform
Transforming material-1.10.0.aar (com.google.android.material:material:1.10.0) with AarTransform
Transforming constraintlayout-2.1.4.aar (androidx.constraintlayout:constraintlayout:2.1.4) with JetifyTransform
Transforming constraintlayout-2.1.4.aar (androidx.constraintlayout:constraintlayout:2.1.4) with ExtractAarTransform
Transforming constraintlayout-2.1.4.aar (androidx.constraintlayout:constraintlayout:2.1.4) with AarTransform
Transforming appcompat-resources-1.6.1.aar (androidx.appcompat:appcompat-resources:1.6.1) with JetifyTransform
Transforming appcompat-resources-1.6.1.aar (androidx.appcompat:appcompat-resources:1.6.1) with ExtractAarTransform
Transforming appcompat-resources-1.6.1.aar (androidx.appcompat:appcompat-resources:1.6.1) with AarTransform
Transforming appcompat-1.6.1.aar (androidx.appcompat:appcompat:1.6.1) with JetifyTransform
Transforming appcompat-1.6.1.aar (androidx.appcompat:appcompat:1.6.1) with ExtractAarTransform
Transforming appcompat-1.6.1.aar (androidx.appcompat:appcompat:1.6.1) with AarTransform
Transforming viewpager2-1.0.0.aar (androidx.viewpager2:viewpager2:1.0.0) with JetifyTransform
Transforming viewpager2-1.0.0.aar (androidx.viewpager2:viewpager2:1.0.0) with ExtractAarTransform
Transforming viewpager2-1.0.0.aar (androidx.viewpager2:viewpager2:1.0.0) with AarTransform
Transforming navigation-fragment-ktx-2.5.3.aar (androidx.navigation:navigation-fragment-ktx:2.5.3) with JetifyTransform
Transforming navigation-fragment-ktx-2.5.3.aar (androidx.navigation:navigation-fragment-ktx:2.5.3) with ExtractAarTransform
Transforming navigation-fragment-ktx-2.5.3.aar (androidx.navigation:navigation-fragment-ktx:2.5.3) with AarTransform
Transforming navigation-fragment-2.5.3.aar (androidx.navigation:navigation-fragment:2.5.3) with JetifyTransform
Transforming navigation-fragment-2.5.3.aar (androidx.navigation:navigation-fragment:2.5.3) with ExtractAarTransform
Transforming navigation-fragment-2.5.3.aar (androidx.navigation:navigation-fragment:2.5.3) with AarTransform
Transforming fragment-ktx-1.5.4.aar (androidx.fragment:fragment-ktx:1.5.4) with JetifyTransform
Transforming fragment-ktx-1.5.4.aar (androidx.fragment:fragment-ktx:1.5.4) with ExtractAarTransform
Transforming fragment-ktx-1.5.4.aar (androidx.fragment:fragment-ktx:1.5.4) with AarTransform
Transforming fragment-1.5.4.aar (androidx.fragment:fragment:1.5.4) with JetifyTransform
Transforming fragment-1.5.4.aar (androidx.fragment:fragment:1.5.4) with ExtractAarTransform
Transforming fragment-1.5.4.aar (androidx.fragment:fragment:1.5.4) with AarTransform
Transforming fragment-1.5.4.aar (androidx.fragment:fragment:1.5.4) with JetifyTransform
Transforming fragment-1.5.4.aar (androidx.fragment:fragment:1.5.4) with ExtractAarTransform
Transforming fragment-1.5.4.aar (androidx.fragment:fragment:1.5.4) with AarTransform
Transforming navigation-runtime-ktx-2.5.3.aar (androidx.navigation:navigation-runtime-ktx:2.5.3) with JetifyTransform
Transforming navigation-runtime-ktx-2.5.3.aar (androidx.navigation:navigation-runtime-ktx:2.5.3) with ExtractAarTransform
Transforming navigation-runtime-ktx-2.5.3.aar (androidx.navigation:navigation-runtime-ktx:2.5.3) with AarTransform
Transforming navigation-runtime-2.5.3.aar (androidx.navigation:navigation-runtime:2.5.3) with JetifyTransform
Transforming navigation-runtime-2.5.3.aar (androidx.navigation:navigation-runtime:2.5.3) with ExtractAarTransform
Transforming navigation-runtime-2.5.3.aar (androidx.navigation:navigation-runtime:2.5.3) with AarTransform
Transforming activity-ktx-1.8.0.aar (androidx.activity:activity-ktx:1.8.0) with JetifyTransform
Transforming activity-ktx-1.8.0.aar (androidx.activity:activity-ktx:1.8.0) with ExtractAarTransform
Transforming activity-ktx-1.8.0.aar (androidx.activity:activity-ktx:1.8.0) with AarTransform
Transforming activity-1.8.0.aar (androidx.activity:activity:1.8.0) with JetifyTransform
Transforming activity-1.8.0.aar (androidx.activity:activity:1.8.0) with ExtractAarTransform
Transforming activity-1.8.0.aar (androidx.activity:activity:1.8.0) with AarTransform
Transforming emoji2-views-helper-1.2.0.aar (androidx.emoji2:emoji2-views-helper:1.2.0) with JetifyTransform
Transforming emoji2-views-helper-1.2.0.aar (androidx.emoji2:emoji2-views-helper:1.2.0) with ExtractAarTransform
Transforming emoji2-views-helper-1.2.0.aar (androidx.emoji2:emoji2-views-helper:1.2.0) with AarTransform
Transforming emoji2-1.2.0.aar (androidx.emoji2:emoji2:1.2.0) with JetifyTransform
Transforming emoji2-1.2.0.aar (androidx.emoji2:emoji2:1.2.0) with ExtractAarTransform
Transforming emoji2-1.2.0.aar (androidx.emoji2:emoji2:1.2.0) with AarTransform
Transforming navigation-common-ktx-2.5.3.aar (androidx.navigation:navigation-common-ktx:2.5.3) with JetifyTransform
Transforming navigation-common-ktx-2.5.3.aar (androidx.navigation:navigation-common-ktx:2.5.3) with ExtractAarTransform
Transforming navigation-common-ktx-2.5.3.aar (androidx.navigation:navigation-common-ktx:2.5.3) with AarTransform
Transforming navigation-common-2.5.3.aar (androidx.navigation:navigation-common:2.5.3) with JetifyTransform
Transforming navigation-common-2.5.3.aar (androidx.navigation:navigation-common:2.5.3) with ExtractAarTransform
Transforming navigation-common-2.5.3.aar (androidx.navigation:navigation-common:2.5.3) with AarTransform
Transforming savedstate-ktx-1.2.1.aar (androidx.savedstate:savedstate-ktx:1.2.1) with JetifyTransform
Transforming savedstate-ktx-1.2.1.aar (androidx.savedstate:savedstate-ktx:1.2.1) with ExtractAarTransform
Transforming savedstate-ktx-1.2.1.aar (androidx.savedstate:savedstate-ktx:1.2.1) with AarTransform
Transforming savedstate-1.2.1.aar (androidx.savedstate:savedstate:1.2.1) with JetifyTransform
Transforming savedstate-1.2.1.aar (androidx.savedstate:savedstate:1.2.1) with ExtractAarTransform
Transforming savedstate-1.2.1.aar (androidx.savedstate:savedstate:1.2.1) with AarTransform
Transforming lifecycle-livedata-core-2.6.2.aar (androidx.lifecycle:lifecycle-livedata-core:2.6.2) with JetifyTransform
Transforming lifecycle-livedata-core-2.6.2.aar (androidx.lifecycle:lifecycle-livedata-core:2.6.2) with ExtractAarTransform
Transforming lifecycle-livedata-core-2.6.2.aar (androidx.lifecycle:lifecycle-livedata-core:2.6.2) with AarTransform
Transforming lifecycle-process-2.6.2.aar (androidx.lifecycle:lifecycle-process:2.6.2) with JetifyTransform
Transforming lifecycle-process-2.6.2.aar (androidx.lifecycle:lifecycle-process:2.6.2) with ExtractAarTransform
Transforming lifecycle-process-2.6.2.aar (androidx.lifecycle:lifecycle-process:2.6.2) with AarTransform
Transforming lifecycle-livedata-core-ktx-2.6.2.aar (androidx.lifecycle:lifecycle-livedata-core-ktx:2.6.2) with JetifyTransform
Transforming lifecycle-livedata-core-ktx-2.6.2.aar (androidx.lifecycle:lifecycle-livedata-core-ktx:2.6.2) with ExtractAarTransform
Transforming lifecycle-livedata-core-ktx-2.6.2.aar (androidx.lifecycle:lifecycle-livedata-core-ktx:2.6.2) with AarTransform
Transforming dynamicanimation-1.0.0.aar (androidx.dynamicanimation:dynamicanimation:1.0.0) with JetifyTransform
Transforming dynamicanimation-1.0.0.aar (androidx.dynamicanimation:dynamicanimation:1.0.0) with ExtractAarTransform
Transforming dynamicanimation-1.0.0.aar (androidx.dynamicanimation:dynamicanimation:1.0.0) with AarTransform
Transforming legacy-support-core-utils-1.0.0.aar (androidx.legacy:legacy-support-core-utils:1.0.0) with JetifyTransform
Transforming legacy-support-core-utils-1.0.0.aar (androidx.legacy:legacy-support-core-utils:1.0.0) with ExtractAarTransform
Transforming legacy-support-core-utils-1.0.0.aar (androidx.legacy:legacy-support-core-utils:1.0.0) with AarTransform
Transforming loader-1.0.0.aar (androidx.loader:loader:1.0.0) with JetifyTransform
Transforming loader-1.0.0.aar (androidx.loader:loader:1.0.0) with ExtractAarTransform
Transforming loader-1.0.0.aar (androidx.loader:loader:1.0.0) with AarTransform
Transforming loader-1.0.0.aar (androidx.loader:loader:1.0.0) with JetifyTransform
Transforming loader-1.0.0.aar (androidx.loader:loader:1.0.0) with ExtractAarTransform
Transforming loader-1.0.0.aar (androidx.loader:loader:1.0.0) with AarTransform
Transforming lifecycle-livedata-2.6.2.aar (androidx.lifecycle:lifecycle-livedata:2.6.2) with JetifyTransform
Transforming lifecycle-livedata-2.6.2.aar (androidx.lifecycle:lifecycle-livedata:2.6.2) with ExtractAarTransform
Transforming lifecycle-livedata-2.6.2.aar (androidx.lifecycle:lifecycle-livedata:2.6.2) with AarTransform
Transforming lifecycle-livedata-2.6.2.aar (androidx.lifecycle:lifecycle-livedata:2.6.2) with JetifyTransform
Transforming lifecycle-livedata-2.6.2.aar (androidx.lifecycle:lifecycle-livedata:2.6.2) with ExtractAarTransform
Transforming lifecycle-livedata-2.6.2.aar (androidx.lifecycle:lifecycle-livedata:2.6.2) with AarTransform
Transforming lifecycle-viewmodel-savedstate-2.6.2.aar (androidx.lifecycle:lifecycle-viewmodel-savedstate:2.6.2) with JetifyTransform
Transforming lifecycle-viewmodel-savedstate-2.6.2.aar (androidx.lifecycle:lifecycle-viewmodel-savedstate:2.6.2) with ExtractAarTransform
Transforming lifecycle-viewmodel-savedstate-2.6.2.aar (androidx.lifecycle:lifecycle-viewmodel-savedstate:2.6.2) with AarTransform
Transforming core-ktx-1.10.1.aar (androidx.core:core-ktx:1.10.1) with JetifyTransform
Transforming core-ktx-1.10.1.aar (androidx.core:core-ktx:1.10.1) with ExtractAarTransform
Transforming core-ktx-1.10.1.aar (androidx.core:core-ktx:1.10.1) with AarTransform
Transforming drawerlayout-1.1.1.aar (androidx.drawerlayout:drawerlayout:1.1.1) with JetifyTransform
Transforming drawerlayout-1.1.1.aar (androidx.drawerlayout:drawerlayout:1.1.1) with ExtractAarTransform
Transforming drawerlayout-1.1.1.aar (androidx.drawerlayout:drawerlayout:1.1.1) with AarTransform
Transforming coordinatorlayout-1.1.0.aar (androidx.coordinatorlayout:coordinatorlayout:1.1.0) with JetifyTransform
Transforming coordinatorlayout-1.1.0.aar (androidx.coordinatorlayout:coordinatorlayout:1.1.0) with ExtractAarTransform
Transforming coordinatorlayout-1.1.0.aar (androidx.coordinatorlayout:coordinatorlayout:1.1.0) with AarTransform
Transforming vectordrawable-animated-1.1.0.aar (androidx.vectordrawable:vectordrawable-animated:1.1.0) with JetifyTransform
Transforming vectordrawable-animated-1.1.0.aar (androidx.vectordrawable:vectordrawable-animated:1.1.0) with ExtractAarTransform
Transforming vectordrawable-animated-1.1.0.aar (androidx.vectordrawable:vectordrawable-animated:1.1.0) with AarTransform
Transforming vectordrawable-1.1.0.aar (androidx.vectordrawable:vectordrawable:1.1.0) with JetifyTransform
Transforming vectordrawable-1.1.0.aar (androidx.vectordrawable:vectordrawable:1.1.0) with ExtractAarTransform
Transforming vectordrawable-1.1.0.aar (androidx.vectordrawable:vectordrawable:1.1.0) with AarTransform
Transforming vectordrawable-1.1.0.aar (androidx.vectordrawable:vectordrawable:1.1.0) with JetifyTransform
Transforming vectordrawable-1.1.0.aar (androidx.vectordrawable:vectordrawable:1.1.0) with ExtractAarTransform
Transforming vectordrawable-1.1.0.aar (androidx.vectordrawable:vectordrawable:1.1.0) with AarTransform
Transforming recyclerview-1.1.0.aar (androidx.recyclerview:recyclerview:1.1.0) with JetifyTransform
Transforming recyclerview-1.1.0.aar (androidx.recyclerview:recyclerview:1.1.0) with ExtractAarTransform
Transforming recyclerview-1.1.0.aar (androidx.recyclerview:recyclerview:1.1.0) with AarTransform
Transforming recyclerview-1.1.0.aar (androidx.recyclerview:recyclerview:1.1.0) with JetifyTransform
Transforming recyclerview-1.1.0.aar (androidx.recyclerview:recyclerview:1.1.0) with ExtractAarTransform
Transforming recyclerview-1.1.0.aar (androidx.recyclerview:recyclerview:1.1.0) with AarTransform
Transforming slidingpanelayout-1.2.0.aar (androidx.slidingpanelayout:slidingpanelayout:1.2.0) with JetifyTransform
Transforming slidingpanelayout-1.2.0.aar (androidx.slidingpanelayout:slidingpanelayout:1.2.0) with ExtractAarTransform
Transforming slidingpanelayout-1.2.0.aar (androidx.slidingpanelayout:slidingpanelayout:1.2.0) with AarTransform
Transforming viewpager-1.0.0.aar (androidx.viewpager:viewpager:1.0.0) with JetifyTransform
Transforming viewpager-1.0.0.aar (androidx.viewpager:viewpager:1.0.0) with ExtractAarTransform
Transforming viewpager-1.0.0.aar (androidx.viewpager:viewpager:1.0.0) with AarTransform
Transforming customview-1.1.0.aar (androidx.customview:customview:1.1.0) with JetifyTransform
Transforming customview-1.1.0.aar (androidx.customview:customview:1.1.0) with ExtractAarTransform
Transforming customview-1.1.0.aar (androidx.customview:customview:1.1.0) with AarTransform
Transforming customview-1.1.0.aar (androidx.customview:customview:1.1.0) with JetifyTransform
Transforming customview-1.1.0.aar (androidx.customview:customview:1.1.0) with ExtractAarTransform
Transforming customview-1.1.0.aar (androidx.customview:customview:1.1.0) with AarTransform
Transforming customview-1.1.0.aar (androidx.customview:customview:1.1.0) with JetifyTransform
Transforming customview-1.1.0.aar (androidx.customview:customview:1.1.0) with ExtractAarTransform
Transforming customview-1.1.0.aar (androidx.customview:customview:1.1.0) with AarTransform
Transforming customview-1.1.0.aar (androidx.customview:customview:1.1.0) with JetifyTransform
Transforming customview-1.1.0.aar (androidx.customview:customview:1.1.0) with ExtractAarTransform
Transforming customview-1.1.0.aar (androidx.customview:customview:1.1.0) with AarTransform
Transforming customview-1.1.0.aar (androidx.customview:customview:1.1.0) with JetifyTransform
Transforming customview-1.1.0.aar (androidx.customview:customview:1.1.0) with ExtractAarTransform
Transforming customview-1.1.0.aar (androidx.customview:customview:1.1.0) with AarTransform
Transforming transition-1.4.1.aar (androidx.transition:transition:1.4.1) with JetifyTransform
Transforming transition-1.4.1.aar (androidx.transition:transition:1.4.1) with ExtractAarTransform
Transforming transition-1.4.1.aar (androidx.transition:transition:1.4.1) with AarTransform
Transforming window-1.0.0.aar (androidx.window:window:1.0.0) with JetifyTransform
Transforming window-1.0.0.aar (androidx.window:window:1.0.0) with ExtractAarTransform
Transforming window-1.0.0.aar (androidx.window:window:1.0.0) with AarTransform
Transforming core-1.10.1.aar (androidx.core:core:1.10.1) with JetifyTransform
Transforming core-1.10.1.aar (androidx.core:core:1.10.1) with ExtractAarTransform
Transforming core-1.10.1.aar (androidx.core:core:1.10.1) with AarTransform
Transforming core-1.10.1.aar (androidx.core:core:1.10.1) with JetifyTransform
Transforming core-1.10.1.aar (androidx.core:core:1.10.1) with ExtractAarTransform
Transforming core-1.10.1.aar (androidx.core:core:1.10.1) with AarTransform
Transforming core-1.10.1.aar (androidx.core:core:1.10.1) with JetifyTransform
Transforming core-1.10.1.aar (androidx.core:core:1.10.1) with ExtractAarTransform
Transforming core-1.10.1.aar (androidx.core:core:1.10.1) with AarTransform
Transforming core-1.10.1.aar (androidx.core:core:1.10.1) with JetifyTransform
Transforming core-1.10.1.aar (androidx.core:core:1.10.1) with ExtractAarTransform
Transforming core-1.10.1.aar (androidx.core:core:1.10.1) with AarTransform
Transforming core-1.10.1.aar (androidx.core:core:1.10.1) with JetifyTransform
Transforming core-1.10.1.aar (androidx.core:core:1.10.1) with ExtractAarTransform
Transforming core-1.10.1.aar (androidx.core:core:1.10.1) with AarTransform
Transforming core-1.10.1.aar (androidx.core:core:1.10.1) with JetifyTransform
Transforming core-1.10.1.aar (androidx.core:core:1.10.1) with ExtractAarTransform
Transforming core-1.10.1.aar (androidx.core:core:1.10.1) with AarTransform
Transforming core-1.10.1.aar (androidx.core:core:1.10.1) with JetifyTransform
Transforming core-1.10.1.aar (androidx.core:core:1.10.1) with ExtractAarTransform
Transforming core-1.10.1.aar (androidx.core:core:1.10.1) with AarTransform
Transforming core-1.10.1.aar (androidx.core:core:1.10.1) with JetifyTransform
Transforming core-1.10.1.aar (androidx.core:core:1.10.1) with ExtractAarTransform
Transforming core-1.10.1.aar (androidx.core:core:1.10.1) with AarTransform
Transforming core-1.10.1.aar (androidx.core:core:1.10.1) with JetifyTransform
Transforming core-1.10.1.aar (androidx.core:core:1.10.1) with ExtractAarTransform
Transforming core-1.10.1.aar (androidx.core:core:1.10.1) with AarTransform
Transforming core-1.10.1.aar (androidx.core:core:1.10.1) with JetifyTransform
Transforming core-1.10.1.aar (androidx.core:core:1.10.1) with ExtractAarTransform
Transforming core-1.10.1.aar (androidx.core:core:1.10.1) with AarTransform
Transforming core-1.10.1.aar (androidx.core:core:1.10.1) with JetifyTransform
Transforming core-1.10.1.aar (androidx.core:core:1.10.1) with ExtractAarTransform
Transforming core-1.10.1.aar (androidx.core:core:1.10.1) with AarTransform
Transforming lifecycle-runtime-2.6.2.aar (androidx.lifecycle:lifecycle-runtime:2.6.2) with JetifyTransform
Transforming lifecycle-runtime-2.6.2.aar (androidx.lifecycle:lifecycle-runtime:2.6.2) with ExtractAarTransform
Transforming lifecycle-runtime-2.6.2.aar (androidx.lifecycle:lifecycle-runtime:2.6.2) with AarTransform
Transforming lifecycle-viewmodel-2.6.2.aar (androidx.lifecycle:lifecycle-viewmodel:2.6.2) with JetifyTransform
Transforming lifecycle-viewmodel-2.6.2.aar (androidx.lifecycle:lifecycle-viewmodel:2.6.2) with ExtractAarTransform
Transforming lifecycle-viewmodel-2.6.2.aar (androidx.lifecycle:lifecycle-viewmodel:2.6.2) with AarTransform
Transforming lifecycle-viewmodel-2.6.2.aar (androidx.lifecycle:lifecycle-viewmodel:2.6.2) with JetifyTransform
Transforming lifecycle-viewmodel-2.6.2.aar (androidx.lifecycle:lifecycle-viewmodel:2.6.2) with ExtractAarTransform
Transforming lifecycle-viewmodel-2.6.2.aar (androidx.lifecycle:lifecycle-viewmodel:2.6.2) with AarTransform
Transforming lifecycle-runtime-ktx-2.6.2.aar (androidx.lifecycle:lifecycle-runtime-ktx:2.6.2) with JetifyTransform
Transforming lifecycle-runtime-ktx-2.6.2.aar (androidx.lifecycle:lifecycle-runtime-ktx:2.6.2) with ExtractAarTransform
Transforming lifecycle-runtime-ktx-2.6.2.aar (androidx.lifecycle:lifecycle-runtime-ktx:2.6.2) with AarTransform
Transforming lifecycle-livedata-ktx-2.6.2.aar (androidx.lifecycle:lifecycle-livedata-ktx:2.6.2) with JetifyTransform
Transforming lifecycle-livedata-ktx-2.6.2.aar (androidx.lifecycle:lifecycle-livedata-ktx:2.6.2) with ExtractAarTransform
Transforming lifecycle-livedata-ktx-2.6.2.aar (androidx.lifecycle:lifecycle-livedata-ktx:2.6.2) with AarTransform
Transforming lifecycle-viewmodel-ktx-2.6.2.aar (androidx.lifecycle:lifecycle-viewmodel-ktx:2.6.2) with JetifyTransform
Transforming lifecycle-viewmodel-ktx-2.6.2.aar (androidx.lifecycle:lifecycle-viewmodel-ktx:2.6.2) with ExtractAarTransform
Transforming lifecycle-viewmodel-ktx-2.6.2.aar (androidx.lifecycle:lifecycle-viewmodel-ktx:2.6.2) with AarTransform
Transforming room-ktx-2.4.3.aar (androidx.room:room-ktx:2.4.3) with JetifyTransform
Transforming room-ktx-2.4.3.aar (androidx.room:room-ktx:2.4.3) with ExtractAarTransform
Transforming room-ktx-2.4.3.aar (androidx.room:room-ktx:2.4.3) with AarTransform
Transforming datastore-preferences-1.0.0.aar (androidx.datastore:datastore-preferences:1.0.0) with JetifyTransform
Transforming datastore-preferences-1.0.0.aar (androidx.datastore:datastore-preferences:1.0.0) with ExtractAarTransform
Transforming datastore-preferences-1.0.0.aar (androidx.datastore:datastore-preferences:1.0.0) with AarTransform
Transforming datastore-1.0.0.aar (androidx.datastore:datastore:1.0.0) with JetifyTransform
Transforming datastore-1.0.0.aar (androidx.datastore:datastore:1.0.0) with ExtractAarTransform
Transforming datastore-1.0.0.aar (androidx.datastore:datastore:1.0.0) with AarTransform
Transforming room-runtime-2.4.3.aar (androidx.room:room-runtime:2.4.3) with JetifyTransform
Transforming room-runtime-2.4.3.aar (androidx.room:room-runtime:2.4.3) with ExtractAarTransform
Transforming room-runtime-2.4.3.aar (androidx.room:room-runtime:2.4.3) with AarTransform
Transforming annotation-experimental-1.3.0.aar (androidx.annotation:annotation-experimental:1.3.0) with JetifyTransform
Transforming annotation-experimental-1.3.0.aar (androidx.annotation:annotation-experimental:1.3.0) with ExtractAarTransform
Transforming annotation-experimental-1.3.0.aar (androidx.annotation:annotation-experimental:1.3.0) with AarTransform
Transforming cursoradapter-1.0.0.aar (androidx.cursoradapter:cursoradapter:1.0.0) with JetifyTransform
Transforming cursoradapter-1.0.0.aar (androidx.cursoradapter:cursoradapter:1.0.0) with ExtractAarTransform
Transforming cursoradapter-1.0.0.aar (androidx.cursoradapter:cursoradapter:1.0.0) with AarTransform
Transforming cardview-1.0.0.aar (androidx.cardview:cardview:1.0.0) with JetifyTransform
Transforming cardview-1.0.0.aar (androidx.cardview:cardview:1.0.0) with ExtractAarTransform
Transforming cardview-1.0.0.aar (androidx.cardview:cardview:1.0.0) with AarTransform
Transforming sqlite-framework-2.2.0.aar (androidx.sqlite:sqlite-framework:2.2.0) with JetifyTransform
Transforming sqlite-framework-2.2.0.aar (androidx.sqlite:sqlite-framework:2.2.0) with ExtractAarTransform
Transforming sqlite-framework-2.2.0.aar (androidx.sqlite:sqlite-framework:2.2.0) with AarTransform
Transforming sqlite-2.2.0.aar (androidx.sqlite:sqlite:2.2.0) with JetifyTransform
Transforming sqlite-2.2.0.aar (androidx.sqlite:sqlite:2.2.0) with ExtractAarTransform
Transforming sqlite-2.2.0.aar (androidx.sqlite:sqlite:2.2.0) with AarTransform
Transforming interpolator-1.0.0.aar (androidx.interpolator:interpolator:1.0.0) with JetifyTransform
Transforming interpolator-1.0.0.aar (androidx.interpolator:interpolator:1.0.0) with ExtractAarTransform
Transforming interpolator-1.0.0.aar (androidx.interpolator:interpolator:1.0.0) with AarTransform
Transforming interpolator-1.0.0.aar (androidx.interpolator:interpolator:1.0.0) with JetifyTransform
Transforming interpolator-1.0.0.aar (androidx.interpolator:interpolator:1.0.0) with ExtractAarTransform
Transforming interpolator-1.0.0.aar (androidx.interpolator:interpolator:1.0.0) with AarTransform
Transforming versionedparcelable-1.1.1.aar (androidx.versionedparcelable:versionedparcelable:1.1.1) with JetifyTransform
Transforming versionedparcelable-1.1.1.aar (androidx.versionedparcelable:versionedparcelable:1.1.1) with ExtractAarTransform
Transforming versionedparcelable-1.1.1.aar (androidx.versionedparcelable:versionedparcelable:1.1.1) with AarTransform
Transforming profileinstaller-1.3.0.aar (androidx.profileinstaller:profileinstaller:1.3.0) with JetifyTransform
Transforming profileinstaller-1.3.0.aar (androidx.profileinstaller:profileinstaller:1.3.0) with ExtractAarTransform
Transforming profileinstaller-1.3.0.aar (androidx.profileinstaller:profileinstaller:1.3.0) with AarTransform
Transforming startup-runtime-1.1.1.aar (androidx.startup:startup-runtime:1.1.1) with JetifyTransform
Transforming startup-runtime-1.1.1.aar (androidx.startup:startup-runtime:1.1.1) with ExtractAarTransform
Transforming startup-runtime-1.1.1.aar (androidx.startup:startup-runtime:1.1.1) with AarTransform
Transforming tracing-1.0.0.aar (androidx.tracing:tracing:1.0.0) with JetifyTransform
Transforming tracing-1.0.0.aar (androidx.tracing:tracing:1.0.0) with ExtractAarTransform
Transforming tracing-1.0.0.aar (androidx.tracing:tracing:1.0.0) with AarTransform
Transforming core-runtime-2.2.0.aar (androidx.arch.core:core-runtime:2.2.0) with JetifyTransform
Transforming core-runtime-2.2.0.aar (androidx.arch.core:core-runtime:2.2.0) with ExtractAarTransform
Transforming core-runtime-2.2.0.aar (androidx.arch.core:core-runtime:2.2.0) with AarTransform
Transforming documentfile-1.0.0.aar (androidx.documentfile:documentfile:1.0.0) with JetifyTransform
Transforming documentfile-1.0.0.aar (androidx.documentfile:documentfile:1.0.0) with ExtractAarTransform
Transforming documentfile-1.0.0.aar (androidx.documentfile:documentfile:1.0.0) with AarTransform
Transforming localbroadcastmanager-1.0.0.aar (androidx.localbroadcastmanager:localbroadcastmanager:1.0.0) with JetifyTransform
Transforming localbroadcastmanager-1.0.0.aar (androidx.localbroadcastmanager:localbroadcastmanager:1.0.0) with ExtractAarTransform
Transforming localbroadcastmanager-1.0.0.aar (androidx.localbroadcastmanager:localbroadcastmanager:1.0.0) with AarTransform
Transforming print-1.0.0.aar (androidx.print:print:1.0.0) with JetifyTransform
Transforming print-1.0.0.aar (androidx.print:print:1.0.0) with ExtractAarTransform
Transforming print-1.0.0.aar (androidx.print:print:1.0.0) with AarTransform
Caching disabled for AarTransform: /data/data/com.termux/files/home/.gradle/caches/transforms-3/3b428544fb58a905a766676a40750f8b/transformed/fragment-1.5.4 because:
  Build cache is disabled
Skipping AarTransform: /data/data/com.termux/files/home/.gradle/caches/transforms-3/3b428544fb58a905a766676a40750f8b/transformed/fragment-1.5.4 as it is up-to-date.
Caching disabled for AarTransform: /data/data/com.termux/files/home/.gradle/caches/transforms-3/3f8d5dc11b69a75c49966e17fce980c2/transformed/navigation-runtime-ktx-2.5.3 because:
  Build cache is disabled
Skipping AarTransform: /data/data/com.termux/files/home/.gradle/caches/transforms-3/3f8d5dc11b69a75c49966e17fce980c2/transformed/navigation-runtime-ktx-2.5.3 as it is up-to-date.
Caching disabled for AarTransform: /data/data/com.termux/files/home/.gradle/caches/transforms-3/bd92967648f74b6bfe7152bdf3a29a37/transformed/navigation-runtime-2.5.3 because:
  Build cache is disabled
Skipping AarTransform: /data/data/com.termux/files/home/.gradle/caches/transforms-3/bd92967648f74b6bfe7152bdf3a29a37/transformed/navigation-runtime-2.5.3 as it is up-to-date.
Caching disabled for AarTransform: /data/data/com.termux/files/home/.gradle/caches/transforms-3/9f00a34e9217b5f1fb46f51b349fd8f3/transformed/jetified-activity-ktx-1.8.0 because:
  Build cache is disabled
Skipping AarTransform: /data/data/com.termux/files/home/.gradle/caches/transforms-3/9f00a34e9217b5f1fb46f51b349fd8f3/transformed/jetified-activity-ktx-1.8.0 as it is up-to-date.
Caching disabled for AarTransform: /data/data/com.termux/files/home/.gradle/caches/transforms-3/ebfc84555254bacab62ad1da71fbc89c/transformed/jetified-activity-1.8.0 because:
  Build cache is disabled
Skipping AarTransform: /data/data/com.termux/files/home/.gradle/caches/transforms-3/ebfc84555254bacab62ad1da71fbc89c/transformed/jetified-activity-1.8.0 as it is up-to-date.
Caching disabled for AarTransform: /data/data/com.termux/files/home/.gradle/caches/transforms-3/cbf7c05711435233ff3168cbc0eee7e6/transformed/jetified-emoji2-views-helper-1.2.0 because:
  Build cache is disabled
Skipping AarTransform: /data/data/com.termux/files/home/.gradle/caches/transforms-3/cbf7c05711435233ff3168cbc0eee7e6/transformed/jetified-emoji2-views-helper-1.2.0 as it is up-to-date.
Caching disabled for AarTransform: /data/data/com.termux/files/home/.gradle/caches/transforms-3/98a8efc877b7c9d8ab9f1a39bc51622a/transformed/jetified-emoji2-1.2.0 because:
  Build cache is disabled
Skipping AarTransform: /data/data/com.termux/files/home/.gradle/caches/transforms-3/98a8efc877b7c9d8ab9f1a39bc51622a/transformed/jetified-emoji2-1.2.0 as it is up-to-date.
Caching disabled for AarTransform: /data/data/com.termux/files/home/.gradle/caches/transforms-3/08320af73d98014beb03478360de7461/transformed/navigation-common-ktx-2.5.3 because:
  Build cache is disabled
Skipping AarTransform: /data/data/com.termux/files/home/.gradle/caches/transforms-3/08320af73d98014beb03478360de7461/transformed/navigation-common-ktx-2.5.3 as it is up-to-date.
Caching disabled for AarTransform: /data/data/com.termux/files/home/.gradle/caches/transforms-3/9049dc0569211b06ffbf5aa8f07da126/transformed/navigation-common-2.5.3 because:
  Build cache is disabled
Skipping AarTransform: /data/data/com.termux/files/home/.gradle/caches/transforms-3/9049dc0569211b06ffbf5aa8f07da126/transformed/navigation-common-2.5.3 as it is up-to-date.
Caching disabled for AarTransform: /data/data/com.termux/files/home/.gradle/caches/transforms-3/0fdd417d0322578047fa33896ef9ac87/transformed/jetified-savedstate-ktx-1.2.1 because:
  Build cache is disabled
Skipping AarTransform: /data/data/com.termux/files/home/.gradle/caches/transforms-3/0fdd417d0322578047fa33896ef9ac87/transformed/jetified-savedstate-ktx-1.2.1 as it is up-to-date.
Caching disabled for AarTransform: /data/data/com.termux/files/home/.gradle/caches/transforms-3/ec244bc9a1d5fadb1732a503ae689c28/transformed/jetified-savedstate-1.2.1 because:
  Build cache is disabled
Skipping AarTransform: /data/data/com.termux/files/home/.gradle/caches/transforms-3/ec244bc9a1d5fadb1732a503ae689c28/transformed/jetified-savedstate-1.2.1 as it is up-to-date.
Caching disabled for AarTransform: /data/data/com.termux/files/home/.gradle/caches/transforms-3/f37a97cbc0721ef7ade7b911f0620d54/transformed/lifecycle-livedata-core-2.6.2 because:
  Build cache is disabled
Skipping AarTransform: /data/data/com.termux/files/home/.gradle/caches/transforms-3/f37a97cbc0721ef7ade7b911f0620d54/transformed/lifecycle-livedata-core-2.6.2 as it is up-to-date.
Caching disabled for AarTransform: /data/data/com.termux/files/home/.gradle/caches/transforms-3/d4b989baffcd6842cf6e2e91407a1413/transformed/jetified-lifecycle-process-2.6.2 because:
  Build cache is disabled
Skipping AarTransform: /data/data/com.termux/files/home/.gradle/caches/transforms-3/d4b989baffcd6842cf6e2e91407a1413/transformed/jetified-lifecycle-process-2.6.2 as it is up-to-date.
Caching disabled for AarTransform: /data/data/com.termux/files/home/.gradle/caches/transforms-3/f647411fa57cd3515370c450f65d7c05/transformed/jetified-lifecycle-livedata-core-ktx-2.6.2 because:
  Build cache is disabled
Skipping AarTransform: /data/data/com.termux/files/home/.gradle/caches/transforms-3/f647411fa57cd3515370c450f65d7c05/transformed/jetified-lifecycle-livedata-core-ktx-2.6.2 as it is up-to-date.
Caching disabled for AarTransform: /data/data/com.termux/files/home/.gradle/caches/transforms-3/0ad736e3a9769f3abc15d403f1888484/transformed/dynamicanimation-1.0.0 because:
  Build cache is disabled
Skipping AarTransform: /data/data/com.termux/files/home/.gradle/caches/transforms-3/0ad736e3a9769f3abc15d403f1888484/transformed/dynamicanimation-1.0.0 as it is up-to-date.
Caching disabled for AarTransform: /data/data/com.termux/files/home/.gradle/caches/transforms-3/d730c16c5ec7ae463793a36706f80df7/transformed/legacy-support-core-utils-1.0.0 because:
  Build cache is disabled
Skipping AarTransform: /data/data/com.termux/files/home/.gradle/caches/transforms-3/d730c16c5ec7ae463793a36706f80df7/transformed/legacy-support-core-utils-1.0.0 as it is up-to-date.
Caching disabled for AarTransform: /data/data/com.termux/files/home/.gradle/caches/transforms-3/b06fd8bc629c7ce039eece3f21098138/transformed/loader-1.0.0 because:
  Build cache is disabled
Skipping AarTransform: /data/data/com.termux/files/home/.gradle/caches/transforms-3/b06fd8bc629c7ce039eece3f21098138/transformed/loader-1.0.0 as it is up-to-date.
Caching disabled for AarTransform: /data/data/com.termux/files/home/.gradle/caches/transforms-3/abb42caba76fcbece6cce082110596df/transformed/lifecycle-livedata-2.6.2 because:
  Build cache is disabled
Skipping AarTransform: /data/data/com.termux/files/home/.gradle/caches/transforms-3/abb42caba76fcbece6cce082110596df/transformed/lifecycle-livedata-2.6.2 as it is up-to-date.
Caching disabled for AarTransform: /data/data/com.termux/files/home/.gradle/caches/transforms-3/11795230c1dd9a51511d4dd2ce1941d1/transformed/jetified-lifecycle-viewmodel-savedstate-2.6.2 because:
  Build cache is disabled
Skipping AarTransform: /data/data/com.termux/files/home/.gradle/caches/transforms-3/11795230c1dd9a51511d4dd2ce1941d1/transformed/jetified-lifecycle-viewmodel-savedstate-2.6.2 as it is up-to-date.
Caching disabled for AarTransform: /data/data/com.termux/files/home/.gradle/caches/transforms-3/32d2a31b503a616e3892d0dacfcbdcea/transformed/jetified-core-ktx-1.10.1 because:
  Build cache is disabled
Skipping AarTransform: /data/data/com.termux/files/home/.gradle/caches/transforms-3/32d2a31b503a616e3892d0dacfcbdcea/transformed/jetified-core-ktx-1.10.1 as it is up-to-date.
Caching disabled for AarTransform: /data/data/com.termux/files/home/.gradle/caches/transforms-3/a1d877feeef0152e388f0a3b98ede1bf/transformed/drawerlayout-1.1.1 because:
  Build cache is disabled
Skipping AarTransform: /data/data/com.termux/files/home/.gradle/caches/transforms-3/a1d877feeef0152e388f0a3b98ede1bf/transformed/drawerlayout-1.1.1 as it is up-to-date.
Caching disabled for AarTransform: /data/data/com.termux/files/home/.gradle/caches/transforms-3/3aaa1c6497bf3fd9c4338d95c1b7b8e3/transformed/coordinatorlayout-1.1.0 because:
  Build cache is disabled
Skipping AarTransform: /data/data/com.termux/files/home/.gradle/caches/transforms-3/3aaa1c6497bf3fd9c4338d95c1b7b8e3/transformed/coordinatorlayout-1.1.0 as it is up-to-date.
Caching disabled for AarTransform: /data/data/com.termux/files/home/.gradle/caches/transforms-3/24ce17f17a8fa2d2b18c6e64d350b861/transformed/vectordrawable-animated-1.1.0 because:
  Build cache is disabled
Skipping AarTransform: /data/data/com.termux/files/home/.gradle/caches/transforms-3/24ce17f17a8fa2d2b18c6e64d350b861/transformed/vectordrawable-animated-1.1.0 as it is up-to-date.
Caching disabled for AarTransform: /data/data/com.termux/files/home/.gradle/caches/transforms-3/617ec14a47f98a9fad8de81318cd0ea2/transformed/vectordrawable-1.1.0 because:
  Build cache is disabled
Skipping AarTransform: /data/data/com.termux/files/home/.gradle/caches/transforms-3/617ec14a47f98a9fad8de81318cd0ea2/transformed/vectordrawable-1.1.0 as it is up-to-date.
Caching disabled for AarTransform: /data/data/com.termux/files/home/.gradle/caches/transforms-3/16499785acc0306d467c607b5549e8ff/transformed/recyclerview-1.1.0 because:
  Build cache is disabled
Skipping AarTransform: /data/data/com.termux/files/home/.gradle/caches/transforms-3/16499785acc0306d467c607b5549e8ff/transformed/recyclerview-1.1.0 as it is up-to-date.
Caching disabled for AarTransform: /data/data/com.termux/files/home/.gradle/caches/transforms-3/094924c6dd45a4a8923ffb9186c1586f/transformed/slidingpanelayout-1.2.0 because:
  Build cache is disabled
Skipping AarTransform: /data/data/com.termux/files/home/.gradle/caches/transforms-3/094924c6dd45a4a8923ffb9186c1586f/transformed/slidingpanelayout-1.2.0 as it is up-to-date.
Caching disabled for AarTransform: /data/data/com.termux/files/home/.gradle/caches/transforms-3/448ab9c7cab37b700d06fbffd623abb0/transformed/viewpager-1.0.0 because:
  Build cache is disabled
Skipping AarTransform: /data/data/com.termux/files/home/.gradle/caches/transforms-3/448ab9c7cab37b700d06fbffd623abb0/transformed/viewpager-1.0.0 as it is up-to-date.
Caching disabled for AarTransform: /data/data/com.termux/files/home/.gradle/caches/transforms-3/1689b5c4294402cdceb01fd7dd639931/transformed/customview-1.1.0 because:
  Build cache is disabled
Skipping AarTransform: /data/data/com.termux/files/home/.gradle/caches/transforms-3/1689b5c4294402cdceb01fd7dd639931/transformed/customview-1.1.0 as it is up-to-date.
Caching disabled for AarTransform: /data/data/com.termux/files/home/.gradle/caches/transforms-3/7e87582fe31d05ab540bc29571fbc435/transformed/transition-1.4.1 because:
  Build cache is disabled
Skipping AarTransform: /data/data/com.termux/files/home/.gradle/caches/transforms-3/7e87582fe31d05ab540bc29571fbc435/transformed/transition-1.4.1 as it is up-to-date.
Caching disabled for AarTransform: /data/data/com.termux/files/home/.gradle/caches/transforms-3/ba267e95536b0dcfd01027b591ea6ee7/transformed/jetified-window-1.0.0 because:
  Build cache is disabled
Skipping AarTransform: /data/data/com.termux/files/home/.gradle/caches/transforms-3/ba267e95536b0dcfd01027b591ea6ee7/transformed/jetified-window-1.0.0 as it is up-to-date.
Caching disabled for AarTransform: /data/data/com.termux/files/home/.gradle/caches/transforms-3/f98322f854a21334a75646f84147f7a3/transformed/core-1.10.1 because:
  Build cache is disabled
Skipping AarTransform: /data/data/com.termux/files/home/.gradle/caches/transforms-3/f98322f854a21334a75646f84147f7a3/transformed/core-1.10.1 as it is up-to-date.
Caching disabled for AarTransform: /data/data/com.termux/files/home/.gradle/caches/transforms-3/45e5ec749886c5d2d933e20639dbff1b/transformed/lifecycle-runtime-2.6.2 because:
  Build cache is disabled
Skipping AarTransform: /data/data/com.termux/files/home/.gradle/caches/transforms-3/45e5ec749886c5d2d933e20639dbff1b/transformed/lifecycle-runtime-2.6.2 as it is up-to-date.
Caching disabled for AarTransform: /data/data/com.termux/files/home/.gradle/caches/transforms-3/41876dbb9859fba32288f26e638ee925/transformed/lifecycle-viewmodel-2.6.2 because:
  Build cache is disabled
Skipping AarTransform: /data/data/com.termux/files/home/.gradle/caches/transforms-3/41876dbb9859fba32288f26e638ee925/transformed/lifecycle-viewmodel-2.6.2 as it is up-to-date.
Caching disabled for AarTransform: /data/data/com.termux/files/home/.gradle/caches/transforms-3/5b2253fa9134060446d559f881c2ded0/transformed/jetified-lifecycle-runtime-ktx-2.6.2 because:
  Build cache is disabled
Skipping AarTransform: /data/data/com.termux/files/home/.gradle/caches/transforms-3/5b2253fa9134060446d559f881c2ded0/transformed/jetified-lifecycle-runtime-ktx-2.6.2 as it is up-to-date.
Caching disabled for AarTransform: /data/data/com.termux/files/home/.gradle/caches/transforms-3/8a19d2b022ce76493028c63176004030/transformed/jetified-lifecycle-livedata-ktx-2.6.2 because:
  Build cache is disabled
Skipping AarTransform: /data/data/com.termux/files/home/.gradle/caches/transforms-3/8a19d2b022ce76493028c63176004030/transformed/jetified-lifecycle-livedata-ktx-2.6.2 as it is up-to-date.
Caching disabled for AarTransform: /data/data/com.termux/files/home/.gradle/caches/transforms-3/d187e2242b04c94066605bda020f9066/transformed/jetified-lifecycle-viewmodel-ktx-2.6.2 because:
  Build cache is disabled
Skipping AarTransform: /data/data/com.termux/files/home/.gradle/caches/transforms-3/d187e2242b04c94066605bda020f9066/transformed/jetified-lifecycle-viewmodel-ktx-2.6.2 as it is up-to-date.
Caching disabled for AarTransform: /data/data/com.termux/files/home/.gradle/caches/transforms-3/96622c893ea6bfbcfa0911741a1bb48f/transformed/jetified-room-ktx-2.4.3 because:
  Build cache is disabled
Skipping AarTransform: /data/data/com.termux/files/home/.gradle/caches/transforms-3/96622c893ea6bfbcfa0911741a1bb48f/transformed/jetified-room-ktx-2.4.3 as it is up-to-date.
Caching disabled for AarTransform: /data/data/com.termux/files/home/.gradle/caches/transforms-3/750c59c520d410fdb6849eb5bd1519f5/transformed/jetified-datastore-preferences-1.0.0 because:
  Build cache is disabled
Skipping AarTransform: /data/data/com.termux/files/home/.gradle/caches/transforms-3/750c59c520d410fdb6849eb5bd1519f5/transformed/jetified-datastore-preferences-1.0.0 as it is up-to-date.
Caching disabled for AarTransform: /data/data/com.termux/files/home/.gradle/caches/transforms-3/3e23c074c88f522629451a71783f39f8/transformed/jetified-datastore-1.0.0 because:
  Build cache is disabled
Skipping AarTransform: /data/data/com.termux/files/home/.gradle/caches/transforms-3/3e23c074c88f522629451a71783f39f8/transformed/jetified-datastore-1.0.0 as it is up-to-date.
Caching disabled for AarTransform: /data/data/com.termux/files/home/.gradle/caches/transforms-3/c4f53ced34abcde42b636439be4ba6e8/transformed/room-runtime-2.4.3 because:
  Build cache is disabled
Skipping AarTransform: /data/data/com.termux/files/home/.gradle/caches/transforms-3/c4f53ced34abcde42b636439be4ba6e8/transformed/room-runtime-2.4.3 as it is up-to-date.
Caching disabled for AarTransform: /data/data/com.termux/files/home/.gradle/caches/transforms-3/6ed7e7aef34a682fae993460dea7ece6/transformed/jetified-annotation-experimental-1.3.0 because:
  Build cache is disabled
Skipping AarTransform: /data/data/com.termux/files/home/.gradle/caches/transforms-3/6ed7e7aef34a682fae993460dea7ece6/transformed/jetified-annotation-experimental-1.3.0 as it is up-to-date.
Caching disabled for AarTransform: /data/data/com.termux/files/home/.gradle/caches/transforms-3/53f7a9e18ed75d00a48ebd4b2aa0fee9/transformed/cursoradapter-1.0.0 because:
  Build cache is disabled
Skipping AarTransform: /data/data/com.termux/files/home/.gradle/caches/transforms-3/53f7a9e18ed75d00a48ebd4b2aa0fee9/transformed/cursoradapter-1.0.0 as it is up-to-date.
Caching disabled for AarTransform: /data/data/com.termux/files/home/.gradle/caches/transforms-3/ea9254c73b7d115f74bf837e2c972435/transformed/cardview-1.0.0 because:
  Build cache is disabled
Skipping AarTransform: /data/data/com.termux/files/home/.gradle/caches/transforms-3/ea9254c73b7d115f74bf837e2c972435/transformed/cardview-1.0.0 as it is up-to-date.
Caching disabled for AarTransform: /data/data/com.termux/files/home/.gradle/caches/transforms-3/0163d7b5f8701603a522e5edb1be70bc/transformed/sqlite-framework-2.2.0 because:
  Build cache is disabled
Skipping AarTransform: /data/data/com.termux/files/home/.gradle/caches/transforms-3/0163d7b5f8701603a522e5edb1be70bc/transformed/sqlite-framework-2.2.0 as it is up-to-date.
Caching disabled for AarTransform: /data/data/com.termux/files/home/.gradle/caches/transforms-3/41b0136542f49d892cfea906fcd6d7e6/transformed/sqlite-2.2.0 because:
  Build cache is disabled
Skipping AarTransform: /data/data/com.termux/files/home/.gradle/caches/transforms-3/41b0136542f49d892cfea906fcd6d7e6/transformed/sqlite-2.2.0 as it is up-to-date.
Caching disabled for AarTransform: /data/data/com.termux/files/home/.gradle/caches/transforms-3/f6a000f5b02df722ae11ca253b08de68/transformed/interpolator-1.0.0 because:
  Build cache is disabled
Skipping AarTransform: /data/data/com.termux/files/home/.gradle/caches/transforms-3/f6a000f5b02df722ae11ca253b08de68/transformed/interpolator-1.0.0 as it is up-to-date.
Caching disabled for AarTransform: /data/data/com.termux/files/home/.gradle/caches/transforms-3/3da46d920d7ebc303d395ce5c75d83ec/transformed/versionedparcelable-1.1.1 because:
  Build cache is disabled
Skipping AarTransform: /data/data/com.termux/files/home/.gradle/caches/transforms-3/3da46d920d7ebc303d395ce5c75d83ec/transformed/versionedparcelable-1.1.1 as it is up-to-date.
Caching disabled for AarTransform: /data/data/com.termux/files/home/.gradle/caches/transforms-3/022489f8d1b26983c75350da1fe292c0/transformed/jetified-profileinstaller-1.3.0 because:
  Build cache is disabled
Skipping AarTransform: /data/data/com.termux/files/home/.gradle/caches/transforms-3/022489f8d1b26983c75350da1fe292c0/transformed/jetified-profileinstaller-1.3.0 as it is up-to-date.
Caching disabled for AarTransform: /data/data/com.termux/files/home/.gradle/caches/transforms-3/342dd7a070826fded9552877571d0840/transformed/jetified-startup-runtime-1.1.1 because:
  Build cache is disabled
Skipping AarTransform: /data/data/com.termux/files/home/.gradle/caches/transforms-3/342dd7a070826fded9552877571d0840/transformed/jetified-startup-runtime-1.1.1 as it is up-to-date.
Caching disabled for AarTransform: /data/data/com.termux/files/home/.gradle/caches/transforms-3/6fc182472c996f0d22fe5b2c284717c9/transformed/jetified-tracing-1.0.0 because:
  Build cache is disabled
Skipping AarTransform: /data/data/com.termux/files/home/.gradle/caches/transforms-3/6fc182472c996f0d22fe5b2c284717c9/transformed/jetified-tracing-1.0.0 as it is up-to-date.
Caching disabled for AarTransform: /data/data/com.termux/files/home/.gradle/caches/transforms-3/eedc656d7d1896c186892971d489b41d/transformed/core-runtime-2.2.0 because:
  Build cache is disabled
Skipping AarTransform: /data/data/com.termux/files/home/.gradle/caches/transforms-3/eedc656d7d1896c186892971d489b41d/transformed/core-runtime-2.2.0 as it is up-to-date.
Caching disabled for AarTransform: /data/data/com.termux/files/home/.gradle/caches/transforms-3/d5ebe4106467838f9c868968c4dd1481/transformed/documentfile-1.0.0 because:
  Build cache is disabled
Skipping AarTransform: /data/data/com.termux/files/home/.gradle/caches/transforms-3/d5ebe4106467838f9c868968c4dd1481/transformed/documentfile-1.0.0 as it is up-to-date.
Caching disabled for AarTransform: /data/data/com.termux/files/home/.gradle/caches/transforms-3/c6c377add57629ccb71f1fcb0c4ed27d/transformed/localbroadcastmanager-1.0.0 because:
  Build cache is disabled
Skipping AarTransform: /data/data/com.termux/files/home/.gradle/caches/transforms-3/c6c377add57629ccb71f1fcb0c4ed27d/transformed/localbroadcastmanager-1.0.0 as it is up-to-date.
Caching disabled for AarTransform: /data/data/com.termux/files/home/.gradle/caches/transforms-3/72d000d98a60f3407ebe82bf5dc3e646/transformed/print-1.0.0 because:
  Build cache is disabled
Skipping AarTransform: /data/data/com.termux/files/home/.gradle/caches/transforms-3/72d000d98a60f3407ebe82bf5dc3e646/transformed/print-1.0.0 as it is up-to-date.
Caching disabled for AarTransform: /data/data/com.termux/files/home/.gradle/caches/transforms-3/29297dc260ef1e14d03ecbed728f7a94/transformed/navigation-ui-ktx-2.5.3 because:
  Build cache is disabled
Skipping AarTransform: /data/data/com.termux/files/home/.gradle/caches/transforms-3/29297dc260ef1e14d03ecbed728f7a94/transformed/navigation-ui-ktx-2.5.3 as it is up-to-date.
Caching disabled for AarTransform: /data/data/com.termux/files/home/.gradle/caches/transforms-3/e3299c3de28fce58da62f20af2a638f1/transformed/jetified-fragment-ktx-1.5.4 because:
  Build cache is disabled
Skipping AarTransform: /data/data/com.termux/files/home/.gradle/caches/transforms-3/e3299c3de28fce58da62f20af2a638f1/transformed/jetified-fragment-ktx-1.5.4 as it is up-to-date.
Caching disabled for AarTransform: /data/data/com.termux/files/home/.gradle/caches/transforms-3/be3e33f4af03280be6f7752da3c9041e/transformed/navigation-ui-2.5.3 because:
  Build cache is disabled
Skipping AarTransform: /data/data/com.termux/files/home/.gradle/caches/transforms-3/be3e33f4af03280be6f7752da3c9041e/transformed/navigation-ui-2.5.3 as it is up-to-date.
Caching disabled for AarTransform: /data/data/com.termux/files/home/.gradle/caches/transforms-3/24157ebc0da62d165fc9b5c58f25cd0e/transformed/navigation-fragment-2.5.3 because:
  Build cache is disabled
Skipping AarTransform: /data/data/com.termux/files/home/.gradle/caches/transforms-3/24157ebc0da62d165fc9b5c58f25cd0e/transformed/navigation-fragment-2.5.3 as it is up-to-date.
Caching disabled for AarTransform: /data/data/com.termux/files/home/.gradle/caches/transforms-3/280fbb89018576a39d56cdc0b973db64/transformed/material-1.10.0 because:
  Build cache is disabled
Skipping AarTransform: /data/data/com.termux/files/home/.gradle/caches/transforms-3/280fbb89018576a39d56cdc0b973db64/transformed/material-1.10.0 as it is up-to-date.
Caching disabled for AarTransform: /data/data/com.termux/files/home/.gradle/caches/transforms-3/4feb2c3076d22f4a97c17ac53ecb2030/transformed/navigation-fragment-ktx-2.5.3 because:
  Build cache is disabled
Skipping AarTransform: /data/data/com.termux/files/home/.gradle/caches/transforms-3/4feb2c3076d22f4a97c17ac53ecb2030/transformed/navigation-fragment-ktx-2.5.3 as it is up-to-date.
Caching disabled for AarTransform: /data/data/com.termux/files/home/.gradle/caches/transforms-3/76ade6abed6a2a1af27a5d604d8065c4/transformed/constraintlayout-2.1.4 because:
  Build cache is disabled
Skipping AarTransform: /data/data/com.termux/files/home/.gradle/caches/transforms-3/76ade6abed6a2a1af27a5d604d8065c4/transformed/constraintlayout-2.1.4 as it is up-to-date.
Caching disabled for AarTransform: /data/data/com.termux/files/home/.gradle/caches/transforms-3/bd5cb5ae51a5889cd4c16c2cac4e56b3/transformed/jetified-viewpager2-1.0.0 because:
  Build cache is disabled
Skipping AarTransform: /data/data/com.termux/files/home/.gradle/caches/transforms-3/bd5cb5ae51a5889cd4c16c2cac4e56b3/transformed/jetified-viewpager2-1.0.0 as it is up-to-date.
Caching disabled for AarTransform: /data/data/com.termux/files/home/.gradle/caches/transforms-3/0e66c9127c822c8ffe5f7b5bd5d30c27/transformed/jetified-appcompat-resources-1.6.1 because:
  Build cache is disabled
Skipping AarTransform: /data/data/com.termux/files/home/.gradle/caches/transforms-3/0e66c9127c822c8ffe5f7b5bd5d30c27/transformed/jetified-appcompat-resources-1.6.1 as it is up-to-date.
Caching disabled for AarTransform: /data/data/com.termux/files/home/.gradle/caches/transforms-3/b7ccb8cd84b7c4347a681e5603399369/transformed/appcompat-1.6.1 because:
  Build cache is disabled
Skipping AarTransform: /data/data/com.termux/files/home/.gradle/caches/transforms-3/b7ccb8cd84b7c4347a681e5603399369/transformed/appcompat-1.6.1 as it is up-to-date.
Caching disabled for task ':app:processDebugMainManifest' because:
  Build cache is disabled
Skipping task ':app:processDebugMainManifest' as it is up-to-date.
:app:processDebugMainManifest (Thread[included builds,5,main]) completed. Took 1.666 secs.
Resolve mutations for :app:processDebugManifest (Thread[included builds,5,main]) started.
Resolve mutations for :app:processDebugManifest (Thread[included builds,5,main]) completed. Took 0.002 secs.
:app:processDebugManifest (Thread[included builds,5,main]) started.

> Task :app:processDebugManifest UP-TO-DATE
Caching disabled for task ':app:processDebugManifest' because:
  Build cache is disabled
Skipping task ':app:processDebugManifest' as it is up-to-date.
:app:processDebugManifest (Thread[included builds,5,main]) completed. Took 0.012 secs.
Resolve mutations for :app:processDebugManifestForPackage (Thread[included builds,5,main]) started.
Resolve mutations for :app:processDebugManifestForPackage (Thread[included builds,5,main]) completed. Took 0.0 secs.
:app:processDebugManifestForPackage (Thread[included builds,5,main]) started.

> Task :app:processDebugManifestForPackage UP-TO-DATE
Caching disabled for task ':app:processDebugManifestForPackage' because:
  Build cache is disabled
Skipping task ':app:processDebugManifestForPackage' as it is up-to-date.
:app:processDebugManifestForPackage (Thread[included builds,5,main]) completed. Took 0.016 secs.
Resolve mutations for :app:processDebugResources (Thread[included builds,5,main]) started.
Resolve mutations for :app:processDebugResources (Thread[included builds,5,main]) completed. Took 0.001 secs.
:app:processDebugResources (Thread[included builds,5,main]) started.

> Task :app:processDebugResources
Transforming navigation-ui-ktx-2.5.3.aar (androidx.navigation:navigation-ui-ktx:2.5.3) with JetifyTransform
Transforming navigation-ui-ktx-2.5.3.aar (androidx.navigation:navigation-ui-ktx:2.5.3) with ExtractAarTransform
Transforming navigation-ui-ktx-2.5.3.aar (androidx.navigation:navigation-ui-ktx:2.5.3) with AarResourcesCompilerTransform
Transforming navigation-ui-2.5.3.aar (androidx.navigation:navigation-ui:2.5.3) with JetifyTransform
Transforming navigation-ui-2.5.3.aar (androidx.navigation:navigation-ui:2.5.3) with ExtractAarTransform
Transforming navigation-ui-2.5.3.aar (androidx.navigation:navigation-ui:2.5.3) with AarResourcesCompilerTransform
Transforming material-1.10.0.aar (com.google.android.material:material:1.10.0) with JetifyTransform
Transforming material-1.10.0.aar (com.google.android.material:material:1.10.0) with ExtractAarTransform
Transforming material-1.10.0.aar (com.google.android.material:material:1.10.0) with AarResourcesCompilerTransform
Transforming constraintlayout-2.1.4.aar (androidx.constraintlayout:constraintlayout:2.1.4) with JetifyTransform
Transforming constraintlayout-2.1.4.aar (androidx.constraintlayout:constraintlayout:2.1.4) with ExtractAarTransform
Transforming constraintlayout-2.1.4.aar (androidx.constraintlayout:constraintlayout:2.1.4) with AarResourcesCompilerTransform
Transforming appcompat-resources-1.6.1.aar (androidx.appcompat:appcompat-resources:1.6.1) with JetifyTransform
Transforming appcompat-resources-1.6.1.aar (androidx.appcompat:appcompat-resources:1.6.1) with ExtractAarTransform
Transforming appcompat-resources-1.6.1.aar (androidx.appcompat:appcompat-resources:1.6.1) with AarResourcesCompilerTransform
Transforming appcompat-1.6.1.aar (androidx.appcompat:appcompat:1.6.1) with JetifyTransform
Transforming appcompat-1.6.1.aar (androidx.appcompat:appcompat:1.6.1) with ExtractAarTransform
Transforming appcompat-1.6.1.aar (androidx.appcompat:appcompat:1.6.1) with AarResourcesCompilerTransform
Transforming viewpager2-1.0.0.aar (androidx.viewpager2:viewpager2:1.0.0) with JetifyTransform
Transforming viewpager2-1.0.0.aar (androidx.viewpager2:viewpager2:1.0.0) with ExtractAarTransform
Transforming viewpager2-1.0.0.aar (androidx.viewpager2:viewpager2:1.0.0) with AarResourcesCompilerTransform
Transforming navigation-fragment-ktx-2.5.3.aar (androidx.navigation:navigation-fragment-ktx:2.5.3) with JetifyTransform
Transforming navigation-fragment-ktx-2.5.3.aar (androidx.navigation:navigation-fragment-ktx:2.5.3) with ExtractAarTransform
Transforming navigation-fragment-ktx-2.5.3.aar (androidx.navigation:navigation-fragment-ktx:2.5.3) with AarResourcesCompilerTransform
Transforming navigation-fragment-2.5.3.aar (androidx.navigation:navigation-fragment:2.5.3) with JetifyTransform
Transforming navigation-fragment-2.5.3.aar (androidx.navigation:navigation-fragment:2.5.3) with ExtractAarTransform
Transforming navigation-fragment-2.5.3.aar (androidx.navigation:navigation-fragment:2.5.3) with AarResourcesCompilerTransform
Transforming fragment-ktx-1.5.4.aar (androidx.fragment:fragment-ktx:1.5.4) with JetifyTransform
Transforming fragment-ktx-1.5.4.aar (androidx.fragment:fragment-ktx:1.5.4) with ExtractAarTransform
Transforming fragment-ktx-1.5.4.aar (androidx.fragment:fragment-ktx:1.5.4) with AarResourcesCompilerTransform
Transforming fragment-1.5.4.aar (androidx.fragment:fragment:1.5.4) with JetifyTransform
Transforming fragment-1.5.4.aar (androidx.fragment:fragment:1.5.4) with ExtractAarTransform
Transforming fragment-1.5.4.aar (androidx.fragment:fragment:1.5.4) with AarResourcesCompilerTransform
Transforming fragment-1.5.4.aar (androidx.fragment:fragment:1.5.4) with JetifyTransform
Transforming fragment-1.5.4.aar (androidx.fragment:fragment:1.5.4) with ExtractAarTransform
Transforming fragment-1.5.4.aar (androidx.fragment:fragment:1.5.4) with AarResourcesCompilerTransform
Transforming navigation-runtime-ktx-2.5.3.aar (androidx.navigation:navigation-runtime-ktx:2.5.3) with JetifyTransform
Transforming navigation-runtime-ktx-2.5.3.aar (androidx.navigation:navigation-runtime-ktx:2.5.3) with ExtractAarTransform
Transforming navigation-runtime-ktx-2.5.3.aar (androidx.navigation:navigation-runtime-ktx:2.5.3) with AarResourcesCompilerTransform
Transforming navigation-runtime-2.5.3.aar (androidx.navigation:navigation-runtime:2.5.3) with JetifyTransform
Transforming navigation-runtime-2.5.3.aar (androidx.navigation:navigation-runtime:2.5.3) with ExtractAarTransform
Transforming navigation-runtime-2.5.3.aar (androidx.navigation:navigation-runtime:2.5.3) with AarResourcesCompilerTransform
Transforming activity-ktx-1.8.0.aar (androidx.activity:activity-ktx:1.8.0) with JetifyTransform
Transforming activity-ktx-1.8.0.aar (androidx.activity:activity-ktx:1.8.0) with ExtractAarTransform
Transforming activity-ktx-1.8.0.aar (androidx.activity:activity-ktx:1.8.0) with AarResourcesCompilerTransform
Transforming activity-1.8.0.aar (androidx.activity:activity:1.8.0) with JetifyTransform
Transforming activity-1.8.0.aar (androidx.activity:activity:1.8.0) with ExtractAarTransform
Transforming activity-1.8.0.aar (androidx.activity:activity:1.8.0) with AarResourcesCompilerTransform
Transforming emoji2-views-helper-1.2.0.aar (androidx.emoji2:emoji2-views-helper:1.2.0) with JetifyTransform
Transforming emoji2-views-helper-1.2.0.aar (androidx.emoji2:emoji2-views-helper:1.2.0) with ExtractAarTransform
Transforming emoji2-views-helper-1.2.0.aar (androidx.emoji2:emoji2-views-helper:1.2.0) with AarResourcesCompilerTransform
Transforming emoji2-1.2.0.aar (androidx.emoji2:emoji2:1.2.0) with JetifyTransform
Transforming emoji2-1.2.0.aar (androidx.emoji2:emoji2:1.2.0) with ExtractAarTransform
Transforming emoji2-1.2.0.aar (androidx.emoji2:emoji2:1.2.0) with AarResourcesCompilerTransform
Transforming navigation-common-ktx-2.5.3.aar (androidx.navigation:navigation-common-ktx:2.5.3) with JetifyTransform
Transforming navigation-common-ktx-2.5.3.aar (androidx.navigation:navigation-common-ktx:2.5.3) with ExtractAarTransform
Transforming navigation-common-ktx-2.5.3.aar (androidx.navigation:navigation-common-ktx:2.5.3) with AarResourcesCompilerTransform
Transforming navigation-common-2.5.3.aar (androidx.navigation:navigation-common:2.5.3) with JetifyTransform
Transforming navigation-common-2.5.3.aar (androidx.navigation:navigation-common:2.5.3) with ExtractAarTransform
Transforming navigation-common-2.5.3.aar (androidx.navigation:navigation-common:2.5.3) with AarResourcesCompilerTransform
Transforming savedstate-ktx-1.2.1.aar (androidx.savedstate:savedstate-ktx:1.2.1) with JetifyTransform
Transforming savedstate-ktx-1.2.1.aar (androidx.savedstate:savedstate-ktx:1.2.1) with ExtractAarTransform
Transforming savedstate-ktx-1.2.1.aar (androidx.savedstate:savedstate-ktx:1.2.1) with AarResourcesCompilerTransform
Transforming savedstate-1.2.1.aar (androidx.savedstate:savedstate:1.2.1) with JetifyTransform
Transforming savedstate-1.2.1.aar (androidx.savedstate:savedstate:1.2.1) with ExtractAarTransform
Transforming savedstate-1.2.1.aar (androidx.savedstate:savedstate:1.2.1) with AarResourcesCompilerTransform
Transforming lifecycle-livedata-core-2.6.2.aar (androidx.lifecycle:lifecycle-livedata-core:2.6.2) with JetifyTransform
Transforming lifecycle-livedata-core-2.6.2.aar (androidx.lifecycle:lifecycle-livedata-core:2.6.2) with ExtractAarTransform
Transforming lifecycle-livedata-core-2.6.2.aar (androidx.lifecycle:lifecycle-livedata-core:2.6.2) with AarResourcesCompilerTransform
Transforming lifecycle-process-2.6.2.aar (androidx.lifecycle:lifecycle-process:2.6.2) with JetifyTransform
Transforming lifecycle-process-2.6.2.aar (androidx.lifecycle:lifecycle-process:2.6.2) with ExtractAarTransform
Transforming lifecycle-process-2.6.2.aar (androidx.lifecycle:lifecycle-process:2.6.2) with AarResourcesCompilerTransform
Transforming lifecycle-livedata-core-ktx-2.6.2.aar (androidx.lifecycle:lifecycle-livedata-core-ktx:2.6.2) with JetifyTransform
Transforming lifecycle-livedata-core-ktx-2.6.2.aar (androidx.lifecycle:lifecycle-livedata-core-ktx:2.6.2) with ExtractAarTransform
Transforming lifecycle-livedata-core-ktx-2.6.2.aar (androidx.lifecycle:lifecycle-livedata-core-ktx:2.6.2) with AarResourcesCompilerTransform
Transforming dynamicanimation-1.0.0.aar (androidx.dynamicanimation:dynamicanimation:1.0.0) with JetifyTransform
Transforming dynamicanimation-1.0.0.aar (androidx.dynamicanimation:dynamicanimation:1.0.0) with ExtractAarTransform
Transforming dynamicanimation-1.0.0.aar (androidx.dynamicanimation:dynamicanimation:1.0.0) with AarResourcesCompilerTransform
Transforming legacy-support-core-utils-1.0.0.aar (androidx.legacy:legacy-support-core-utils:1.0.0) with JetifyTransform
Transforming legacy-support-core-utils-1.0.0.aar (androidx.legacy:legacy-support-core-utils:1.0.0) with ExtractAarTransform
Transforming legacy-support-core-utils-1.0.0.aar (androidx.legacy:legacy-support-core-utils:1.0.0) with AarResourcesCompilerTransform
Transforming loader-1.0.0.aar (androidx.loader:loader:1.0.0) with JetifyTransform
Transforming loader-1.0.0.aar (androidx.loader:loader:1.0.0) with ExtractAarTransform
Transforming loader-1.0.0.aar (androidx.loader:loader:1.0.0) with AarResourcesCompilerTransform
Transforming loader-1.0.0.aar (androidx.loader:loader:1.0.0) with JetifyTransform
Transforming loader-1.0.0.aar (androidx.loader:loader:1.0.0) with ExtractAarTransform
Transforming loader-1.0.0.aar (androidx.loader:loader:1.0.0) with AarResourcesCompilerTransform
Transforming lifecycle-livedata-2.6.2.aar (androidx.lifecycle:lifecycle-livedata:2.6.2) with JetifyTransform
Transforming lifecycle-livedata-2.6.2.aar (androidx.lifecycle:lifecycle-livedata:2.6.2) with ExtractAarTransform
Transforming lifecycle-livedata-2.6.2.aar (androidx.lifecycle:lifecycle-livedata:2.6.2) with AarResourcesCompilerTransform
Transforming lifecycle-livedata-2.6.2.aar (androidx.lifecycle:lifecycle-livedata:2.6.2) with JetifyTransform
Transforming lifecycle-livedata-2.6.2.aar (androidx.lifecycle:lifecycle-livedata:2.6.2) with ExtractAarTransform
Transforming lifecycle-livedata-2.6.2.aar (androidx.lifecycle:lifecycle-livedata:2.6.2) with AarResourcesCompilerTransform
Transforming lifecycle-viewmodel-savedstate-2.6.2.aar (androidx.lifecycle:lifecycle-viewmodel-savedstate:2.6.2) with JetifyTransform
Transforming lifecycle-viewmodel-savedstate-2.6.2.aar (androidx.lifecycle:lifecycle-viewmodel-savedstate:2.6.2) with ExtractAarTransform
Transforming lifecycle-viewmodel-savedstate-2.6.2.aar (androidx.lifecycle:lifecycle-viewmodel-savedstate:2.6.2) with AarResourcesCompilerTransform
Transforming core-ktx-1.10.1.aar (androidx.core:core-ktx:1.10.1) with JetifyTransform
Transforming core-ktx-1.10.1.aar (androidx.core:core-ktx:1.10.1) with ExtractAarTransform
Transforming core-ktx-1.10.1.aar (androidx.core:core-ktx:1.10.1) with AarResourcesCompilerTransform
Transforming drawerlayout-1.1.1.aar (androidx.drawerlayout:drawerlayout:1.1.1) with JetifyTransform
Transforming drawerlayout-1.1.1.aar (androidx.drawerlayout:drawerlayout:1.1.1) with ExtractAarTransform
Transforming drawerlayout-1.1.1.aar (androidx.drawerlayout:drawerlayout:1.1.1) with AarResourcesCompilerTransform
Transforming coordinatorlayout-1.1.0.aar (androidx.coordinatorlayout:coordinatorlayout:1.1.0) with JetifyTransform
Transforming coordinatorlayout-1.1.0.aar (androidx.coordinatorlayout:coordinatorlayout:1.1.0) with ExtractAarTransform
Transforming coordinatorlayout-1.1.0.aar (androidx.coordinatorlayout:coordinatorlayout:1.1.0) with AarResourcesCompilerTransform
Transforming vectordrawable-animated-1.1.0.aar (androidx.vectordrawable:vectordrawable-animated:1.1.0) with JetifyTransform
Transforming vectordrawable-animated-1.1.0.aar (androidx.vectordrawable:vectordrawable-animated:1.1.0) with ExtractAarTransform
Transforming vectordrawable-animated-1.1.0.aar (androidx.vectordrawable:vectordrawable-animated:1.1.0) with AarResourcesCompilerTransform
Transforming vectordrawable-1.1.0.aar (androidx.vectordrawable:vectordrawable:1.1.0) with JetifyTransform
Transforming vectordrawable-1.1.0.aar (androidx.vectordrawable:vectordrawable:1.1.0) with ExtractAarTransform
Transforming vectordrawable-1.1.0.aar (androidx.vectordrawable:vectordrawable:1.1.0) with AarResourcesCompilerTransform
Transforming vectordrawable-1.1.0.aar (androidx.vectordrawable:vectordrawable:1.1.0) with JetifyTransform
Transforming vectordrawable-1.1.0.aar (androidx.vectordrawable:vectordrawable:1.1.0) with ExtractAarTransform
Transforming vectordrawable-1.1.0.aar (androidx.vectordrawable:vectordrawable:1.1.0) with AarResourcesCompilerTransform
Transforming recyclerview-1.1.0.aar (androidx.recyclerview:recyclerview:1.1.0) with JetifyTransform
Transforming recyclerview-1.1.0.aar (androidx.recyclerview:recyclerview:1.1.0) with ExtractAarTransform
Transforming recyclerview-1.1.0.aar (androidx.recyclerview:recyclerview:1.1.0) with AarResourcesCompilerTransform
Transforming recyclerview-1.1.0.aar (androidx.recyclerview:recyclerview:1.1.0) with JetifyTransform
Transforming recyclerview-1.1.0.aar (androidx.recyclerview:recyclerview:1.1.0) with ExtractAarTransform
Transforming recyclerview-1.1.0.aar (androidx.recyclerview:recyclerview:1.1.0) with AarResourcesCompilerTransform
Transforming slidingpanelayout-1.2.0.aar (androidx.slidingpanelayout:slidingpanelayout:1.2.0) with JetifyTransform
Transforming slidingpanelayout-1.2.0.aar (androidx.slidingpanelayout:slidingpanelayout:1.2.0) with ExtractAarTransform
Transforming slidingpanelayout-1.2.0.aar (androidx.slidingpanelayout:slidingpanelayout:1.2.0) with AarResourcesCompilerTransform
Transforming viewpager-1.0.0.aar (androidx.viewpager:viewpager:1.0.0) with JetifyTransform
Transforming viewpager-1.0.0.aar (androidx.viewpager:viewpager:1.0.0) with ExtractAarTransform
Transforming viewpager-1.0.0.aar (androidx.viewpager:viewpager:1.0.0) with AarResourcesCompilerTransform
Transforming customview-1.1.0.aar (androidx.customview:customview:1.1.0) with JetifyTransform
Transforming customview-1.1.0.aar (androidx.customview:customview:1.1.0) with ExtractAarTransform
Transforming customview-1.1.0.aar (androidx.customview:customview:1.1.0) with AarResourcesCompilerTransform
Transforming customview-1.1.0.aar (androidx.customview:customview:1.1.0) with JetifyTransform
Transforming customview-1.1.0.aar (androidx.customview:customview:1.1.0) with ExtractAarTransform
Transforming customview-1.1.0.aar (androidx.customview:customview:1.1.0) with AarResourcesCompilerTransform
Transforming customview-1.1.0.aar (androidx.customview:customview:1.1.0) with JetifyTransform
Transforming customview-1.1.0.aar (androidx.customview:customview:1.1.0) with ExtractAarTransform
Transforming customview-1.1.0.aar (androidx.customview:customview:1.1.0) with AarResourcesCompilerTransform
Transforming customview-1.1.0.aar (androidx.customview:customview:1.1.0) with JetifyTransform
Transforming customview-1.1.0.aar (androidx.customview:customview:1.1.0) with ExtractAarTransform
Transforming customview-1.1.0.aar (androidx.customview:customview:1.1.0) with AarResourcesCompilerTransform
Transforming customview-1.1.0.aar (androidx.customview:customview:1.1.0) with JetifyTransform
Transforming customview-1.1.0.aar (androidx.customview:customview:1.1.0) with ExtractAarTransform
Transforming customview-1.1.0.aar (androidx.customview:customview:1.1.0) with AarResourcesCompilerTransform
Transforming transition-1.4.1.aar (androidx.transition:transition:1.4.1) with JetifyTransform
Transforming transition-1.4.1.aar (androidx.transition:transition:1.4.1) with ExtractAarTransform
Transforming transition-1.4.1.aar (androidx.transition:transition:1.4.1) with AarResourcesCompilerTransform
Transforming window-1.0.0.aar (androidx.window:window:1.0.0) with JetifyTransform
Transforming window-1.0.0.aar (androidx.window:window:1.0.0) with ExtractAarTransform
Transforming window-1.0.0.aar (androidx.window:window:1.0.0) with AarResourcesCompilerTransform
Transforming core-1.10.1.aar (androidx.core:core:1.10.1) with JetifyTransform
Transforming core-1.10.1.aar (androidx.core:core:1.10.1) with ExtractAarTransform
Transforming core-1.10.1.aar (androidx.core:core:1.10.1) with AarResourcesCompilerTransform
Transforming core-1.10.1.aar (androidx.core:core:1.10.1) with JetifyTransform
Transforming core-1.10.1.aar (androidx.core:core:1.10.1) with ExtractAarTransform
Transforming core-1.10.1.aar (androidx.core:core:1.10.1) with AarResourcesCompilerTransform
Transforming core-1.10.1.aar (androidx.core:core:1.10.1) with JetifyTransform
Transforming core-1.10.1.aar (androidx.core:core:1.10.1) with ExtractAarTransform
Transforming core-1.10.1.aar (androidx.core:core:1.10.1) with AarResourcesCompilerTransform
Transforming core-1.10.1.aar (androidx.core:core:1.10.1) with JetifyTransform
Transforming core-1.10.1.aar (androidx.core:core:1.10.1) with ExtractAarTransform
Transforming core-1.10.1.aar (androidx.core:core:1.10.1) with AarResourcesCompilerTransform
Transforming core-1.10.1.aar (androidx.core:core:1.10.1) with JetifyTransform
Transforming core-1.10.1.aar (androidx.core:core:1.10.1) with ExtractAarTransform
Transforming core-1.10.1.aar (androidx.core:core:1.10.1) with AarResourcesCompilerTransform
Transforming core-1.10.1.aar (androidx.core:core:1.10.1) with JetifyTransform
Transforming core-1.10.1.aar (androidx.core:core:1.10.1) with ExtractAarTransform
Transforming core-1.10.1.aar (androidx.core:core:1.10.1) with AarResourcesCompilerTransform
Transforming core-1.10.1.aar (androidx.core:core:1.10.1) with JetifyTransform
Transforming core-1.10.1.aar (androidx.core:core:1.10.1) with ExtractAarTransform
Transforming core-1.10.1.aar (androidx.core:core:1.10.1) with AarResourcesCompilerTransform
Transforming core-1.10.1.aar (androidx.core:core:1.10.1) with JetifyTransform
Transforming core-1.10.1.aar (androidx.core:core:1.10.1) with ExtractAarTransform
Transforming core-1.10.1.aar (androidx.core:core:1.10.1) with AarResourcesCompilerTransform
Transforming core-1.10.1.aar (androidx.core:core:1.10.1) with JetifyTransform
Transforming core-1.10.1.aar (androidx.core:core:1.10.1) with ExtractAarTransform
Transforming core-1.10.1.aar (androidx.core:core:1.10.1) with AarResourcesCompilerTransform
Transforming core-1.10.1.aar (androidx.core:core:1.10.1) with JetifyTransform
Transforming core-1.10.1.aar (androidx.core:core:1.10.1) with ExtractAarTransform
Transforming core-1.10.1.aar (androidx.core:core:1.10.1) with AarResourcesCompilerTransform
Transforming core-1.10.1.aar (androidx.core:core:1.10.1) with JetifyTransform
Transforming core-1.10.1.aar (androidx.core:core:1.10.1) with ExtractAarTransform
Transforming core-1.10.1.aar (androidx.core:core:1.10.1) with AarResourcesCompilerTransform
Transforming lifecycle-runtime-2.6.2.aar (androidx.lifecycle:lifecycle-runtime:2.6.2) with JetifyTransform
Transforming lifecycle-runtime-2.6.2.aar (androidx.lifecycle:lifecycle-runtime:2.6.2) with ExtractAarTransform
Transforming lifecycle-runtime-2.6.2.aar (androidx.lifecycle:lifecycle-runtime:2.6.2) with AarResourcesCompilerTransform
Transforming lifecycle-viewmodel-2.6.2.aar (androidx.lifecycle:lifecycle-viewmodel:2.6.2) with JetifyTransform
Transforming lifecycle-viewmodel-2.6.2.aar (androidx.lifecycle:lifecycle-viewmodel:2.6.2) with ExtractAarTransform
Transforming lifecycle-viewmodel-2.6.2.aar (androidx.lifecycle:lifecycle-viewmodel:2.6.2) with AarResourcesCompilerTransform
Transforming lifecycle-viewmodel-2.6.2.aar (androidx.lifecycle:lifecycle-viewmodel:2.6.2) with JetifyTransform
Transforming lifecycle-viewmodel-2.6.2.aar (androidx.lifecycle:lifecycle-viewmodel:2.6.2) with ExtractAarTransform
Transforming lifecycle-viewmodel-2.6.2.aar (androidx.lifecycle:lifecycle-viewmodel:2.6.2) with AarResourcesCompilerTransform
Transforming lifecycle-runtime-ktx-2.6.2.aar (androidx.lifecycle:lifecycle-runtime-ktx:2.6.2) with JetifyTransform
Transforming lifecycle-runtime-ktx-2.6.2.aar (androidx.lifecycle:lifecycle-runtime-ktx:2.6.2) with ExtractAarTransform
Transforming lifecycle-runtime-ktx-2.6.2.aar (androidx.lifecycle:lifecycle-runtime-ktx:2.6.2) with AarResourcesCompilerTransform
Transforming lifecycle-livedata-ktx-2.6.2.aar (androidx.lifecycle:lifecycle-livedata-ktx:2.6.2) with JetifyTransform
Transforming lifecycle-livedata-ktx-2.6.2.aar (androidx.lifecycle:lifecycle-livedata-ktx:2.6.2) with ExtractAarTransform
Transforming lifecycle-livedata-ktx-2.6.2.aar (androidx.lifecycle:lifecycle-livedata-ktx:2.6.2) with AarResourcesCompilerTransform
Transforming lifecycle-viewmodel-ktx-2.6.2.aar (androidx.lifecycle:lifecycle-viewmodel-ktx:2.6.2) with JetifyTransform
Transforming lifecycle-viewmodel-ktx-2.6.2.aar (androidx.lifecycle:lifecycle-viewmodel-ktx:2.6.2) with ExtractAarTransform
Transforming lifecycle-viewmodel-ktx-2.6.2.aar (androidx.lifecycle:lifecycle-viewmodel-ktx:2.6.2) with AarResourcesCompilerTransform
Transforming room-ktx-2.4.3.aar (androidx.room:room-ktx:2.4.3) with JetifyTransform
Transforming room-ktx-2.4.3.aar (androidx.room:room-ktx:2.4.3) with ExtractAarTransform
Transforming room-ktx-2.4.3.aar (androidx.room:room-ktx:2.4.3) with AarResourcesCompilerTransform
Transforming datastore-preferences-1.0.0.aar (androidx.datastore:datastore-preferences:1.0.0) with JetifyTransform
Transforming datastore-preferences-1.0.0.aar (androidx.datastore:datastore-preferences:1.0.0) with ExtractAarTransform
Transforming datastore-preferences-1.0.0.aar (androidx.datastore:datastore-preferences:1.0.0) with AarResourcesCompilerTransform
Transforming datastore-1.0.0.aar (androidx.datastore:datastore:1.0.0) with JetifyTransform
Transforming datastore-1.0.0.aar (androidx.datastore:datastore:1.0.0) with ExtractAarTransform
Transforming datastore-1.0.0.aar (androidx.datastore:datastore:1.0.0) with AarResourcesCompilerTransform
Transforming room-runtime-2.4.3.aar (androidx.room:room-runtime:2.4.3) with JetifyTransform
Transforming room-runtime-2.4.3.aar (androidx.room:room-runtime:2.4.3) with ExtractAarTransform
Transforming room-runtime-2.4.3.aar (androidx.room:room-runtime:2.4.3) with AarResourcesCompilerTransform
Transforming annotation-experimental-1.3.0.aar (androidx.annotation:annotation-experimental:1.3.0) with JetifyTransform
Transforming annotation-experimental-1.3.0.aar (androidx.annotation:annotation-experimental:1.3.0) with ExtractAarTransform
Transforming annotation-experimental-1.3.0.aar (androidx.annotation:annotation-experimental:1.3.0) with AarResourcesCompilerTransform
Transforming cursoradapter-1.0.0.aar (androidx.cursoradapter:cursoradapter:1.0.0) with JetifyTransform
Transforming cursoradapter-1.0.0.aar (androidx.cursoradapter:cursoradapter:1.0.0) with ExtractAarTransform
Transforming cursoradapter-1.0.0.aar (androidx.cursoradapter:cursoradapter:1.0.0) with AarResourcesCompilerTransform
Transforming cardview-1.0.0.aar (androidx.cardview:cardview:1.0.0) with JetifyTransform
Transforming cardview-1.0.0.aar (androidx.cardview:cardview:1.0.0) with ExtractAarTransform
Transforming cardview-1.0.0.aar (androidx.cardview:cardview:1.0.0) with AarResourcesCompilerTransform
Transforming sqlite-framework-2.2.0.aar (androidx.sqlite:sqlite-framework:2.2.0) with JetifyTransform
Transforming sqlite-framework-2.2.0.aar (androidx.sqlite:sqlite-framework:2.2.0) with ExtractAarTransform
Transforming sqlite-framework-2.2.0.aar (androidx.sqlite:sqlite-framework:2.2.0) with AarResourcesCompilerTransform
Transforming sqlite-2.2.0.aar (androidx.sqlite:sqlite:2.2.0) with JetifyTransform
Transforming sqlite-2.2.0.aar (androidx.sqlite:sqlite:2.2.0) with ExtractAarTransform
Transforming sqlite-2.2.0.aar (androidx.sqlite:sqlite:2.2.0) with AarResourcesCompilerTransform
Transforming interpolator-1.0.0.aar (androidx.interpolator:interpolator:1.0.0) with JetifyTransform
Transforming interpolator-1.0.0.aar (androidx.interpolator:interpolator:1.0.0) with ExtractAarTransform
Transforming interpolator-1.0.0.aar (androidx.interpolator:interpolator:1.0.0) with AarResourcesCompilerTransform
Transforming interpolator-1.0.0.aar (androidx.interpolator:interpolator:1.0.0) with JetifyTransform
Transforming interpolator-1.0.0.aar (androidx.interpolator:interpolator:1.0.0) with ExtractAarTransform
Transforming interpolator-1.0.0.aar (androidx.interpolator:interpolator:1.0.0) with AarResourcesCompilerTransform
Transforming versionedparcelable-1.1.1.aar (androidx.versionedparcelable:versionedparcelable:1.1.1) with JetifyTransform
Transforming versionedparcelable-1.1.1.aar (androidx.versionedparcelable:versionedparcelable:1.1.1) with ExtractAarTransform
Transforming versionedparcelable-1.1.1.aar (androidx.versionedparcelable:versionedparcelable:1.1.1) with AarResourcesCompilerTransform
Transforming profileinstaller-1.3.0.aar (androidx.profileinstaller:profileinstaller:1.3.0) with JetifyTransform
Transforming profileinstaller-1.3.0.aar (androidx.profileinstaller:profileinstaller:1.3.0) with ExtractAarTransform
Transforming profileinstaller-1.3.0.aar (androidx.profileinstaller:profileinstaller:1.3.0) with AarResourcesCompilerTransform
Transforming startup-runtime-1.1.1.aar (androidx.startup:startup-runtime:1.1.1) with JetifyTransform
Transforming startup-runtime-1.1.1.aar (androidx.startup:startup-runtime:1.1.1) with ExtractAarTransform
Transforming startup-runtime-1.1.1.aar (androidx.startup:startup-runtime:1.1.1) with AarResourcesCompilerTransform
Transforming tracing-1.0.0.aar (androidx.tracing:tracing:1.0.0) with JetifyTransform
Transforming tracing-1.0.0.aar (androidx.tracing:tracing:1.0.0) with ExtractAarTransform
Transforming tracing-1.0.0.aar (androidx.tracing:tracing:1.0.0) with AarResourcesCompilerTransform
Transforming core-runtime-2.2.0.aar (androidx.arch.core:core-runtime:2.2.0) with JetifyTransform
Transforming core-runtime-2.2.0.aar (androidx.arch.core:core-runtime:2.2.0) with ExtractAarTransform
Transforming core-runtime-2.2.0.aar (androidx.arch.core:core-runtime:2.2.0) with AarResourcesCompilerTransform
Transforming documentfile-1.0.0.aar (androidx.documentfile:documentfile:1.0.0) with JetifyTransform
Transforming documentfile-1.0.0.aar (androidx.documentfile:documentfile:1.0.0) with ExtractAarTransform
Transforming documentfile-1.0.0.aar (androidx.documentfile:documentfile:1.0.0) with AarResourcesCompilerTransform
Transforming localbroadcastmanager-1.0.0.aar (androidx.localbroadcastmanager:localbroadcastmanager:1.0.0) with JetifyTransform
Transforming localbroadcastmanager-1.0.0.aar (androidx.localbroadcastmanager:localbroadcastmanager:1.0.0) with ExtractAarTransform
Transforming localbroadcastmanager-1.0.0.aar (androidx.localbroadcastmanager:localbroadcastmanager:1.0.0) with AarResourcesCompilerTransform
Transforming print-1.0.0.aar (androidx.print:print:1.0.0) with JetifyTransform
Transforming print-1.0.0.aar (androidx.print:print:1.0.0) with ExtractAarTransform
Transforming print-1.0.0.aar (androidx.print:print:1.0.0) with AarResourcesCompilerTransform
Caching disabled for AarResourcesCompilerTransform: /data/data/com.termux/files/home/.gradle/caches/transforms-3/3b428544fb58a905a766676a40750f8b/transformed/fragment-1.5.4 because:
  Build cache is disabled
Skipping AarResourcesCompilerTransform: /data/data/com.termux/files/home/.gradle/caches/transforms-3/3b428544fb58a905a766676a40750f8b/transformed/fragment-1.5.4 as it is up-to-date.
Caching disabled for AarResourcesCompilerTransform: /data/data/com.termux/files/home/.gradle/caches/transforms-3/3f8d5dc11b69a75c49966e17fce980c2/transformed/navigation-runtime-ktx-2.5.3 because:
  Build cache is disabled
Skipping AarResourcesCompilerTransform: /data/data/com.termux/files/home/.gradle/caches/transforms-3/3f8d5dc11b69a75c49966e17fce980c2/transformed/navigation-runtime-ktx-2.5.3 as it is up-to-date.
Caching disabled for AarResourcesCompilerTransform: /data/data/com.termux/files/home/.gradle/caches/transforms-3/bd92967648f74b6bfe7152bdf3a29a37/transformed/navigation-runtime-2.5.3 because:
  Build cache is disabled
Skipping AarResourcesCompilerTransform: /data/data/com.termux/files/home/.gradle/caches/transforms-3/bd92967648f74b6bfe7152bdf3a29a37/transformed/navigation-runtime-2.5.3 as it is up-to-date.
Caching disabled for AarResourcesCompilerTransform: /data/data/com.termux/files/home/.gradle/caches/transforms-3/9f00a34e9217b5f1fb46f51b349fd8f3/transformed/jetified-activity-ktx-1.8.0 because:
  Build cache is disabled
Skipping AarResourcesCompilerTransform: /data/data/com.termux/files/home/.gradle/caches/transforms-3/9f00a34e9217b5f1fb46f51b349fd8f3/transformed/jetified-activity-ktx-1.8.0 as it is up-to-date.
Caching disabled for AarResourcesCompilerTransform: /data/data/com.termux/files/home/.gradle/caches/transforms-3/ebfc84555254bacab62ad1da71fbc89c/transformed/jetified-activity-1.8.0 because:
  Build cache is disabled
Skipping AarResourcesCompilerTransform: /data/data/com.termux/files/home/.gradle/caches/transforms-3/ebfc84555254bacab62ad1da71fbc89c/transformed/jetified-activity-1.8.0 as it is up-to-date.
Caching disabled for AarResourcesCompilerTransform: /data/data/com.termux/files/home/.gradle/caches/transforms-3/cbf7c05711435233ff3168cbc0eee7e6/transformed/jetified-emoji2-views-helper-1.2.0 because:
  Build cache is disabled
Skipping AarResourcesCompilerTransform: /data/data/com.termux/files/home/.gradle/caches/transforms-3/cbf7c05711435233ff3168cbc0eee7e6/transformed/jetified-emoji2-views-helper-1.2.0 as it is up-to-date.
Caching disabled for AarResourcesCompilerTransform: /data/data/com.termux/files/home/.gradle/caches/transforms-3/98a8efc877b7c9d8ab9f1a39bc51622a/transformed/jetified-emoji2-1.2.0 because:
  Build cache is disabled
Skipping AarResourcesCompilerTransform: /data/data/com.termux/files/home/.gradle/caches/transforms-3/98a8efc877b7c9d8ab9f1a39bc51622a/transformed/jetified-emoji2-1.2.0 as it is up-to-date.
Caching disabled for AarResourcesCompilerTransform: /data/data/com.termux/files/home/.gradle/caches/transforms-3/08320af73d98014beb03478360de7461/transformed/navigation-common-ktx-2.5.3 because:
  Build cache is disabled
Skipping AarResourcesCompilerTransform: /data/data/com.termux/files/home/.gradle/caches/transforms-3/08320af73d98014beb03478360de7461/transformed/navigation-common-ktx-2.5.3 as it is up-to-date.
Caching disabled for AarResourcesCompilerTransform: /data/data/com.termux/files/home/.gradle/caches/transforms-3/9049dc0569211b06ffbf5aa8f07da126/transformed/navigation-common-2.5.3 because:
  Build cache is disabled
Skipping AarResourcesCompilerTransform: /data/data/com.termux/files/home/.gradle/caches/transforms-3/9049dc0569211b06ffbf5aa8f07da126/transformed/navigation-common-2.5.3 as it is up-to-date.
Caching disabled for AarResourcesCompilerTransform: /data/data/com.termux/files/home/.gradle/caches/transforms-3/0fdd417d0322578047fa33896ef9ac87/transformed/jetified-savedstate-ktx-1.2.1 because:
  Build cache is disabled
Skipping AarResourcesCompilerTransform: /data/data/com.termux/files/home/.gradle/caches/transforms-3/0fdd417d0322578047fa33896ef9ac87/transformed/jetified-savedstate-ktx-1.2.1 as it is up-to-date.
Caching disabled for AarResourcesCompilerTransform: /data/data/com.termux/files/home/.gradle/caches/transforms-3/ec244bc9a1d5fadb1732a503ae689c28/transformed/jetified-savedstate-1.2.1 because:
  Build cache is disabled
Skipping AarResourcesCompilerTransform: /data/data/com.termux/files/home/.gradle/caches/transforms-3/ec244bc9a1d5fadb1732a503ae689c28/transformed/jetified-savedstate-1.2.1 as it is up-to-date.
Caching disabled for AarResourcesCompilerTransform: /data/data/com.termux/files/home/.gradle/caches/transforms-3/f37a97cbc0721ef7ade7b911f0620d54/transformed/lifecycle-livedata-core-2.6.2 because:
  Build cache is disabled
Skipping AarResourcesCompilerTransform: /data/data/com.termux/files/home/.gradle/caches/transforms-3/f37a97cbc0721ef7ade7b911f0620d54/transformed/lifecycle-livedata-core-2.6.2 as it is up-to-date.
Caching disabled for AarResourcesCompilerTransform: /data/data/com.termux/files/home/.gradle/caches/transforms-3/d4b989baffcd6842cf6e2e91407a1413/transformed/jetified-lifecycle-process-2.6.2 because:
  Build cache is disabled
Skipping AarResourcesCompilerTransform: /data/data/com.termux/files/home/.gradle/caches/transforms-3/d4b989baffcd6842cf6e2e91407a1413/transformed/jetified-lifecycle-process-2.6.2 as it is up-to-date.
Caching disabled for AarResourcesCompilerTransform: /data/data/com.termux/files/home/.gradle/caches/transforms-3/f647411fa57cd3515370c450f65d7c05/transformed/jetified-lifecycle-livedata-core-ktx-2.6.2 because:
  Build cache is disabled
Skipping AarResourcesCompilerTransform: /data/data/com.termux/files/home/.gradle/caches/transforms-3/f647411fa57cd3515370c450f65d7c05/transformed/jetified-lifecycle-livedata-core-ktx-2.6.2 as it is up-to-date.
Caching disabled for AarResourcesCompilerTransform: /data/data/com.termux/files/home/.gradle/caches/transforms-3/0ad736e3a9769f3abc15d403f1888484/transformed/dynamicanimation-1.0.0 because:
  Build cache is disabled
Skipping AarResourcesCompilerTransform: /data/data/com.termux/files/home/.gradle/caches/transforms-3/0ad736e3a9769f3abc15d403f1888484/transformed/dynamicanimation-1.0.0 as it is up-to-date.
Caching disabled for AarResourcesCompilerTransform: /data/data/com.termux/files/home/.gradle/caches/transforms-3/d730c16c5ec7ae463793a36706f80df7/transformed/legacy-support-core-utils-1.0.0 because:
  Build cache is disabled
Skipping AarResourcesCompilerTransform: /data/data/com.termux/files/home/.gradle/caches/transforms-3/d730c16c5ec7ae463793a36706f80df7/transformed/legacy-support-core-utils-1.0.0 as it is up-to-date.
Caching disabled for AarResourcesCompilerTransform: /data/data/com.termux/files/home/.gradle/caches/transforms-3/b06fd8bc629c7ce039eece3f21098138/transformed/loader-1.0.0 because:
  Build cache is disabled
Skipping AarResourcesCompilerTransform: /data/data/com.termux/files/home/.gradle/caches/transforms-3/b06fd8bc629c7ce039eece3f21098138/transformed/loader-1.0.0 as it is up-to-date.
Caching disabled for AarResourcesCompilerTransform: /data/data/com.termux/files/home/.gradle/caches/transforms-3/abb42caba76fcbece6cce082110596df/transformed/lifecycle-livedata-2.6.2 because:
  Build cache is disabled
Skipping AarResourcesCompilerTransform: /data/data/com.termux/files/home/.gradle/caches/transforms-3/abb42caba76fcbece6cce082110596df/transformed/lifecycle-livedata-2.6.2 as it is up-to-date.
Caching disabled for AarResourcesCompilerTransform: /data/data/com.termux/files/home/.gradle/caches/transforms-3/11795230c1dd9a51511d4dd2ce1941d1/transformed/jetified-lifecycle-viewmodel-savedstate-2.6.2 because:
  Build cache is disabled
Skipping AarResourcesCompilerTransform: /data/data/com.termux/files/home/.gradle/caches/transforms-3/11795230c1dd9a51511d4dd2ce1941d1/transformed/jetified-lifecycle-viewmodel-savedstate-2.6.2 as it is up-to-date.
Caching disabled for AarResourcesCompilerTransform: /data/data/com.termux/files/home/.gradle/caches/transforms-3/32d2a31b503a616e3892d0dacfcbdcea/transformed/jetified-core-ktx-1.10.1 because:
  Build cache is disabled
Skipping AarResourcesCompilerTransform: /data/data/com.termux/files/home/.gradle/caches/transforms-3/32d2a31b503a616e3892d0dacfcbdcea/transformed/jetified-core-ktx-1.10.1 as it is up-to-date.
Caching disabled for AarResourcesCompilerTransform: /data/data/com.termux/files/home/.gradle/caches/transforms-3/a1d877feeef0152e388f0a3b98ede1bf/transformed/drawerlayout-1.1.1 because:
  Build cache is disabled
Skipping AarResourcesCompilerTransform: /data/data/com.termux/files/home/.gradle/caches/transforms-3/a1d877feeef0152e388f0a3b98ede1bf/transformed/drawerlayout-1.1.1 as it is up-to-date.
Caching disabled for AarResourcesCompilerTransform: /data/data/com.termux/files/home/.gradle/caches/transforms-3/3aaa1c6497bf3fd9c4338d95c1b7b8e3/transformed/coordinatorlayout-1.1.0 because:
  Build cache is disabled
Skipping AarResourcesCompilerTransform: /data/data/com.termux/files/home/.gradle/caches/transforms-3/3aaa1c6497bf3fd9c4338d95c1b7b8e3/transformed/coordinatorlayout-1.1.0 as it is up-to-date.
Caching disabled for AarResourcesCompilerTransform: /data/data/com.termux/files/home/.gradle/caches/transforms-3/24ce17f17a8fa2d2b18c6e64d350b861/transformed/vectordrawable-animated-1.1.0 because:
  Build cache is disabled
Skipping AarResourcesCompilerTransform: /data/data/com.termux/files/home/.gradle/caches/transforms-3/24ce17f17a8fa2d2b18c6e64d350b861/transformed/vectordrawable-animated-1.1.0 as it is up-to-date.
Caching disabled for AarResourcesCompilerTransform: /data/data/com.termux/files/home/.gradle/caches/transforms-3/617ec14a47f98a9fad8de81318cd0ea2/transformed/vectordrawable-1.1.0 because:
  Build cache is disabled
Skipping AarResourcesCompilerTransform: /data/data/com.termux/files/home/.gradle/caches/transforms-3/617ec14a47f98a9fad8de81318cd0ea2/transformed/vectordrawable-1.1.0 as it is up-to-date.
Caching disabled for AarResourcesCompilerTransform: /data/data/com.termux/files/home/.gradle/caches/transforms-3/16499785acc0306d467c607b5549e8ff/transformed/recyclerview-1.1.0 because:
  Build cache is disabled
Skipping AarResourcesCompilerTransform: /data/data/com.termux/files/home/.gradle/caches/transforms-3/16499785acc0306d467c607b5549e8ff/transformed/recyclerview-1.1.0 as it is up-to-date.
Caching disabled for AarResourcesCompilerTransform: /data/data/com.termux/files/home/.gradle/caches/transforms-3/094924c6dd45a4a8923ffb9186c1586f/transformed/slidingpanelayout-1.2.0 because:
  Build cache is disabled
Skipping AarResourcesCompilerTransform: /data/data/com.termux/files/home/.gradle/caches/transforms-3/094924c6dd45a4a8923ffb9186c1586f/transformed/slidingpanelayout-1.2.0 as it is up-to-date.
Caching disabled for AarResourcesCompilerTransform: /data/data/com.termux/files/home/.gradle/caches/transforms-3/448ab9c7cab37b700d06fbffd623abb0/transformed/viewpager-1.0.0 because:
  Build cache is disabled
Skipping AarResourcesCompilerTransform: /data/data/com.termux/files/home/.gradle/caches/transforms-3/448ab9c7cab37b700d06fbffd623abb0/transformed/viewpager-1.0.0 as it is up-to-date.
Caching disabled for AarResourcesCompilerTransform: /data/data/com.termux/files/home/.gradle/caches/transforms-3/1689b5c4294402cdceb01fd7dd639931/transformed/customview-1.1.0 because:
  Build cache is disabled
Skipping AarResourcesCompilerTransform: /data/data/com.termux/files/home/.gradle/caches/transforms-3/1689b5c4294402cdceb01fd7dd639931/transformed/customview-1.1.0 as it is up-to-date.
Caching disabled for AarResourcesCompilerTransform: /data/data/com.termux/files/home/.gradle/caches/transforms-3/7e87582fe31d05ab540bc29571fbc435/transformed/transition-1.4.1 because:
  Build cache is disabled
Skipping AarResourcesCompilerTransform: /data/data/com.termux/files/home/.gradle/caches/transforms-3/7e87582fe31d05ab540bc29571fbc435/transformed/transition-1.4.1 as it is up-to-date.
Caching disabled for AarResourcesCompilerTransform: /data/data/com.termux/files/home/.gradle/caches/transforms-3/ba267e95536b0dcfd01027b591ea6ee7/transformed/jetified-window-1.0.0 because:
  Build cache is disabled
Skipping AarResourcesCompilerTransform: /data/data/com.termux/files/home/.gradle/caches/transforms-3/ba267e95536b0dcfd01027b591ea6ee7/transformed/jetified-window-1.0.0 as it is up-to-date.
Caching disabled for AarResourcesCompilerTransform: /data/data/com.termux/files/home/.gradle/caches/transforms-3/f98322f854a21334a75646f84147f7a3/transformed/core-1.10.1 because:
  Build cache is disabled
Skipping AarResourcesCompilerTransform: /data/data/com.termux/files/home/.gradle/caches/transforms-3/f98322f854a21334a75646f84147f7a3/transformed/core-1.10.1 as it is up-to-date.
Caching disabled for AarResourcesCompilerTransform: /data/data/com.termux/files/home/.gradle/caches/transforms-3/45e5ec749886c5d2d933e20639dbff1b/transformed/lifecycle-runtime-2.6.2 because:
  Build cache is disabled
Skipping AarResourcesCompilerTransform: /data/data/com.termux/files/home/.gradle/caches/transforms-3/45e5ec749886c5d2d933e20639dbff1b/transformed/lifecycle-runtime-2.6.2 as it is up-to-date.
Caching disabled for AarResourcesCompilerTransform: /data/data/com.termux/files/home/.gradle/caches/transforms-3/41876dbb9859fba32288f26e638ee925/transformed/lifecycle-viewmodel-2.6.2 because:
  Build cache is disabled
Skipping AarResourcesCompilerTransform: /data/data/com.termux/files/home/.gradle/caches/transforms-3/41876dbb9859fba32288f26e638ee925/transformed/lifecycle-viewmodel-2.6.2 as it is up-to-date.
Caching disabled for AarResourcesCompilerTransform: /data/data/com.termux/files/home/.gradle/caches/transforms-3/5b2253fa9134060446d559f881c2ded0/transformed/jetified-lifecycle-runtime-ktx-2.6.2 because:
  Build cache is disabled
Skipping AarResourcesCompilerTransform: /data/data/com.termux/files/home/.gradle/caches/transforms-3/5b2253fa9134060446d559f881c2ded0/transformed/jetified-lifecycle-runtime-ktx-2.6.2 as it is up-to-date.
Caching disabled for AarResourcesCompilerTransform: /data/data/com.termux/files/home/.gradle/caches/transforms-3/8a19d2b022ce76493028c63176004030/transformed/jetified-lifecycle-livedata-ktx-2.6.2 because:
  Build cache is disabled
Skipping AarResourcesCompilerTransform: /data/data/com.termux/files/home/.gradle/caches/transforms-3/8a19d2b022ce76493028c63176004030/transformed/jetified-lifecycle-livedata-ktx-2.6.2 as it is up-to-date.
Caching disabled for AarResourcesCompilerTransform: /data/data/com.termux/files/home/.gradle/caches/transforms-3/d187e2242b04c94066605bda020f9066/transformed/jetified-lifecycle-viewmodel-ktx-2.6.2 because:
  Build cache is disabled
Skipping AarResourcesCompilerTransform: /data/data/com.termux/files/home/.gradle/caches/transforms-3/d187e2242b04c94066605bda020f9066/transformed/jetified-lifecycle-viewmodel-ktx-2.6.2 as it is up-to-date.
Caching disabled for AarResourcesCompilerTransform: /data/data/com.termux/files/home/.gradle/caches/transforms-3/96622c893ea6bfbcfa0911741a1bb48f/transformed/jetified-room-ktx-2.4.3 because:
  Build cache is disabled
Skipping AarResourcesCompilerTransform: /data/data/com.termux/files/home/.gradle/caches/transforms-3/96622c893ea6bfbcfa0911741a1bb48f/transformed/jetified-room-ktx-2.4.3 as it is up-to-date.
Caching disabled for AarResourcesCompilerTransform: /data/data/com.termux/files/home/.gradle/caches/transforms-3/750c59c520d410fdb6849eb5bd1519f5/transformed/jetified-datastore-preferences-1.0.0 because:
  Build cache is disabled
Skipping AarResourcesCompilerTransform: /data/data/com.termux/files/home/.gradle/caches/transforms-3/750c59c520d410fdb6849eb5bd1519f5/transformed/jetified-datastore-preferences-1.0.0 as it is up-to-date.
Caching disabled for AarResourcesCompilerTransform: /data/data/com.termux/files/home/.gradle/caches/transforms-3/3e23c074c88f522629451a71783f39f8/transformed/jetified-datastore-1.0.0 because:
  Build cache is disabled
Skipping AarResourcesCompilerTransform: /data/data/com.termux/files/home/.gradle/caches/transforms-3/3e23c074c88f522629451a71783f39f8/transformed/jetified-datastore-1.0.0 as it is up-to-date.
Caching disabled for AarResourcesCompilerTransform: /data/data/com.termux/files/home/.gradle/caches/transforms-3/c4f53ced34abcde42b636439be4ba6e8/transformed/room-runtime-2.4.3 because:
  Build cache is disabled
Skipping AarResourcesCompilerTransform: /data/data/com.termux/files/home/.gradle/caches/transforms-3/c4f53ced34abcde42b636439be4ba6e8/transformed/room-runtime-2.4.3 as it is up-to-date.
Caching disabled for AarResourcesCompilerTransform: /data/data/com.termux/files/home/.gradle/caches/transforms-3/6ed7e7aef34a682fae993460dea7ece6/transformed/jetified-annotation-experimental-1.3.0 because:
  Build cache is disabled
Skipping AarResourcesCompilerTransform: /data/data/com.termux/files/home/.gradle/caches/transforms-3/6ed7e7aef34a682fae993460dea7ece6/transformed/jetified-annotation-experimental-1.3.0 as it is up-to-date.
Caching disabled for AarResourcesCompilerTransform: /data/data/com.termux/files/home/.gradle/caches/transforms-3/53f7a9e18ed75d00a48ebd4b2aa0fee9/transformed/cursoradapter-1.0.0 because:
  Build cache is disabled
Skipping AarResourcesCompilerTransform: /data/data/com.termux/files/home/.gradle/caches/transforms-3/53f7a9e18ed75d00a48ebd4b2aa0fee9/transformed/cursoradapter-1.0.0 as it is up-to-date.
Caching disabled for AarResourcesCompilerTransform: /data/data/com.termux/files/home/.gradle/caches/transforms-3/ea9254c73b7d115f74bf837e2c972435/transformed/cardview-1.0.0 because:
  Build cache is disabled
Skipping AarResourcesCompilerTransform: /data/data/com.termux/files/home/.gradle/caches/transforms-3/ea9254c73b7d115f74bf837e2c972435/transformed/cardview-1.0.0 as it is up-to-date.
Caching disabled for AarResourcesCompilerTransform: /data/data/com.termux/files/home/.gradle/caches/transforms-3/0163d7b5f8701603a522e5edb1be70bc/transformed/sqlite-framework-2.2.0 because:
  Build cache is disabled
Skipping AarResourcesCompilerTransform: /data/data/com.termux/files/home/.gradle/caches/transforms-3/0163d7b5f8701603a522e5edb1be70bc/transformed/sqlite-framework-2.2.0 as it is up-to-date.
Caching disabled for AarResourcesCompilerTransform: /data/data/com.termux/files/home/.gradle/caches/transforms-3/41b0136542f49d892cfea906fcd6d7e6/transformed/sqlite-2.2.0 because:
  Build cache is disabled
Skipping AarResourcesCompilerTransform: /data/data/com.termux/files/home/.gradle/caches/transforms-3/41b0136542f49d892cfea906fcd6d7e6/transformed/sqlite-2.2.0 as it is up-to-date.
Caching disabled for AarResourcesCompilerTransform: /data/data/com.termux/files/home/.gradle/caches/transforms-3/f6a000f5b02df722ae11ca253b08de68/transformed/interpolator-1.0.0 because:
  Build cache is disabled
Skipping AarResourcesCompilerTransform: /data/data/com.termux/files/home/.gradle/caches/transforms-3/f6a000f5b02df722ae11ca253b08de68/transformed/interpolator-1.0.0 as it is up-to-date.
Caching disabled for AarResourcesCompilerTransform: /data/data/com.termux/files/home/.gradle/caches/transforms-3/3da46d920d7ebc303d395ce5c75d83ec/transformed/versionedparcelable-1.1.1 because:
  Build cache is disabled
Skipping AarResourcesCompilerTransform: /data/data/com.termux/files/home/.gradle/caches/transforms-3/3da46d920d7ebc303d395ce5c75d83ec/transformed/versionedparcelable-1.1.1 as it is up-to-date.
Caching disabled for AarResourcesCompilerTransform: /data/data/com.termux/files/home/.gradle/caches/transforms-3/022489f8d1b26983c75350da1fe292c0/transformed/jetified-profileinstaller-1.3.0 because:
  Build cache is disabled
Skipping AarResourcesCompilerTransform: /data/data/com.termux/files/home/.gradle/caches/transforms-3/022489f8d1b26983c75350da1fe292c0/transformed/jetified-profileinstaller-1.3.0 as it is up-to-date.
Caching disabled for AarResourcesCompilerTransform: /data/data/com.termux/files/home/.gradle/caches/transforms-3/342dd7a070826fded9552877571d0840/transformed/jetified-startup-runtime-1.1.1 because:
  Build cache is disabled
Skipping AarResourcesCompilerTransform: /data/data/com.termux/files/home/.gradle/caches/transforms-3/342dd7a070826fded9552877571d0840/transformed/jetified-startup-runtime-1.1.1 as it is up-to-date.
Caching disabled for AarResourcesCompilerTransform: /data/data/com.termux/files/home/.gradle/caches/transforms-3/6fc182472c996f0d22fe5b2c284717c9/transformed/jetified-tracing-1.0.0 because:
  Build cache is disabled
Skipping AarResourcesCompilerTransform: /data/data/com.termux/files/home/.gradle/caches/transforms-3/6fc182472c996f0d22fe5b2c284717c9/transformed/jetified-tracing-1.0.0 as it is up-to-date.
Caching disabled for AarResourcesCompilerTransform: /data/data/com.termux/files/home/.gradle/caches/transforms-3/eedc656d7d1896c186892971d489b41d/transformed/core-runtime-2.2.0 because:
  Build cache is disabled
Skipping AarResourcesCompilerTransform: /data/data/com.termux/files/home/.gradle/caches/transforms-3/eedc656d7d1896c186892971d489b41d/transformed/core-runtime-2.2.0 as it is up-to-date.
Caching disabled for AarResourcesCompilerTransform: /data/data/com.termux/files/home/.gradle/caches/transforms-3/d5ebe4106467838f9c868968c4dd1481/transformed/documentfile-1.0.0 because:
  Build cache is disabled
Skipping AarResourcesCompilerTransform: /data/data/com.termux/files/home/.gradle/caches/transforms-3/d5ebe4106467838f9c868968c4dd1481/transformed/documentfile-1.0.0 as it is up-to-date.
Caching disabled for AarResourcesCompilerTransform: /data/data/com.termux/files/home/.gradle/caches/transforms-3/c6c377add57629ccb71f1fcb0c4ed27d/transformed/localbroadcastmanager-1.0.0 because:
  Build cache is disabled
Skipping AarResourcesCompilerTransform: /data/data/com.termux/files/home/.gradle/caches/transforms-3/c6c377add57629ccb71f1fcb0c4ed27d/transformed/localbroadcastmanager-1.0.0 as it is up-to-date.
Caching disabled for AarResourcesCompilerTransform: /data/data/com.termux/files/home/.gradle/caches/transforms-3/72d000d98a60f3407ebe82bf5dc3e646/transformed/print-1.0.0 because:
  Build cache is disabled
Skipping AarResourcesCompilerTransform: /data/data/com.termux/files/home/.gradle/caches/transforms-3/72d000d98a60f3407ebe82bf5dc3e646/transformed/print-1.0.0 as it is up-to-date.
Caching disabled for AarResourcesCompilerTransform: /data/data/com.termux/files/home/.gradle/caches/transforms-3/29297dc260ef1e14d03ecbed728f7a94/transformed/navigation-ui-ktx-2.5.3 because:
  Build cache is disabled
Skipping AarResourcesCompilerTransform: /data/data/com.termux/files/home/.gradle/caches/transforms-3/29297dc260ef1e14d03ecbed728f7a94/transformed/navigation-ui-ktx-2.5.3 as it is up-to-date.
Caching disabled for AarResourcesCompilerTransform: /data/data/com.termux/files/home/.gradle/caches/transforms-3/e3299c3de28fce58da62f20af2a638f1/transformed/jetified-fragment-ktx-1.5.4 because:
  Build cache is disabled
Skipping AarResourcesCompilerTransform: /data/data/com.termux/files/home/.gradle/caches/transforms-3/e3299c3de28fce58da62f20af2a638f1/transformed/jetified-fragment-ktx-1.5.4 as it is up-to-date.
Caching disabled for AarResourcesCompilerTransform: /data/data/com.termux/files/home/.gradle/caches/transforms-3/be3e33f4af03280be6f7752da3c9041e/transformed/navigation-ui-2.5.3 because:
  Build cache is disabled
Skipping AarResourcesCompilerTransform: /data/data/com.termux/files/home/.gradle/caches/transforms-3/be3e33f4af03280be6f7752da3c9041e/transformed/navigation-ui-2.5.3 as it is up-to-date.
Caching disabled for AarResourcesCompilerTransform: /data/data/com.termux/files/home/.gradle/caches/transforms-3/24157ebc0da62d165fc9b5c58f25cd0e/transformed/navigation-fragment-2.5.3 because:
  Build cache is disabled
Skipping AarResourcesCompilerTransform: /data/data/com.termux/files/home/.gradle/caches/transforms-3/24157ebc0da62d165fc9b5c58f25cd0e/transformed/navigation-fragment-2.5.3 as it is up-to-date.
Caching disabled for AarResourcesCompilerTransform: /data/data/com.termux/files/home/.gradle/caches/transforms-3/4feb2c3076d22f4a97c17ac53ecb2030/transformed/navigation-fragment-ktx-2.5.3 because:
  Build cache is disabled
Skipping AarResourcesCompilerTransform: /data/data/com.termux/files/home/.gradle/caches/transforms-3/4feb2c3076d22f4a97c17ac53ecb2030/transformed/navigation-fragment-ktx-2.5.3 as it is up-to-date.
Caching disabled for AarResourcesCompilerTransform: /data/data/com.termux/files/home/.gradle/caches/transforms-3/280fbb89018576a39d56cdc0b973db64/transformed/material-1.10.0 because:
  Build cache is disabled
Skipping AarResourcesCompilerTransform: /data/data/com.termux/files/home/.gradle/caches/transforms-3/280fbb89018576a39d56cdc0b973db64/transformed/material-1.10.0 as it is up-to-date.
Caching disabled for AarResourcesCompilerTransform: /data/data/com.termux/files/home/.gradle/caches/transforms-3/76ade6abed6a2a1af27a5d604d8065c4/transformed/constraintlayout-2.1.4 because:
  Build cache is disabled
Skipping AarResourcesCompilerTransform: /data/data/com.termux/files/home/.gradle/caches/transforms-3/76ade6abed6a2a1af27a5d604d8065c4/transformed/constraintlayout-2.1.4 as it is up-to-date.
Caching disabled for AarResourcesCompilerTransform: /data/data/com.termux/files/home/.gradle/caches/transforms-3/bd5cb5ae51a5889cd4c16c2cac4e56b3/transformed/jetified-viewpager2-1.0.0 because:
  Build cache is disabled
Skipping AarResourcesCompilerTransform: /data/data/com.termux/files/home/.gradle/caches/transforms-3/bd5cb5ae51a5889cd4c16c2cac4e56b3/transformed/jetified-viewpager2-1.0.0 as it is up-to-date.
Caching disabled for AarResourcesCompilerTransform: /data/data/com.termux/files/home/.gradle/caches/transforms-3/b7ccb8cd84b7c4347a681e5603399369/transformed/appcompat-1.6.1 because:
  Build cache is disabled
Skipping AarResourcesCompilerTransform: /data/data/com.termux/files/home/.gradle/caches/transforms-3/b7ccb8cd84b7c4347a681e5603399369/transformed/appcompat-1.6.1 as it is up-to-date.
Caching disabled for AarResourcesCompilerTransform: /data/data/com.termux/files/home/.gradle/caches/transforms-3/0e66c9127c822c8ffe5f7b5bd5d30c27/transformed/jetified-appcompat-resources-1.6.1 because:
  Build cache is disabled
Skipping AarResourcesCompilerTransform: /data/data/com.termux/files/home/.gradle/caches/transforms-3/0e66c9127c822c8ffe5f7b5bd5d30c27/transformed/jetified-appcompat-resources-1.6.1 as it is up-to-date.
Transforming navigation-ui-ktx-2.5.3.aar (androidx.navigation:navigation-ui-ktx:2.5.3) with JetifyTransform
Transforming navigation-ui-ktx-2.5.3.aar (androidx.navigation:navigation-ui-ktx:2.5.3) with ExtractAarTransform
Transforming navigation-ui-ktx-2.5.3.aar (androidx.navigation:navigation-ui-ktx:2.5.3) with LibrarySymbolTableTransform
Transforming navigation-ui-2.5.3.aar (androidx.navigation:navigation-ui:2.5.3) with JetifyTransform
Transforming navigation-ui-2.5.3.aar (androidx.navigation:navigation-ui:2.5.3) with ExtractAarTransform
Transforming navigation-ui-2.5.3.aar (androidx.navigation:navigation-ui:2.5.3) with LibrarySymbolTableTransform
Transforming material-1.10.0.aar (com.google.android.material:material:1.10.0) with JetifyTransform
Transforming material-1.10.0.aar (com.google.android.material:material:1.10.0) with ExtractAarTransform
Transforming material-1.10.0.aar (com.google.android.material:material:1.10.0) with LibrarySymbolTableTransform
Transforming constraintlayout-2.1.4.aar (androidx.constraintlayout:constraintlayout:2.1.4) with JetifyTransform
Transforming constraintlayout-2.1.4.aar (androidx.constraintlayout:constraintlayout:2.1.4) with ExtractAarTransform
Transforming constraintlayout-2.1.4.aar (androidx.constraintlayout:constraintlayout:2.1.4) with LibrarySymbolTableTransform
Transforming appcompat-resources-1.6.1.aar (androidx.appcompat:appcompat-resources:1.6.1) with JetifyTransform
Transforming appcompat-resources-1.6.1.aar (androidx.appcompat:appcompat-resources:1.6.1) with ExtractAarTransform
Transforming appcompat-resources-1.6.1.aar (androidx.appcompat:appcompat-resources:1.6.1) with LibrarySymbolTableTransform
Transforming appcompat-1.6.1.aar (androidx.appcompat:appcompat:1.6.1) with JetifyTransform
Transforming appcompat-1.6.1.aar (androidx.appcompat:appcompat:1.6.1) with ExtractAarTransform
Transforming appcompat-1.6.1.aar (androidx.appcompat:appcompat:1.6.1) with LibrarySymbolTableTransform
Transforming viewpager2-1.0.0.aar (androidx.viewpager2:viewpager2:1.0.0) with JetifyTransform
Transforming viewpager2-1.0.0.aar (androidx.viewpager2:viewpager2:1.0.0) with ExtractAarTransform
Transforming viewpager2-1.0.0.aar (androidx.viewpager2:viewpager2:1.0.0) with LibrarySymbolTableTransform
Transforming navigation-fragment-ktx-2.5.3.aar (androidx.navigation:navigation-fragment-ktx:2.5.3) with JetifyTransform
Transforming navigation-fragment-ktx-2.5.3.aar (androidx.navigation:navigation-fragment-ktx:2.5.3) with ExtractAarTransform
Transforming navigation-fragment-ktx-2.5.3.aar (androidx.navigation:navigation-fragment-ktx:2.5.3) with LibrarySymbolTableTransform
Transforming navigation-fragment-2.5.3.aar (androidx.navigation:navigation-fragment:2.5.3) with JetifyTransform
Transforming navigation-fragment-2.5.3.aar (androidx.navigation:navigation-fragment:2.5.3) with ExtractAarTransform
Transforming navigation-fragment-2.5.3.aar (androidx.navigation:navigation-fragment:2.5.3) with LibrarySymbolTableTransform
Transforming fragment-ktx-1.5.4.aar (androidx.fragment:fragment-ktx:1.5.4) with JetifyTransform
Transforming fragment-ktx-1.5.4.aar (androidx.fragment:fragment-ktx:1.5.4) with ExtractAarTransform
Transforming fragment-ktx-1.5.4.aar (androidx.fragment:fragment-ktx:1.5.4) with LibrarySymbolTableTransform
Transforming fragment-1.5.4.aar (androidx.fragment:fragment:1.5.4) with JetifyTransform
Transforming fragment-1.5.4.aar (androidx.fragment:fragment:1.5.4) with ExtractAarTransform
Transforming fragment-1.5.4.aar (androidx.fragment:fragment:1.5.4) with LibrarySymbolTableTransform
Transforming fragment-1.5.4.aar (androidx.fragment:fragment:1.5.4) with JetifyTransform
Transforming fragment-1.5.4.aar (androidx.fragment:fragment:1.5.4) with ExtractAarTransform
Transforming fragment-1.5.4.aar (androidx.fragment:fragment:1.5.4) with LibrarySymbolTableTransform
Transforming navigation-runtime-ktx-2.5.3.aar (androidx.navigation:navigation-runtime-ktx:2.5.3) with JetifyTransform
Transforming navigation-runtime-ktx-2.5.3.aar (androidx.navigation:navigation-runtime-ktx:2.5.3) with ExtractAarTransform
Transforming navigation-runtime-ktx-2.5.3.aar (androidx.navigation:navigation-runtime-ktx:2.5.3) with LibrarySymbolTableTransform
Transforming navigation-runtime-2.5.3.aar (androidx.navigation:navigation-runtime:2.5.3) with JetifyTransform
Transforming navigation-runtime-2.5.3.aar (androidx.navigation:navigation-runtime:2.5.3) with ExtractAarTransform
Transforming navigation-runtime-2.5.3.aar (androidx.navigation:navigation-runtime:2.5.3) with LibrarySymbolTableTransform
Transforming activity-ktx-1.8.0.aar (androidx.activity:activity-ktx:1.8.0) with JetifyTransform
Transforming activity-ktx-1.8.0.aar (androidx.activity:activity-ktx:1.8.0) with ExtractAarTransform
Transforming activity-ktx-1.8.0.aar (androidx.activity:activity-ktx:1.8.0) with LibrarySymbolTableTransform
Transforming activity-1.8.0.aar (androidx.activity:activity:1.8.0) with JetifyTransform
Transforming activity-1.8.0.aar (androidx.activity:activity:1.8.0) with ExtractAarTransform
Transforming activity-1.8.0.aar (androidx.activity:activity:1.8.0) with LibrarySymbolTableTransform
Transforming emoji2-views-helper-1.2.0.aar (androidx.emoji2:emoji2-views-helper:1.2.0) with JetifyTransform
Transforming emoji2-views-helper-1.2.0.aar (androidx.emoji2:emoji2-views-helper:1.2.0) with ExtractAarTransform
Transforming emoji2-views-helper-1.2.0.aar (androidx.emoji2:emoji2-views-helper:1.2.0) with LibrarySymbolTableTransform
Transforming emoji2-1.2.0.aar (androidx.emoji2:emoji2:1.2.0) with JetifyTransform
Transforming emoji2-1.2.0.aar (androidx.emoji2:emoji2:1.2.0) with ExtractAarTransform
Transforming emoji2-1.2.0.aar (androidx.emoji2:emoji2:1.2.0) with LibrarySymbolTableTransform
Transforming navigation-common-ktx-2.5.3.aar (androidx.navigation:navigation-common-ktx:2.5.3) with JetifyTransform
Transforming navigation-common-ktx-2.5.3.aar (androidx.navigation:navigation-common-ktx:2.5.3) with ExtractAarTransform
Transforming navigation-common-ktx-2.5.3.aar (androidx.navigation:navigation-common-ktx:2.5.3) with LibrarySymbolTableTransform
Transforming navigation-common-2.5.3.aar (androidx.navigation:navigation-common:2.5.3) with JetifyTransform
Transforming navigation-common-2.5.3.aar (androidx.navigation:navigation-common:2.5.3) with ExtractAarTransform
Transforming navigation-common-2.5.3.aar (androidx.navigation:navigation-common:2.5.3) with LibrarySymbolTableTransform
Transforming savedstate-ktx-1.2.1.aar (androidx.savedstate:savedstate-ktx:1.2.1) with JetifyTransform
Transforming savedstate-ktx-1.2.1.aar (androidx.savedstate:savedstate-ktx:1.2.1) with ExtractAarTransform
Transforming savedstate-ktx-1.2.1.aar (androidx.savedstate:savedstate-ktx:1.2.1) with LibrarySymbolTableTransform
Transforming savedstate-1.2.1.aar (androidx.savedstate:savedstate:1.2.1) with JetifyTransform
Transforming savedstate-1.2.1.aar (androidx.savedstate:savedstate:1.2.1) with ExtractAarTransform
Transforming savedstate-1.2.1.aar (androidx.savedstate:savedstate:1.2.1) with LibrarySymbolTableTransform
Transforming lifecycle-livedata-core-2.6.2.aar (androidx.lifecycle:lifecycle-livedata-core:2.6.2) with JetifyTransform
Transforming lifecycle-livedata-core-2.6.2.aar (androidx.lifecycle:lifecycle-livedata-core:2.6.2) with ExtractAarTransform
Transforming lifecycle-livedata-core-2.6.2.aar (androidx.lifecycle:lifecycle-livedata-core:2.6.2) with LibrarySymbolTableTransform
Transforming lifecycle-process-2.6.2.aar (androidx.lifecycle:lifecycle-process:2.6.2) with JetifyTransform
Transforming lifecycle-process-2.6.2.aar (androidx.lifecycle:lifecycle-process:2.6.2) with ExtractAarTransform
Transforming lifecycle-process-2.6.2.aar (androidx.lifecycle:lifecycle-process:2.6.2) with LibrarySymbolTableTransform
Transforming lifecycle-livedata-core-ktx-2.6.2.aar (androidx.lifecycle:lifecycle-livedata-core-ktx:2.6.2) with JetifyTransform
Transforming lifecycle-livedata-core-ktx-2.6.2.aar (androidx.lifecycle:lifecycle-livedata-core-ktx:2.6.2) with ExtractAarTransform
Transforming lifecycle-livedata-core-ktx-2.6.2.aar (androidx.lifecycle:lifecycle-livedata-core-ktx:2.6.2) with LibrarySymbolTableTransform
Transforming dynamicanimation-1.0.0.aar (androidx.dynamicanimation:dynamicanimation:1.0.0) with JetifyTransform
Transforming dynamicanimation-1.0.0.aar (androidx.dynamicanimation:dynamicanimation:1.0.0) with ExtractAarTransform
Transforming dynamicanimation-1.0.0.aar (androidx.dynamicanimation:dynamicanimation:1.0.0) with LibrarySymbolTableTransform
Transforming legacy-support-core-utils-1.0.0.aar (androidx.legacy:legacy-support-core-utils:1.0.0) with JetifyTransform
Transforming legacy-support-core-utils-1.0.0.aar (androidx.legacy:legacy-support-core-utils:1.0.0) with ExtractAarTransform
Transforming legacy-support-core-utils-1.0.0.aar (androidx.legacy:legacy-support-core-utils:1.0.0) with LibrarySymbolTableTransform
Transforming loader-1.0.0.aar (androidx.loader:loader:1.0.0) with JetifyTransform
Transforming loader-1.0.0.aar (androidx.loader:loader:1.0.0) with ExtractAarTransform
Transforming loader-1.0.0.aar (androidx.loader:loader:1.0.0) with LibrarySymbolTableTransform
Transforming loader-1.0.0.aar (androidx.loader:loader:1.0.0) with JetifyTransform
Transforming loader-1.0.0.aar (androidx.loader:loader:1.0.0) with ExtractAarTransform
Transforming loader-1.0.0.aar (androidx.loader:loader:1.0.0) with LibrarySymbolTableTransform
Transforming lifecycle-livedata-2.6.2.aar (androidx.lifecycle:lifecycle-livedata:2.6.2) with JetifyTransform
Transforming lifecycle-livedata-2.6.2.aar (androidx.lifecycle:lifecycle-livedata:2.6.2) with ExtractAarTransform
Transforming lifecycle-livedata-2.6.2.aar (androidx.lifecycle:lifecycle-livedata:2.6.2) with LibrarySymbolTableTransform
Transforming lifecycle-livedata-2.6.2.aar (androidx.lifecycle:lifecycle-livedata:2.6.2) with JetifyTransform
Transforming lifecycle-livedata-2.6.2.aar (androidx.lifecycle:lifecycle-livedata:2.6.2) with ExtractAarTransform
Transforming lifecycle-livedata-2.6.2.aar (androidx.lifecycle:lifecycle-livedata:2.6.2) with LibrarySymbolTableTransform
Transforming lifecycle-viewmodel-savedstate-2.6.2.aar (androidx.lifecycle:lifecycle-viewmodel-savedstate:2.6.2) with JetifyTransform
Transforming lifecycle-viewmodel-savedstate-2.6.2.aar (androidx.lifecycle:lifecycle-viewmodel-savedstate:2.6.2) with ExtractAarTransform
Transforming lifecycle-viewmodel-savedstate-2.6.2.aar (androidx.lifecycle:lifecycle-viewmodel-savedstate:2.6.2) with LibrarySymbolTableTransform
Transforming core-ktx-1.10.1.aar (androidx.core:core-ktx:1.10.1) with JetifyTransform
Transforming core-ktx-1.10.1.aar (androidx.core:core-ktx:1.10.1) with ExtractAarTransform
Transforming core-ktx-1.10.1.aar (androidx.core:core-ktx:1.10.1) with LibrarySymbolTableTransform
Transforming drawerlayout-1.1.1.aar (androidx.drawerlayout:drawerlayout:1.1.1) with JetifyTransform
Transforming drawerlayout-1.1.1.aar (androidx.drawerlayout:drawerlayout:1.1.1) with ExtractAarTransform
Transforming drawerlayout-1.1.1.aar (androidx.drawerlayout:drawerlayout:1.1.1) with LibrarySymbolTableTransform
Transforming coordinatorlayout-1.1.0.aar (androidx.coordinatorlayout:coordinatorlayout:1.1.0) with JetifyTransform
Transforming coordinatorlayout-1.1.0.aar (androidx.coordinatorlayout:coordinatorlayout:1.1.0) with ExtractAarTransform
Transforming coordinatorlayout-1.1.0.aar (androidx.coordinatorlayout:coordinatorlayout:1.1.0) with LibrarySymbolTableTransform
Transforming vectordrawable-animated-1.1.0.aar (androidx.vectordrawable:vectordrawable-animated:1.1.0) with JetifyTransform
Transforming vectordrawable-animated-1.1.0.aar (androidx.vectordrawable:vectordrawable-animated:1.1.0) with ExtractAarTransform
Transforming vectordrawable-animated-1.1.0.aar (androidx.vectordrawable:vectordrawable-animated:1.1.0) with LibrarySymbolTableTransform
Transforming vectordrawable-1.1.0.aar (androidx.vectordrawable:vectordrawable:1.1.0) with JetifyTransform
Transforming vectordrawable-1.1.0.aar (androidx.vectordrawable:vectordrawable:1.1.0) with ExtractAarTransform
Transforming vectordrawable-1.1.0.aar (androidx.vectordrawable:vectordrawable:1.1.0) with LibrarySymbolTableTransform
Transforming vectordrawable-1.1.0.aar (androidx.vectordrawable:vectordrawable:1.1.0) with JetifyTransform
Transforming vectordrawable-1.1.0.aar (androidx.vectordrawable:vectordrawable:1.1.0) with ExtractAarTransform
Transforming vectordrawable-1.1.0.aar (androidx.vectordrawable:vectordrawable:1.1.0) with LibrarySymbolTableTransform
Transforming recyclerview-1.1.0.aar (androidx.recyclerview:recyclerview:1.1.0) with JetifyTransform
Transforming recyclerview-1.1.0.aar (androidx.recyclerview:recyclerview:1.1.0) with ExtractAarTransform
Transforming recyclerview-1.1.0.aar (androidx.recyclerview:recyclerview:1.1.0) with LibrarySymbolTableTransform
Transforming recyclerview-1.1.0.aar (androidx.recyclerview:recyclerview:1.1.0) with JetifyTransform
Transforming recyclerview-1.1.0.aar (androidx.recyclerview:recyclerview:1.1.0) with ExtractAarTransform
Transforming recyclerview-1.1.0.aar (androidx.recyclerview:recyclerview:1.1.0) with LibrarySymbolTableTransform
Transforming slidingpanelayout-1.2.0.aar (androidx.slidingpanelayout:slidingpanelayout:1.2.0) with JetifyTransform
Transforming slidingpanelayout-1.2.0.aar (androidx.slidingpanelayout:slidingpanelayout:1.2.0) with ExtractAarTransform
Transforming slidingpanelayout-1.2.0.aar (androidx.slidingpanelayout:slidingpanelayout:1.2.0) with LibrarySymbolTableTransform
Transforming viewpager-1.0.0.aar (androidx.viewpager:viewpager:1.0.0) with JetifyTransform
Transforming viewpager-1.0.0.aar (androidx.viewpager:viewpager:1.0.0) with ExtractAarTransform
Transforming viewpager-1.0.0.aar (androidx.viewpager:viewpager:1.0.0) with LibrarySymbolTableTransform
Transforming customview-1.1.0.aar (androidx.customview:customview:1.1.0) with JetifyTransform
Transforming customview-1.1.0.aar (androidx.customview:customview:1.1.0) with ExtractAarTransform
Transforming customview-1.1.0.aar (androidx.customview:customview:1.1.0) with LibrarySymbolTableTransform
Transforming customview-1.1.0.aar (androidx.customview:customview:1.1.0) with JetifyTransform
Transforming customview-1.1.0.aar (androidx.customview:customview:1.1.0) with ExtractAarTransform
Transforming customview-1.1.0.aar (androidx.customview:customview:1.1.0) with LibrarySymbolTableTransform
Transforming customview-1.1.0.aar (androidx.customview:customview:1.1.0) with JetifyTransform
Transforming customview-1.1.0.aar (androidx.customview:customview:1.1.0) with ExtractAarTransform
Transforming customview-1.1.0.aar (androidx.customview:customview:1.1.0) with LibrarySymbolTableTransform
Transforming customview-1.1.0.aar (androidx.customview:customview:1.1.0) with JetifyTransform
Transforming customview-1.1.0.aar (androidx.customview:customview:1.1.0) with ExtractAarTransform
Transforming customview-1.1.0.aar (androidx.customview:customview:1.1.0) with LibrarySymbolTableTransform
Transforming customview-1.1.0.aar (androidx.customview:customview:1.1.0) with JetifyTransform
Transforming customview-1.1.0.aar (androidx.customview:customview:1.1.0) with ExtractAarTransform
Transforming customview-1.1.0.aar (androidx.customview:customview:1.1.0) with LibrarySymbolTableTransform
Transforming transition-1.4.1.aar (androidx.transition:transition:1.4.1) with JetifyTransform
Transforming transition-1.4.1.aar (androidx.transition:transition:1.4.1) with ExtractAarTransform
Transforming transition-1.4.1.aar (androidx.transition:transition:1.4.1) with LibrarySymbolTableTransform
Transforming window-1.0.0.aar (androidx.window:window:1.0.0) with JetifyTransform
Transforming window-1.0.0.aar (androidx.window:window:1.0.0) with ExtractAarTransform
Transforming window-1.0.0.aar (androidx.window:window:1.0.0) with LibrarySymbolTableTransform
Transforming core-1.10.1.aar (androidx.core:core:1.10.1) with JetifyTransform
Transforming core-1.10.1.aar (androidx.core:core:1.10.1) with ExtractAarTransform
Transforming core-1.10.1.aar (androidx.core:core:1.10.1) with LibrarySymbolTableTransform
Transforming core-1.10.1.aar (androidx.core:core:1.10.1) with JetifyTransform
Transforming core-1.10.1.aar (androidx.core:core:1.10.1) with ExtractAarTransform
Transforming core-1.10.1.aar (androidx.core:core:1.10.1) with LibrarySymbolTableTransform
Transforming core-1.10.1.aar (androidx.core:core:1.10.1) with JetifyTransform
Transforming core-1.10.1.aar (androidx.core:core:1.10.1) with ExtractAarTransform
Transforming core-1.10.1.aar (androidx.core:core:1.10.1) with LibrarySymbolTableTransform
Transforming core-1.10.1.aar (androidx.core:core:1.10.1) with JetifyTransform
Transforming core-1.10.1.aar (androidx.core:core:1.10.1) with ExtractAarTransform
Transforming core-1.10.1.aar (androidx.core:core:1.10.1) with LibrarySymbolTableTransform
Transforming core-1.10.1.aar (androidx.core:core:1.10.1) with JetifyTransform
Transforming core-1.10.1.aar (androidx.core:core:1.10.1) with ExtractAarTransform
Transforming core-1.10.1.aar (androidx.core:core:1.10.1) with LibrarySymbolTableTransform
Transforming core-1.10.1.aar (androidx.core:core:1.10.1) with JetifyTransform
Transforming core-1.10.1.aar (androidx.core:core:1.10.1) with ExtractAarTransform
Transforming core-1.10.1.aar (androidx.core:core:1.10.1) with LibrarySymbolTableTransform
Transforming core-1.10.1.aar (androidx.core:core:1.10.1) with JetifyTransform
Transforming core-1.10.1.aar (androidx.core:core:1.10.1) with ExtractAarTransform
Transforming core-1.10.1.aar (androidx.core:core:1.10.1) with LibrarySymbolTableTransform
Transforming core-1.10.1.aar (androidx.core:core:1.10.1) with JetifyTransform
Transforming core-1.10.1.aar (androidx.core:core:1.10.1) with ExtractAarTransform
Transforming core-1.10.1.aar (androidx.core:core:1.10.1) with LibrarySymbolTableTransform
Transforming core-1.10.1.aar (androidx.core:core:1.10.1) with JetifyTransform
Transforming core-1.10.1.aar (androidx.core:core:1.10.1) with ExtractAarTransform
Transforming core-1.10.1.aar (androidx.core:core:1.10.1) with LibrarySymbolTableTransform
Transforming core-1.10.1.aar (androidx.core:core:1.10.1) with JetifyTransform
Transforming core-1.10.1.aar (androidx.core:core:1.10.1) with ExtractAarTransform
Transforming core-1.10.1.aar (androidx.core:core:1.10.1) with LibrarySymbolTableTransform
Transforming core-1.10.1.aar (androidx.core:core:1.10.1) with JetifyTransform
Transforming core-1.10.1.aar (androidx.core:core:1.10.1) with ExtractAarTransform
Transforming core-1.10.1.aar (androidx.core:core:1.10.1) with LibrarySymbolTableTransform
Transforming lifecycle-runtime-2.6.2.aar (androidx.lifecycle:lifecycle-runtime:2.6.2) with JetifyTransform
Transforming lifecycle-runtime-2.6.2.aar (androidx.lifecycle:lifecycle-runtime:2.6.2) with ExtractAarTransform
Transforming lifecycle-runtime-2.6.2.aar (androidx.lifecycle:lifecycle-runtime:2.6.2) with LibrarySymbolTableTransform
Transforming lifecycle-viewmodel-2.6.2.aar (androidx.lifecycle:lifecycle-viewmodel:2.6.2) with JetifyTransform
Transforming lifecycle-viewmodel-2.6.2.aar (androidx.lifecycle:lifecycle-viewmodel:2.6.2) with ExtractAarTransform
Transforming lifecycle-viewmodel-2.6.2.aar (androidx.lifecycle:lifecycle-viewmodel:2.6.2) with LibrarySymbolTableTransform
Transforming lifecycle-viewmodel-2.6.2.aar (androidx.lifecycle:lifecycle-viewmodel:2.6.2) with JetifyTransform
Transforming lifecycle-viewmodel-2.6.2.aar (androidx.lifecycle:lifecycle-viewmodel:2.6.2) with ExtractAarTransform
Transforming lifecycle-viewmodel-2.6.2.aar (androidx.lifecycle:lifecycle-viewmodel:2.6.2) with LibrarySymbolTableTransform
Transforming lifecycle-runtime-ktx-2.6.2.aar (androidx.lifecycle:lifecycle-runtime-ktx:2.6.2) with JetifyTransform
Transforming lifecycle-runtime-ktx-2.6.2.aar (androidx.lifecycle:lifecycle-runtime-ktx:2.6.2) with ExtractAarTransform
Transforming lifecycle-runtime-ktx-2.6.2.aar (androidx.lifecycle:lifecycle-runtime-ktx:2.6.2) with LibrarySymbolTableTransform
Transforming lifecycle-livedata-ktx-2.6.2.aar (androidx.lifecycle:lifecycle-livedata-ktx:2.6.2) with JetifyTransform
Transforming lifecycle-livedata-ktx-2.6.2.aar (androidx.lifecycle:lifecycle-livedata-ktx:2.6.2) with ExtractAarTransform
Transforming lifecycle-livedata-ktx-2.6.2.aar (androidx.lifecycle:lifecycle-livedata-ktx:2.6.2) with LibrarySymbolTableTransform
Transforming lifecycle-viewmodel-ktx-2.6.2.aar (androidx.lifecycle:lifecycle-viewmodel-ktx:2.6.2) with JetifyTransform
Transforming lifecycle-viewmodel-ktx-2.6.2.aar (androidx.lifecycle:lifecycle-viewmodel-ktx:2.6.2) with ExtractAarTransform
Transforming lifecycle-viewmodel-ktx-2.6.2.aar (androidx.lifecycle:lifecycle-viewmodel-ktx:2.6.2) with LibrarySymbolTableTransform
Transforming room-ktx-2.4.3.aar (androidx.room:room-ktx:2.4.3) with JetifyTransform
Transforming room-ktx-2.4.3.aar (androidx.room:room-ktx:2.4.3) with ExtractAarTransform
Transforming room-ktx-2.4.3.aar (androidx.room:room-ktx:2.4.3) with LibrarySymbolTableTransform
Transforming datastore-preferences-1.0.0.aar (androidx.datastore:datastore-preferences:1.0.0) with JetifyTransform
Transforming datastore-preferences-1.0.0.aar (androidx.datastore:datastore-preferences:1.0.0) with ExtractAarTransform
Transforming datastore-preferences-1.0.0.aar (androidx.datastore:datastore-preferences:1.0.0) with LibrarySymbolTableTransform
Transforming datastore-1.0.0.aar (androidx.datastore:datastore:1.0.0) with JetifyTransform
Transforming datastore-1.0.0.aar (androidx.datastore:datastore:1.0.0) with ExtractAarTransform
Transforming datastore-1.0.0.aar (androidx.datastore:datastore:1.0.0) with LibrarySymbolTableTransform
Transforming room-runtime-2.4.3.aar (androidx.room:room-runtime:2.4.3) with JetifyTransform
Transforming room-runtime-2.4.3.aar (androidx.room:room-runtime:2.4.3) with ExtractAarTransform
Transforming room-runtime-2.4.3.aar (androidx.room:room-runtime:2.4.3) with LibrarySymbolTableTransform
Transforming annotation-experimental-1.3.0.aar (androidx.annotation:annotation-experimental:1.3.0) with JetifyTransform
Transforming annotation-experimental-1.3.0.aar (androidx.annotation:annotation-experimental:1.3.0) with ExtractAarTransform
Transforming annotation-experimental-1.3.0.aar (androidx.annotation:annotation-experimental:1.3.0) with LibrarySymbolTableTransform
Transforming cursoradapter-1.0.0.aar (androidx.cursoradapter:cursoradapter:1.0.0) with JetifyTransform
Transforming cursoradapter-1.0.0.aar (androidx.cursoradapter:cursoradapter:1.0.0) with ExtractAarTransform
Transforming cursoradapter-1.0.0.aar (androidx.cursoradapter:cursoradapter:1.0.0) with LibrarySymbolTableTransform
Transforming cardview-1.0.0.aar (androidx.cardview:cardview:1.0.0) with JetifyTransform
Transforming cardview-1.0.0.aar (androidx.cardview:cardview:1.0.0) with ExtractAarTransform
Transforming cardview-1.0.0.aar (androidx.cardview:cardview:1.0.0) with LibrarySymbolTableTransform
Transforming sqlite-framework-2.2.0.aar (androidx.sqlite:sqlite-framework:2.2.0) with JetifyTransform
Transforming sqlite-framework-2.2.0.aar (androidx.sqlite:sqlite-framework:2.2.0) with ExtractAarTransform
Transforming sqlite-framework-2.2.0.aar (androidx.sqlite:sqlite-framework:2.2.0) with LibrarySymbolTableTransform
Transforming sqlite-2.2.0.aar (androidx.sqlite:sqlite:2.2.0) with JetifyTransform
Transforming sqlite-2.2.0.aar (androidx.sqlite:sqlite:2.2.0) with ExtractAarTransform
Transforming sqlite-2.2.0.aar (androidx.sqlite:sqlite:2.2.0) with LibrarySymbolTableTransform
Transforming interpolator-1.0.0.aar (androidx.interpolator:interpolator:1.0.0) with JetifyTransform
Transforming interpolator-1.0.0.aar (androidx.interpolator:interpolator:1.0.0) with ExtractAarTransform
Transforming interpolator-1.0.0.aar (androidx.interpolator:interpolator:1.0.0) with LibrarySymbolTableTransform
Transforming interpolator-1.0.0.aar (androidx.interpolator:interpolator:1.0.0) with JetifyTransform
Transforming interpolator-1.0.0.aar (androidx.interpolator:interpolator:1.0.0) with ExtractAarTransform
Transforming interpolator-1.0.0.aar (androidx.interpolator:interpolator:1.0.0) with LibrarySymbolTableTransform
Transforming versionedparcelable-1.1.1.aar (androidx.versionedparcelable:versionedparcelable:1.1.1) with JetifyTransform
Transforming versionedparcelable-1.1.1.aar (androidx.versionedparcelable:versionedparcelable:1.1.1) with ExtractAarTransform
Transforming versionedparcelable-1.1.1.aar (androidx.versionedparcelable:versionedparcelable:1.1.1) with LibrarySymbolTableTransform
Transforming profileinstaller-1.3.0.aar (androidx.profileinstaller:profileinstaller:1.3.0) with JetifyTransform
Transforming profileinstaller-1.3.0.aar (androidx.profileinstaller:profileinstaller:1.3.0) with ExtractAarTransform
Transforming profileinstaller-1.3.0.aar (androidx.profileinstaller:profileinstaller:1.3.0) with LibrarySymbolTableTransform
Transforming startup-runtime-1.1.1.aar (androidx.startup:startup-runtime:1.1.1) with JetifyTransform
Transforming startup-runtime-1.1.1.aar (androidx.startup:startup-runtime:1.1.1) with ExtractAarTransform
Transforming startup-runtime-1.1.1.aar (androidx.startup:startup-runtime:1.1.1) with LibrarySymbolTableTransform
Transforming tracing-1.0.0.aar (androidx.tracing:tracing:1.0.0) with JetifyTransform
Transforming tracing-1.0.0.aar (androidx.tracing:tracing:1.0.0) with ExtractAarTransform
Transforming tracing-1.0.0.aar (androidx.tracing:tracing:1.0.0) with LibrarySymbolTableTransform
Transforming core-runtime-2.2.0.aar (androidx.arch.core:core-runtime:2.2.0) with JetifyTransform
Transforming core-runtime-2.2.0.aar (androidx.arch.core:core-runtime:2.2.0) with ExtractAarTransform
Transforming core-runtime-2.2.0.aar (androidx.arch.core:core-runtime:2.2.0) with LibrarySymbolTableTransform
Transforming documentfile-1.0.0.aar (androidx.documentfile:documentfile:1.0.0) with JetifyTransform
Transforming documentfile-1.0.0.aar (androidx.documentfile:documentfile:1.0.0) with ExtractAarTransform
Transforming documentfile-1.0.0.aar (androidx.documentfile:documentfile:1.0.0) with LibrarySymbolTableTransform
Transforming localbroadcastmanager-1.0.0.aar (androidx.localbroadcastmanager:localbroadcastmanager:1.0.0) with JetifyTransform
Transforming localbroadcastmanager-1.0.0.aar (androidx.localbroadcastmanager:localbroadcastmanager:1.0.0) with ExtractAarTransform
Transforming localbroadcastmanager-1.0.0.aar (androidx.localbroadcastmanager:localbroadcastmanager:1.0.0) with LibrarySymbolTableTransform
Transforming print-1.0.0.aar (androidx.print:print:1.0.0) with JetifyTransform
Transforming print-1.0.0.aar (androidx.print:print:1.0.0) with ExtractAarTransform
Transforming print-1.0.0.aar (androidx.print:print:1.0.0) with LibrarySymbolTableTransform
Caching disabled for LibrarySymbolTableTransform: /data/data/com.termux/files/home/.gradle/caches/transforms-3/3b428544fb58a905a766676a40750f8b/transformed/fragment-1.5.4 because:
  Build cache is disabled
Skipping LibrarySymbolTableTransform: /data/data/com.termux/files/home/.gradle/caches/transforms-3/3b428544fb58a905a766676a40750f8b/transformed/fragment-1.5.4 as it is up-to-date.
Caching disabled for LibrarySymbolTableTransform: /data/data/com.termux/files/home/.gradle/caches/transforms-3/3f8d5dc11b69a75c49966e17fce980c2/transformed/navigation-runtime-ktx-2.5.3 because:
  Build cache is disabled
Skipping LibrarySymbolTableTransform: /data/data/com.termux/files/home/.gradle/caches/transforms-3/3f8d5dc11b69a75c49966e17fce980c2/transformed/navigation-runtime-ktx-2.5.3 as it is up-to-date.
Caching disabled for LibrarySymbolTableTransform: /data/data/com.termux/files/home/.gradle/caches/transforms-3/bd92967648f74b6bfe7152bdf3a29a37/transformed/navigation-runtime-2.5.3 because:
  Build cache is disabled
Skipping LibrarySymbolTableTransform: /data/data/com.termux/files/home/.gradle/caches/transforms-3/bd92967648f74b6bfe7152bdf3a29a37/transformed/navigation-runtime-2.5.3 as it is up-to-date.
Caching disabled for LibrarySymbolTableTransform: /data/data/com.termux/files/home/.gradle/caches/transforms-3/9f00a34e9217b5f1fb46f51b349fd8f3/transformed/jetified-activity-ktx-1.8.0 because:
  Build cache is disabled
Skipping LibrarySymbolTableTransform: /data/data/com.termux/files/home/.gradle/caches/transforms-3/9f00a34e9217b5f1fb46f51b349fd8f3/transformed/jetified-activity-ktx-1.8.0 as it is up-to-date.
Caching disabled for LibrarySymbolTableTransform: /data/data/com.termux/files/home/.gradle/caches/transforms-3/ebfc84555254bacab62ad1da71fbc89c/transformed/jetified-activity-1.8.0 because:
  Build cache is disabled
Skipping LibrarySymbolTableTransform: /data/data/com.termux/files/home/.gradle/caches/transforms-3/ebfc84555254bacab62ad1da71fbc89c/transformed/jetified-activity-1.8.0 as it is up-to-date.
Caching disabled for LibrarySymbolTableTransform: /data/data/com.termux/files/home/.gradle/caches/transforms-3/cbf7c05711435233ff3168cbc0eee7e6/transformed/jetified-emoji2-views-helper-1.2.0 because:
  Build cache is disabled
Skipping LibrarySymbolTableTransform: /data/data/com.termux/files/home/.gradle/caches/transforms-3/cbf7c05711435233ff3168cbc0eee7e6/transformed/jetified-emoji2-views-helper-1.2.0 as it is up-to-date.
Caching disabled for LibrarySymbolTableTransform: /data/data/com.termux/files/home/.gradle/caches/transforms-3/98a8efc877b7c9d8ab9f1a39bc51622a/transformed/jetified-emoji2-1.2.0 because:
  Build cache is disabled
Skipping LibrarySymbolTableTransform: /data/data/com.termux/files/home/.gradle/caches/transforms-3/98a8efc877b7c9d8ab9f1a39bc51622a/transformed/jetified-emoji2-1.2.0 as it is up-to-date.
Caching disabled for LibrarySymbolTableTransform: /data/data/com.termux/files/home/.gradle/caches/transforms-3/08320af73d98014beb03478360de7461/transformed/navigation-common-ktx-2.5.3 because:
  Build cache is disabled
Skipping LibrarySymbolTableTransform: /data/data/com.termux/files/home/.gradle/caches/transforms-3/08320af73d98014beb03478360de7461/transformed/navigation-common-ktx-2.5.3 as it is up-to-date.
Caching disabled for LibrarySymbolTableTransform: /data/data/com.termux/files/home/.gradle/caches/transforms-3/9049dc0569211b06ffbf5aa8f07da126/transformed/navigation-common-2.5.3 because:
  Build cache is disabled
Skipping LibrarySymbolTableTransform: /data/data/com.termux/files/home/.gradle/caches/transforms-3/9049dc0569211b06ffbf5aa8f07da126/transformed/navigation-common-2.5.3 as it is up-to-date.
Caching disabled for LibrarySymbolTableTransform: /data/data/com.termux/files/home/.gradle/caches/transforms-3/0fdd417d0322578047fa33896ef9ac87/transformed/jetified-savedstate-ktx-1.2.1 because:
  Build cache is disabled
Skipping LibrarySymbolTableTransform: /data/data/com.termux/files/home/.gradle/caches/transforms-3/0fdd417d0322578047fa33896ef9ac87/transformed/jetified-savedstate-ktx-1.2.1 as it is up-to-date.
Caching disabled for LibrarySymbolTableTransform: /data/data/com.termux/files/home/.gradle/caches/transforms-3/ec244bc9a1d5fadb1732a503ae689c28/transformed/jetified-savedstate-1.2.1 because:
  Build cache is disabled
Skipping LibrarySymbolTableTransform: /data/data/com.termux/files/home/.gradle/caches/transforms-3/ec244bc9a1d5fadb1732a503ae689c28/transformed/jetified-savedstate-1.2.1 as it is up-to-date.
Caching disabled for LibrarySymbolTableTransform: /data/data/com.termux/files/home/.gradle/caches/transforms-3/f37a97cbc0721ef7ade7b911f0620d54/transformed/lifecycle-livedata-core-2.6.2 because:
  Build cache is disabled
Skipping LibrarySymbolTableTransform: /data/data/com.termux/files/home/.gradle/caches/transforms-3/f37a97cbc0721ef7ade7b911f0620d54/transformed/lifecycle-livedata-core-2.6.2 as it is up-to-date.
Caching disabled for LibrarySymbolTableTransform: /data/data/com.termux/files/home/.gradle/caches/transforms-3/d4b989baffcd6842cf6e2e91407a1413/transformed/jetified-lifecycle-process-2.6.2 because:
  Build cache is disabled
Skipping LibrarySymbolTableTransform: /data/data/com.termux/files/home/.gradle/caches/transforms-3/d4b989baffcd6842cf6e2e91407a1413/transformed/jetified-lifecycle-process-2.6.2 as it is up-to-date.
Caching disabled for LibrarySymbolTableTransform: /data/data/com.termux/files/home/.gradle/caches/transforms-3/f647411fa57cd3515370c450f65d7c05/transformed/jetified-lifecycle-livedata-core-ktx-2.6.2 because:
  Build cache is disabled
Skipping LibrarySymbolTableTransform: /data/data/com.termux/files/home/.gradle/caches/transforms-3/f647411fa57cd3515370c450f65d7c05/transformed/jetified-lifecycle-livedata-core-ktx-2.6.2 as it is up-to-date.
Caching disabled for LibrarySymbolTableTransform: /data/data/com.termux/files/home/.gradle/caches/transforms-3/0ad736e3a9769f3abc15d403f1888484/transformed/dynamicanimation-1.0.0 because:
  Build cache is disabled
Skipping LibrarySymbolTableTransform: /data/data/com.termux/files/home/.gradle/caches/transforms-3/0ad736e3a9769f3abc15d403f1888484/transformed/dynamicanimation-1.0.0 as it is up-to-date.
Caching disabled for LibrarySymbolTableTransform: /data/data/com.termux/files/home/.gradle/caches/transforms-3/d730c16c5ec7ae463793a36706f80df7/transformed/legacy-support-core-utils-1.0.0 because:
  Build cache is disabled
Skipping LibrarySymbolTableTransform: /data/data/com.termux/files/home/.gradle/caches/transforms-3/d730c16c5ec7ae463793a36706f80df7/transformed/legacy-support-core-utils-1.0.0 as it is up-to-date.
Caching disabled for LibrarySymbolTableTransform: /data/data/com.termux/files/home/.gradle/caches/transforms-3/b06fd8bc629c7ce039eece3f21098138/transformed/loader-1.0.0 because:
  Build cache is disabled
Skipping LibrarySymbolTableTransform: /data/data/com.termux/files/home/.gradle/caches/transforms-3/b06fd8bc629c7ce039eece3f21098138/transformed/loader-1.0.0 as it is up-to-date.
Caching disabled for LibrarySymbolTableTransform: /data/data/com.termux/files/home/.gradle/caches/transforms-3/abb42caba76fcbece6cce082110596df/transformed/lifecycle-livedata-2.6.2 because:
  Build cache is disabled
Skipping LibrarySymbolTableTransform: /data/data/com.termux/files/home/.gradle/caches/transforms-3/abb42caba76fcbece6cce082110596df/transformed/lifecycle-livedata-2.6.2 as it is up-to-date.
Caching disabled for LibrarySymbolTableTransform: /data/data/com.termux/files/home/.gradle/caches/transforms-3/11795230c1dd9a51511d4dd2ce1941d1/transformed/jetified-lifecycle-viewmodel-savedstate-2.6.2 because:
  Build cache is disabled
Skipping LibrarySymbolTableTransform: /data/data/com.termux/files/home/.gradle/caches/transforms-3/11795230c1dd9a51511d4dd2ce1941d1/transformed/jetified-lifecycle-viewmodel-savedstate-2.6.2 as it is up-to-date.
Caching disabled for LibrarySymbolTableTransform: /data/data/com.termux/files/home/.gradle/caches/transforms-3/32d2a31b503a616e3892d0dacfcbdcea/transformed/jetified-core-ktx-1.10.1 because:
  Build cache is disabled
Skipping LibrarySymbolTableTransform: /data/data/com.termux/files/home/.gradle/caches/transforms-3/32d2a31b503a616e3892d0dacfcbdcea/transformed/jetified-core-ktx-1.10.1 as it is up-to-date.
Caching disabled for LibrarySymbolTableTransform: /data/data/com.termux/files/home/.gradle/caches/transforms-3/a1d877feeef0152e388f0a3b98ede1bf/transformed/drawerlayout-1.1.1 because:
  Build cache is disabled
Skipping LibrarySymbolTableTransform: /data/data/com.termux/files/home/.gradle/caches/transforms-3/a1d877feeef0152e388f0a3b98ede1bf/transformed/drawerlayout-1.1.1 as it is up-to-date.
Caching disabled for LibrarySymbolTableTransform: /data/data/com.termux/files/home/.gradle/caches/transforms-3/3aaa1c6497bf3fd9c4338d95c1b7b8e3/transformed/coordinatorlayout-1.1.0 because:
  Build cache is disabled
Skipping LibrarySymbolTableTransform: /data/data/com.termux/files/home/.gradle/caches/transforms-3/3aaa1c6497bf3fd9c4338d95c1b7b8e3/transformed/coordinatorlayout-1.1.0 as it is up-to-date.
Caching disabled for LibrarySymbolTableTransform: /data/data/com.termux/files/home/.gradle/caches/transforms-3/24ce17f17a8fa2d2b18c6e64d350b861/transformed/vectordrawable-animated-1.1.0 because:
  Build cache is disabled
Skipping LibrarySymbolTableTransform: /data/data/com.termux/files/home/.gradle/caches/transforms-3/24ce17f17a8fa2d2b18c6e64d350b861/transformed/vectordrawable-animated-1.1.0 as it is up-to-date.
Caching disabled for LibrarySymbolTableTransform: /data/data/com.termux/files/home/.gradle/caches/transforms-3/617ec14a47f98a9fad8de81318cd0ea2/transformed/vectordrawable-1.1.0 because:
  Build cache is disabled
Skipping LibrarySymbolTableTransform: /data/data/com.termux/files/home/.gradle/caches/transforms-3/617ec14a47f98a9fad8de81318cd0ea2/transformed/vectordrawable-1.1.0 as it is up-to-date.
Caching disabled for LibrarySymbolTableTransform: /data/data/com.termux/files/home/.gradle/caches/transforms-3/16499785acc0306d467c607b5549e8ff/transformed/recyclerview-1.1.0 because:
  Build cache is disabled
Skipping LibrarySymbolTableTransform: /data/data/com.termux/files/home/.gradle/caches/transforms-3/16499785acc0306d467c607b5549e8ff/transformed/recyclerview-1.1.0 as it is up-to-date.
Caching disabled for LibrarySymbolTableTransform: /data/data/com.termux/files/home/.gradle/caches/transforms-3/094924c6dd45a4a8923ffb9186c1586f/transformed/slidingpanelayout-1.2.0 because:
  Build cache is disabled
Skipping LibrarySymbolTableTransform: /data/data/com.termux/files/home/.gradle/caches/transforms-3/094924c6dd45a4a8923ffb9186c1586f/transformed/slidingpanelayout-1.2.0 as it is up-to-date.
Caching disabled for LibrarySymbolTableTransform: /data/data/com.termux/files/home/.gradle/caches/transforms-3/448ab9c7cab37b700d06fbffd623abb0/transformed/viewpager-1.0.0 because:
  Build cache is disabled
Skipping LibrarySymbolTableTransform: /data/data/com.termux/files/home/.gradle/caches/transforms-3/448ab9c7cab37b700d06fbffd623abb0/transformed/viewpager-1.0.0 as it is up-to-date.
Caching disabled for LibrarySymbolTableTransform: /data/data/com.termux/files/home/.gradle/caches/transforms-3/1689b5c4294402cdceb01fd7dd639931/transformed/customview-1.1.0 because:
  Build cache is disabled
Skipping LibrarySymbolTableTransform: /data/data/com.termux/files/home/.gradle/caches/transforms-3/1689b5c4294402cdceb01fd7dd639931/transformed/customview-1.1.0 as it is up-to-date.
Caching disabled for LibrarySymbolTableTransform: /data/data/com.termux/files/home/.gradle/caches/transforms-3/7e87582fe31d05ab540bc29571fbc435/transformed/transition-1.4.1 because:
  Build cache is disabled
Skipping LibrarySymbolTableTransform: /data/data/com.termux/files/home/.gradle/caches/transforms-3/7e87582fe31d05ab540bc29571fbc435/transformed/transition-1.4.1 as it is up-to-date.
Caching disabled for LibrarySymbolTableTransform: /data/data/com.termux/files/home/.gradle/caches/transforms-3/ba267e95536b0dcfd01027b591ea6ee7/transformed/jetified-window-1.0.0 because:
  Build cache is disabled
Skipping LibrarySymbolTableTransform: /data/data/com.termux/files/home/.gradle/caches/transforms-3/ba267e95536b0dcfd01027b591ea6ee7/transformed/jetified-window-1.0.0 as it is up-to-date.
Caching disabled for LibrarySymbolTableTransform: /data/data/com.termux/files/home/.gradle/caches/transforms-3/f98322f854a21334a75646f84147f7a3/transformed/core-1.10.1 because:
  Build cache is disabled
Skipping LibrarySymbolTableTransform: /data/data/com.termux/files/home/.gradle/caches/transforms-3/f98322f854a21334a75646f84147f7a3/transformed/core-1.10.1 as it is up-to-date.
Caching disabled for LibrarySymbolTableTransform: /data/data/com.termux/files/home/.gradle/caches/transforms-3/45e5ec749886c5d2d933e20639dbff1b/transformed/lifecycle-runtime-2.6.2 because:
  Build cache is disabled
Skipping LibrarySymbolTableTransform: /data/data/com.termux/files/home/.gradle/caches/transforms-3/45e5ec749886c5d2d933e20639dbff1b/transformed/lifecycle-runtime-2.6.2 as it is up-to-date.
Caching disabled for LibrarySymbolTableTransform: /data/data/com.termux/files/home/.gradle/caches/transforms-3/41876dbb9859fba32288f26e638ee925/transformed/lifecycle-viewmodel-2.6.2 because:
  Build cache is disabled
Skipping LibrarySymbolTableTransform: /data/data/com.termux/files/home/.gradle/caches/transforms-3/41876dbb9859fba32288f26e638ee925/transformed/lifecycle-viewmodel-2.6.2 as it is up-to-date.
Caching disabled for LibrarySymbolTableTransform: /data/data/com.termux/files/home/.gradle/caches/transforms-3/5b2253fa9134060446d559f881c2ded0/transformed/jetified-lifecycle-runtime-ktx-2.6.2 because:
  Build cache is disabled
Skipping LibrarySymbolTableTransform: /data/data/com.termux/files/home/.gradle/caches/transforms-3/5b2253fa9134060446d559f881c2ded0/transformed/jetified-lifecycle-runtime-ktx-2.6.2 as it is up-to-date.
Caching disabled for LibrarySymbolTableTransform: /data/data/com.termux/files/home/.gradle/caches/transforms-3/8a19d2b022ce76493028c63176004030/transformed/jetified-lifecycle-livedata-ktx-2.6.2 because:
  Build cache is disabled
Skipping LibrarySymbolTableTransform: /data/data/com.termux/files/home/.gradle/caches/transforms-3/8a19d2b022ce76493028c63176004030/transformed/jetified-lifecycle-livedata-ktx-2.6.2 as it is up-to-date.
Caching disabled for LibrarySymbolTableTransform: /data/data/com.termux/files/home/.gradle/caches/transforms-3/d187e2242b04c94066605bda020f9066/transformed/jetified-lifecycle-viewmodel-ktx-2.6.2 because:
  Build cache is disabled
Skipping LibrarySymbolTableTransform: /data/data/com.termux/files/home/.gradle/caches/transforms-3/d187e2242b04c94066605bda020f9066/transformed/jetified-lifecycle-viewmodel-ktx-2.6.2 as it is up-to-date.
Caching disabled for LibrarySymbolTableTransform: /data/data/com.termux/files/home/.gradle/caches/transforms-3/96622c893ea6bfbcfa0911741a1bb48f/transformed/jetified-room-ktx-2.4.3 because:
  Build cache is disabled
Skipping LibrarySymbolTableTransform: /data/data/com.termux/files/home/.gradle/caches/transforms-3/96622c893ea6bfbcfa0911741a1bb48f/transformed/jetified-room-ktx-2.4.3 as it is up-to-date.
Caching disabled for LibrarySymbolTableTransform: /data/data/com.termux/files/home/.gradle/caches/transforms-3/750c59c520d410fdb6849eb5bd1519f5/transformed/jetified-datastore-preferences-1.0.0 because:
  Build cache is disabled
Skipping LibrarySymbolTableTransform: /data/data/com.termux/files/home/.gradle/caches/transforms-3/750c59c520d410fdb6849eb5bd1519f5/transformed/jetified-datastore-preferences-1.0.0 as it is up-to-date.
Caching disabled for LibrarySymbolTableTransform: /data/data/com.termux/files/home/.gradle/caches/transforms-3/3e23c074c88f522629451a71783f39f8/transformed/jetified-datastore-1.0.0 because:
  Build cache is disabled
Skipping LibrarySymbolTableTransform: /data/data/com.termux/files/home/.gradle/caches/transforms-3/3e23c074c88f522629451a71783f39f8/transformed/jetified-datastore-1.0.0 as it is up-to-date.
Caching disabled for LibrarySymbolTableTransform: /data/data/com.termux/files/home/.gradle/caches/transforms-3/c4f53ced34abcde42b636439be4ba6e8/transformed/room-runtime-2.4.3 because:
  Build cache is disabled
Skipping LibrarySymbolTableTransform: /data/data/com.termux/files/home/.gradle/caches/transforms-3/c4f53ced34abcde42b636439be4ba6e8/transformed/room-runtime-2.4.3 as it is up-to-date.
Caching disabled for LibrarySymbolTableTransform: /data/data/com.termux/files/home/.gradle/caches/transforms-3/6ed7e7aef34a682fae993460dea7ece6/transformed/jetified-annotation-experimental-1.3.0 because:
  Build cache is disabled
Skipping LibrarySymbolTableTransform: /data/data/com.termux/files/home/.gradle/caches/transforms-3/6ed7e7aef34a682fae993460dea7ece6/transformed/jetified-annotation-experimental-1.3.0 as it is up-to-date.
Caching disabled for LibrarySymbolTableTransform: /data/data/com.termux/files/home/.gradle/caches/transforms-3/53f7a9e18ed75d00a48ebd4b2aa0fee9/transformed/cursoradapter-1.0.0 because:
  Build cache is disabled
Skipping LibrarySymbolTableTransform: /data/data/com.termux/files/home/.gradle/caches/transforms-3/53f7a9e18ed75d00a48ebd4b2aa0fee9/transformed/cursoradapter-1.0.0 as it is up-to-date.
Caching disabled for LibrarySymbolTableTransform: /data/data/com.termux/files/home/.gradle/caches/transforms-3/ea9254c73b7d115f74bf837e2c972435/transformed/cardview-1.0.0 because:
  Build cache is disabled
Skipping LibrarySymbolTableTransform: /data/data/com.termux/files/home/.gradle/caches/transforms-3/ea9254c73b7d115f74bf837e2c972435/transformed/cardview-1.0.0 as it is up-to-date.
Caching disabled for LibrarySymbolTableTransform: /data/data/com.termux/files/home/.gradle/caches/transforms-3/0163d7b5f8701603a522e5edb1be70bc/transformed/sqlite-framework-2.2.0 because:
  Build cache is disabled
Skipping LibrarySymbolTableTransform: /data/data/com.termux/files/home/.gradle/caches/transforms-3/0163d7b5f8701603a522e5edb1be70bc/transformed/sqlite-framework-2.2.0 as it is up-to-date.
Caching disabled for LibrarySymbolTableTransform: /data/data/com.termux/files/home/.gradle/caches/transforms-3/41b0136542f49d892cfea906fcd6d7e6/transformed/sqlite-2.2.0 because:
  Build cache is disabled
Skipping LibrarySymbolTableTransform: /data/data/com.termux/files/home/.gradle/caches/transforms-3/41b0136542f49d892cfea906fcd6d7e6/transformed/sqlite-2.2.0 as it is up-to-date.
Caching disabled for LibrarySymbolTableTransform: /data/data/com.termux/files/home/.gradle/caches/transforms-3/f6a000f5b02df722ae11ca253b08de68/transformed/interpolator-1.0.0 because:
  Build cache is disabled
Skipping LibrarySymbolTableTransform: /data/data/com.termux/files/home/.gradle/caches/transforms-3/f6a000f5b02df722ae11ca253b08de68/transformed/interpolator-1.0.0 as it is up-to-date.
Caching disabled for LibrarySymbolTableTransform: /data/data/com.termux/files/home/.gradle/caches/transforms-3/3da46d920d7ebc303d395ce5c75d83ec/transformed/versionedparcelable-1.1.1 because:
  Build cache is disabled
Skipping LibrarySymbolTableTransform: /data/data/com.termux/files/home/.gradle/caches/transforms-3/3da46d920d7ebc303d395ce5c75d83ec/transformed/versionedparcelable-1.1.1 as it is up-to-date.
Caching disabled for LibrarySymbolTableTransform: /data/data/com.termux/files/home/.gradle/caches/transforms-3/022489f8d1b26983c75350da1fe292c0/transformed/jetified-profileinstaller-1.3.0 because:
  Build cache is disabled
Skipping LibrarySymbolTableTransform: /data/data/com.termux/files/home/.gradle/caches/transforms-3/022489f8d1b26983c75350da1fe292c0/transformed/jetified-profileinstaller-1.3.0 as it is up-to-date.
Caching disabled for LibrarySymbolTableTransform: /data/data/com.termux/files/home/.gradle/caches/transforms-3/342dd7a070826fded9552877571d0840/transformed/jetified-startup-runtime-1.1.1 because:
  Build cache is disabled
Skipping LibrarySymbolTableTransform: /data/data/com.termux/files/home/.gradle/caches/transforms-3/342dd7a070826fded9552877571d0840/transformed/jetified-startup-runtime-1.1.1 as it is up-to-date.
Caching disabled for LibrarySymbolTableTransform: /data/data/com.termux/files/home/.gradle/caches/transforms-3/6fc182472c996f0d22fe5b2c284717c9/transformed/jetified-tracing-1.0.0 because:
  Build cache is disabled
Skipping LibrarySymbolTableTransform: /data/data/com.termux/files/home/.gradle/caches/transforms-3/6fc182472c996f0d22fe5b2c284717c9/transformed/jetified-tracing-1.0.0 as it is up-to-date.
Caching disabled for LibrarySymbolTableTransform: /data/data/com.termux/files/home/.gradle/caches/transforms-3/eedc656d7d1896c186892971d489b41d/transformed/core-runtime-2.2.0 because:
  Build cache is disabled
Skipping LibrarySymbolTableTransform: /data/data/com.termux/files/home/.gradle/caches/transforms-3/eedc656d7d1896c186892971d489b41d/transformed/core-runtime-2.2.0 as it is up-to-date.
Caching disabled for LibrarySymbolTableTransform: /data/data/com.termux/files/home/.gradle/caches/transforms-3/d5ebe4106467838f9c868968c4dd1481/transformed/documentfile-1.0.0 because:
  Build cache is disabled
Skipping LibrarySymbolTableTransform: /data/data/com.termux/files/home/.gradle/caches/transforms-3/d5ebe4106467838f9c868968c4dd1481/transformed/documentfile-1.0.0 as it is up-to-date.
Caching disabled for LibrarySymbolTableTransform: /data/data/com.termux/files/home/.gradle/caches/transforms-3/c6c377add57629ccb71f1fcb0c4ed27d/transformed/localbroadcastmanager-1.0.0 because:
  Build cache is disabled
Skipping LibrarySymbolTableTransform: /data/data/com.termux/files/home/.gradle/caches/transforms-3/c6c377add57629ccb71f1fcb0c4ed27d/transformed/localbroadcastmanager-1.0.0 as it is up-to-date.
Caching disabled for LibrarySymbolTableTransform: /data/data/com.termux/files/home/.gradle/caches/transforms-3/72d000d98a60f3407ebe82bf5dc3e646/transformed/print-1.0.0 because:
  Build cache is disabled
Skipping LibrarySymbolTableTransform: /data/data/com.termux/files/home/.gradle/caches/transforms-3/72d000d98a60f3407ebe82bf5dc3e646/transformed/print-1.0.0 as it is up-to-date.
Caching disabled for LibrarySymbolTableTransform: /data/data/com.termux/files/home/.gradle/caches/transforms-3/29297dc260ef1e14d03ecbed728f7a94/transformed/navigation-ui-ktx-2.5.3 because:
  Build cache is disabled
Skipping LibrarySymbolTableTransform: /data/data/com.termux/files/home/.gradle/caches/transforms-3/29297dc260ef1e14d03ecbed728f7a94/transformed/navigation-ui-ktx-2.5.3 as it is up-to-date.
Caching disabled for LibrarySymbolTableTransform: /data/data/com.termux/files/home/.gradle/caches/transforms-3/e3299c3de28fce58da62f20af2a638f1/transformed/jetified-fragment-ktx-1.5.4 because:
  Build cache is disabled
Skipping LibrarySymbolTableTransform: /data/data/com.termux/files/home/.gradle/caches/transforms-3/e3299c3de28fce58da62f20af2a638f1/transformed/jetified-fragment-ktx-1.5.4 as it is up-to-date.
Caching disabled for LibrarySymbolTableTransform: /data/data/com.termux/files/home/.gradle/caches/transforms-3/be3e33f4af03280be6f7752da3c9041e/transformed/navigation-ui-2.5.3 because:
  Build cache is disabled
Skipping LibrarySymbolTableTransform: /data/data/com.termux/files/home/.gradle/caches/transforms-3/be3e33f4af03280be6f7752da3c9041e/transformed/navigation-ui-2.5.3 as it is up-to-date.
Caching disabled for LibrarySymbolTableTransform: /data/data/com.termux/files/home/.gradle/caches/transforms-3/24157ebc0da62d165fc9b5c58f25cd0e/transformed/navigation-fragment-2.5.3 because:
  Build cache is disabled
Skipping LibrarySymbolTableTransform: /data/data/com.termux/files/home/.gradle/caches/transforms-3/24157ebc0da62d165fc9b5c58f25cd0e/transformed/navigation-fragment-2.5.3 as it is up-to-date.
Caching disabled for LibrarySymbolTableTransform: /data/data/com.termux/files/home/.gradle/caches/transforms-3/76ade6abed6a2a1af27a5d604d8065c4/transformed/constraintlayout-2.1.4 because:
  Build cache is disabled
Skipping LibrarySymbolTableTransform: /data/data/com.termux/files/home/.gradle/caches/transforms-3/76ade6abed6a2a1af27a5d604d8065c4/transformed/constraintlayout-2.1.4 as it is up-to-date.
Caching disabled for LibrarySymbolTableTransform: /data/data/com.termux/files/home/.gradle/caches/transforms-3/4feb2c3076d22f4a97c17ac53ecb2030/transformed/navigation-fragment-ktx-2.5.3 because:
  Build cache is disabled
Skipping LibrarySymbolTableTransform: /data/data/com.termux/files/home/.gradle/caches/transforms-3/4feb2c3076d22f4a97c17ac53ecb2030/transformed/navigation-fragment-ktx-2.5.3 as it is up-to-date.
Caching disabled for LibrarySymbolTableTransform: /data/data/com.termux/files/home/.gradle/caches/transforms-3/0e66c9127c822c8ffe5f7b5bd5d30c27/transformed/jetified-appcompat-resources-1.6.1 because:
  Build cache is disabled
Skipping LibrarySymbolTableTransform: /data/data/com.termux/files/home/.gradle/caches/transforms-3/0e66c9127c822c8ffe5f7b5bd5d30c27/transformed/jetified-appcompat-resources-1.6.1 as it is up-to-date.
Caching disabled for LibrarySymbolTableTransform: /data/data/com.termux/files/home/.gradle/caches/transforms-3/bd5cb5ae51a5889cd4c16c2cac4e56b3/transformed/jetified-viewpager2-1.0.0 because:
  Build cache is disabled
Skipping LibrarySymbolTableTransform: /data/data/com.termux/files/home/.gradle/caches/transforms-3/bd5cb5ae51a5889cd4c16c2cac4e56b3/transformed/jetified-viewpager2-1.0.0 as it is up-to-date.
Caching disabled for LibrarySymbolTableTransform: /data/data/com.termux/files/home/.gradle/caches/transforms-3/280fbb89018576a39d56cdc0b973db64/transformed/material-1.10.0 because:
  Build cache is disabled
Skipping LibrarySymbolTableTransform: /data/data/com.termux/files/home/.gradle/caches/transforms-3/280fbb89018576a39d56cdc0b973db64/transformed/material-1.10.0 as it is up-to-date.
Caching disabled for LibrarySymbolTableTransform: /data/data/com.termux/files/home/.gradle/caches/transforms-3/b7ccb8cd84b7c4347a681e5603399369/transformed/appcompat-1.6.1 because:
  Build cache is disabled
Skipping LibrarySymbolTableTransform: /data/data/com.termux/files/home/.gradle/caches/transforms-3/b7ccb8cd84b7c4347a681e5603399369/transformed/appcompat-1.6.1 as it is up-to-date.
Caching disabled for task ':app:processDebugResources' because:
  Build cache is disabled
Skipping task ':app:processDebugResources' as it is up-to-date.

> Task :app:processDebugResources UP-TO-DATE
:app:processDebugResources (Thread[included builds,5,main]) completed. Took 2.109 secs.
Resolve mutations for :app:kspDebugKotlin (Thread[included builds,5,main]) started.
Resolve mutations for :app:kspDebugKotlin (Thread[included builds,5,main]) completed. Took 0.004 secs.
:app:kspDebugKotlin (Thread[included builds,5,main]) started.

> Task :app:kspDebugKotlin
file or directory '/data/data/com.termux/files/home/AdaptiveIsland/app/src/debug/kotlin', not found
file or directory '/data/data/com.termux/files/home/AdaptiveIsland/app/src/debug/kotlin', not found
file or directory '/data/data/com.termux/files/home/AdaptiveIsland/app/src/debug/java', not found
file or directory '/data/data/com.termux/files/home/AdaptiveIsland/app/src/debug/kotlin', not found
file or directory '/data/data/com.termux/files/home/AdaptiveIsland/app/src/debug/java', not found
file or directory '/data/data/com.termux/files/home/AdaptiveIsland/app/src/main/kotlin', not found
file or directory '/data/data/com.termux/files/home/AdaptiveIsland/app/src/main/kotlin', not found
file or directory '/data/data/com.termux/files/home/AdaptiveIsland/app/src/main/kotlin', not found
Transforming navigation-ui-ktx-2.5.3.aar (androidx.navigation:navigation-ui-ktx:2.5.3) with JetifyTransform
Transforming navigation-ui-ktx-2.5.3.aar (androidx.navigation:navigation-ui-ktx:2.5.3) with AarToClassTransform
Transforming navigation-ui-2.5.3.aar (androidx.navigation:navigation-ui:2.5.3) with JetifyTransform
Transforming navigation-ui-2.5.3.aar (androidx.navigation:navigation-ui:2.5.3) with AarToClassTransform
Transforming material-1.10.0.aar (com.google.android.material:material:1.10.0) with JetifyTransform
Transforming material-1.10.0.aar (com.google.android.material:material:1.10.0) with AarToClassTransform
Transforming appcompat-1.6.1.aar (androidx.appcompat:appcompat:1.6.1) with JetifyTransform
Transforming appcompat-1.6.1.aar (androidx.appcompat:appcompat:1.6.1) with AarToClassTransform
Transforming viewpager2-1.0.0.aar (androidx.viewpager2:viewpager2:1.0.0) with JetifyTransform
Transforming viewpager2-1.0.0.aar (androidx.viewpager2:viewpager2:1.0.0) with AarToClassTransform
Transforming navigation-fragment-ktx-2.5.3.aar (androidx.navigation:navigation-fragment-ktx:2.5.3) with JetifyTransform
Transforming navigation-fragment-ktx-2.5.3.aar (androidx.navigation:navigation-fragment-ktx:2.5.3) with AarToClassTransform
Transforming navigation-fragment-2.5.3.aar (androidx.navigation:navigation-fragment:2.5.3) with JetifyTransform
Transforming navigation-fragment-2.5.3.aar (androidx.navigation:navigation-fragment:2.5.3) with AarToClassTransform
Transforming fragment-ktx-1.5.4.aar (androidx.fragment:fragment-ktx:1.5.4) with JetifyTransform
Transforming fragment-ktx-1.5.4.aar (androidx.fragment:fragment-ktx:1.5.4) with AarToClassTransform
Transforming fragment-1.5.4.aar (androidx.fragment:fragment:1.5.4) with JetifyTransform
Transforming fragment-1.5.4.aar (androidx.fragment:fragment:1.5.4) with AarToClassTransform
Transforming navigation-runtime-ktx-2.5.3.aar (androidx.navigation:navigation-runtime-ktx:2.5.3) with JetifyTransform
Transforming navigation-runtime-ktx-2.5.3.aar (androidx.navigation:navigation-runtime-ktx:2.5.3) with AarToClassTransform
Transforming navigation-runtime-2.5.3.aar (androidx.navigation:navigation-runtime:2.5.3) with JetifyTransform
Transforming navigation-runtime-2.5.3.aar (androidx.navigation:navigation-runtime:2.5.3) with AarToClassTransform
Transforming activity-ktx-1.8.0.aar (androidx.activity:activity-ktx:1.8.0) with JetifyTransform
Transforming activity-ktx-1.8.0.aar (androidx.activity:activity-ktx:1.8.0) with AarToClassTransform
Transforming activity-1.8.0.aar (androidx.activity:activity:1.8.0) with JetifyTransform
Transforming activity-1.8.0.aar (androidx.activity:activity:1.8.0) with AarToClassTransform
Transforming lifecycle-livedata-core-2.6.2.aar (androidx.lifecycle:lifecycle-livedata-core:2.6.2) with JetifyTransform
Transforming lifecycle-livedata-core-2.6.2.aar (androidx.lifecycle:lifecycle-livedata-core:2.6.2) with AarToClassTransform
Transforming lifecycle-livedata-core-ktx-2.6.2.aar (androidx.lifecycle:lifecycle-livedata-core-ktx:2.6.2) with JetifyTransform
Transforming lifecycle-livedata-core-ktx-2.6.2.aar (androidx.lifecycle:lifecycle-livedata-core-ktx:2.6.2) with AarToClassTransform
Transforming dynamicanimation-1.0.0.aar (androidx.dynamicanimation:dynamicanimation:1.0.0) with JetifyTransform
Transforming dynamicanimation-1.0.0.aar (androidx.dynamicanimation:dynamicanimation:1.0.0) with AarToClassTransform
Transforming loader-1.0.0.aar (androidx.loader:loader:1.0.0) with JetifyTransform
Transforming loader-1.0.0.aar (androidx.loader:loader:1.0.0) with AarToClassTransform
Transforming lifecycle-livedata-2.6.2.aar (androidx.lifecycle:lifecycle-livedata:2.6.2) with JetifyTransform
Transforming lifecycle-livedata-2.6.2.aar (androidx.lifecycle:lifecycle-livedata:2.6.2) with AarToClassTransform
Transforming lifecycle-viewmodel-2.6.2.aar (androidx.lifecycle:lifecycle-viewmodel:2.6.2) with JetifyTransform
Transforming lifecycle-viewmodel-2.6.2.aar (androidx.lifecycle:lifecycle-viewmodel:2.6.2) with AarToClassTransform
Transforming navigation-common-ktx-2.5.3.aar (androidx.navigation:navigation-common-ktx:2.5.3) with JetifyTransform
Transforming navigation-common-ktx-2.5.3.aar (androidx.navigation:navigation-common-ktx:2.5.3) with AarToClassTransform
Transforming navigation-common-2.5.3.aar (androidx.navigation:navigation-common:2.5.3) with JetifyTransform
Transforming navigation-common-2.5.3.aar (androidx.navigation:navigation-common:2.5.3) with AarToClassTransform
Transforming lifecycle-viewmodel-savedstate-2.6.2.aar (androidx.lifecycle:lifecycle-viewmodel-savedstate:2.6.2) with JetifyTransform
Transforming lifecycle-viewmodel-savedstate-2.6.2.aar (androidx.lifecycle:lifecycle-viewmodel-savedstate:2.6.2) with AarToClassTransform
Transforming core-ktx-1.10.1.aar (androidx.core:core-ktx:1.10.1) with JetifyTransform
Transforming core-ktx-1.10.1.aar (androidx.core:core-ktx:1.10.1) with AarToClassTransform
Transforming appcompat-resources-1.6.1.aar (androidx.appcompat:appcompat-resources:1.6.1) with JetifyTransform
Transforming appcompat-resources-1.6.1.aar (androidx.appcompat:appcompat-resources:1.6.1) with AarToClassTransform
Transforming drawerlayout-1.1.1.aar (androidx.drawerlayout:drawerlayout:1.1.1) with JetifyTransform
Transforming drawerlayout-1.1.1.aar (androidx.drawerlayout:drawerlayout:1.1.1) with AarToClassTransform
Transforming coordinatorlayout-1.1.0.aar (androidx.coordinatorlayout:coordinatorlayout:1.1.0) with JetifyTransform
Transforming coordinatorlayout-1.1.0.aar (androidx.coordinatorlayout:coordinatorlayout:1.1.0) with AarToClassTransform
Transforming recyclerview-1.1.0.aar (androidx.recyclerview:recyclerview:1.1.0) with JetifyTransform
Transforming recyclerview-1.1.0.aar (androidx.recyclerview:recyclerview:1.1.0) with AarToClassTransform
Transforming transition-1.4.1.aar (androidx.transition:transition:1.4.1) with JetifyTransform
Transforming transition-1.4.1.aar (androidx.transition:transition:1.4.1) with AarToClassTransform
Transforming vectordrawable-animated-1.1.0.aar (androidx.vectordrawable:vectordrawable-animated:1.1.0) with JetifyTransform
Transforming vectordrawable-animated-1.1.0.aar (androidx.vectordrawable:vectordrawable-animated:1.1.0) with AarToClassTransform
Transforming vectordrawable-1.1.0.aar (androidx.vectordrawable:vectordrawable:1.1.0) with JetifyTransform
Transforming vectordrawable-1.1.0.aar (androidx.vectordrawable:vectordrawable:1.1.0) with AarToClassTransform
Transforming viewpager-1.0.0.aar (androidx.viewpager:viewpager:1.0.0) with JetifyTransform
Transforming viewpager-1.0.0.aar (androidx.viewpager:viewpager:1.0.0) with AarToClassTransform
Transforming slidingpanelayout-1.2.0.aar (androidx.slidingpanelayout:slidingpanelayout:1.2.0) with JetifyTransform
Transforming slidingpanelayout-1.2.0.aar (androidx.slidingpanelayout:slidingpanelayout:1.2.0) with AarToClassTransform
Transforming customview-1.1.0.aar (androidx.customview:customview:1.1.0) with JetifyTransform
Transforming customview-1.1.0.aar (androidx.customview:customview:1.1.0) with AarToClassTransform
Transforming core-1.10.1.aar (androidx.core:core:1.10.1) with JetifyTransform
Transforming core-1.10.1.aar (androidx.core:core:1.10.1) with AarToClassTransform
Transforming lifecycle-runtime-2.6.2.aar (androidx.lifecycle:lifecycle-runtime:2.6.2) with JetifyTransform
Transforming lifecycle-runtime-2.6.2.aar (androidx.lifecycle:lifecycle-runtime:2.6.2) with AarToClassTransform
Transforming lifecycle-runtime-ktx-2.6.2.aar (androidx.lifecycle:lifecycle-runtime-ktx:2.6.2) with JetifyTransform
Transforming lifecycle-runtime-ktx-2.6.2.aar (androidx.lifecycle:lifecycle-runtime-ktx:2.6.2) with AarToClassTransform
Transforming lifecycle-livedata-ktx-2.6.2.aar (androidx.lifecycle:lifecycle-livedata-ktx:2.6.2) with JetifyTransform
Transforming lifecycle-livedata-ktx-2.6.2.aar (androidx.lifecycle:lifecycle-livedata-ktx:2.6.2) with AarToClassTransform
Transforming lifecycle-viewmodel-ktx-2.6.2.aar (androidx.lifecycle:lifecycle-viewmodel-ktx:2.6.2) with JetifyTransform
Transforming lifecycle-viewmodel-ktx-2.6.2.aar (androidx.lifecycle:lifecycle-viewmodel-ktx:2.6.2) with AarToClassTransform
Transforming room-ktx-2.4.3.aar (androidx.room:room-ktx:2.4.3) with JetifyTransform
Transforming room-ktx-2.4.3.aar (androidx.room:room-ktx:2.4.3) with AarToClassTransform
Transforming datastore-preferences-1.0.0.aar (androidx.datastore:datastore-preferences:1.0.0) with JetifyTransform
Transforming datastore-preferences-1.0.0.aar (androidx.datastore:datastore-preferences:1.0.0) with AarToClassTransform
Transforming datastore-1.0.0.aar (androidx.datastore:datastore:1.0.0) with JetifyTransform
Transforming datastore-1.0.0.aar (androidx.datastore:datastore:1.0.0) with AarToClassTransform
Transforming savedstate-ktx-1.2.1.aar (androidx.savedstate:savedstate-ktx:1.2.1) with JetifyTransform
Transforming savedstate-ktx-1.2.1.aar (androidx.savedstate:savedstate-ktx:1.2.1) with AarToClassTransform
Transforming savedstate-1.2.1.aar (androidx.savedstate:savedstate:1.2.1) with JetifyTransform
Transforming savedstate-1.2.1.aar (androidx.savedstate:savedstate:1.2.1) with AarToClassTransform
Transforming annotation-experimental-1.3.0.aar (androidx.annotation:annotation-experimental:1.3.0) with JetifyTransform
Transforming annotation-experimental-1.3.0.aar (androidx.annotation:annotation-experimental:1.3.0) with AarToClassTransform
Transforming cursoradapter-1.0.0.aar (androidx.cursoradapter:cursoradapter:1.0.0) with JetifyTransform
Transforming cursoradapter-1.0.0.aar (androidx.cursoradapter:cursoradapter:1.0.0) with AarToClassTransform
Transforming cardview-1.0.0.aar (androidx.cardview:cardview:1.0.0) with JetifyTransform
Transforming cardview-1.0.0.aar (androidx.cardview:cardview:1.0.0) with AarToClassTransform
Transforming room-runtime-2.4.3.aar (androidx.room:room-runtime:2.4.3) with JetifyTransform
Transforming room-runtime-2.4.3.aar (androidx.room:room-runtime:2.4.3) with AarToClassTransform
Transforming room-common-2.4.3.jar (androidx.room:room-common:2.4.3) with JetifyTransform
Transforming sqlite-framework-2.2.0.aar (androidx.sqlite:sqlite-framework:2.2.0) with JetifyTransform
Transforming sqlite-framework-2.2.0.aar (androidx.sqlite:sqlite-framework:2.2.0) with AarToClassTransform
Transforming sqlite-2.2.0.aar (androidx.sqlite:sqlite:2.2.0) with JetifyTransform
Transforming sqlite-2.2.0.aar (androidx.sqlite:sqlite:2.2.0) with AarToClassTransform
Transforming versionedparcelable-1.1.1.aar (androidx.versionedparcelable:versionedparcelable:1.1.1) with JetifyTransform
Transforming versionedparcelable-1.1.1.aar (androidx.versionedparcelable:versionedparcelable:1.1.1) with AarToClassTransform
Transforming core-runtime-2.2.0.aar (androidx.arch.core:core-runtime:2.2.0) with JetifyTransform
Transforming core-runtime-2.2.0.aar (androidx.arch.core:core-runtime:2.2.0) with AarToClassTransform
Transforming annotations-13.0.jar (org.jetbrains:annotations:13.0) with JetifyTransform
Transforming constraintlayout-2.1.4.aar (androidx.constraintlayout:constraintlayout:2.1.4) with JetifyTransform
Transforming constraintlayout-2.1.4.aar (androidx.constraintlayout:constraintlayout:2.1.4) with AarToClassTransform
Transforming sqlite-jdbc-3.42.0.0.jar (org.xerial:sqlite-jdbc:3.42.0.0) with JetifyTransform
Caching disabled for AarToClassTransform: /data/data/com.termux/files/home/.gradle/caches/modules-2/files-2.1/androidx.navigation/navigation-runtime-ktx/2.5.3/88d4a8375106f400e0bbe17d28432470449c23a6/navigation-runtime-ktx-2.5.3.aar because:
  Build cache is disabled
Skipping AarToClassTransform: /data/data/com.termux/files/home/.gradle/caches/modules-2/files-2.1/androidx.navigation/navigation-runtime-ktx/2.5.3/88d4a8375106f400e0bbe17d28432470449c23a6/navigation-runtime-ktx-2.5.3.aar as it is up-to-date.
Caching disabled for AarToClassTransform: /data/data/com.termux/files/home/.gradle/caches/modules-2/files-2.1/androidx.navigation/navigation-runtime/2.5.3/1aca4cc2059113eb28d93552e4cb39d16d5677d8/navigation-runtime-2.5.3.aar because:
  Build cache is disabled
Skipping AarToClassTransform: /data/data/com.termux/files/home/.gradle/caches/modules-2/files-2.1/androidx.navigation/navigation-runtime/2.5.3/1aca4cc2059113eb28d93552e4cb39d16d5677d8/navigation-runtime-2.5.3.aar as it is up-to-date.
Caching disabled for AarToClassTransform: /data/data/com.termux/files/home/.gradle/caches/transforms-3/9e0027f231b96adc853762ff9853b9a8/transformed/jetified-activity-ktx-1.8.0.aar because:
  Build cache is disabled
Skipping AarToClassTransform: /data/data/com.termux/files/home/.gradle/caches/transforms-3/9e0027f231b96adc853762ff9853b9a8/transformed/jetified-activity-ktx-1.8.0.aar as it is up-to-date.
Caching disabled for AarToClassTransform: /data/data/com.termux/files/home/.gradle/caches/transforms-3/fdaa7fa054ca2ed24e681b940dd9fcf7/transformed/jetified-activity-1.8.0.aar because:
  Build cache is disabled
Skipping AarToClassTransform: /data/data/com.termux/files/home/.gradle/caches/transforms-3/fdaa7fa054ca2ed24e681b940dd9fcf7/transformed/jetified-activity-1.8.0.aar as it is up-to-date.
Transforming lifecycle-common-2.6.2.jar (androidx.lifecycle:lifecycle-common:2.6.2) with JetifyTransform
Caching disabled for JetifyTransform: /data/data/com.termux/files/home/.gradle/caches/modules-2/files-2.1/androidx.lifecycle/lifecycle-common/2.6.2/10f354fdb64868baecd67128560c5a0d6312c495/lifecycle-common-2.6.2.jar because:
  Build cache is disabled
Skipping JetifyTransform: /data/data/com.termux/files/home/.gradle/caches/modules-2/files-2.1/androidx.lifecycle/lifecycle-common/2.6.2/10f354fdb64868baecd67128560c5a0d6312c495/lifecycle-common-2.6.2.jar as it is up-to-date.
Transforming lifecycle-common-2.6.2.jar (androidx.lifecycle:lifecycle-common:2.6.2) with IdentityTransform
Caching disabled for IdentityTransform: /data/data/com.termux/files/home/.gradle/caches/modules-2/files-2.1/androidx.lifecycle/lifecycle-common/2.6.2/10f354fdb64868baecd67128560c5a0d6312c495/lifecycle-common-2.6.2.jar because:
  Build cache is disabled
Skipping IdentityTransform: /data/data/com.termux/files/home/.gradle/caches/modules-2/files-2.1/androidx.lifecycle/lifecycle-common/2.6.2/10f354fdb64868baecd67128560c5a0d6312c495/lifecycle-common-2.6.2.jar as it is up-to-date.
Caching disabled for AarToClassTransform: /data/data/com.termux/files/home/.gradle/caches/modules-2/files-2.1/androidx.lifecycle/lifecycle-livedata-core/2.6.2/23f66885a260f0a2cd6540927ea8795484afd2da/lifecycle-livedata-core-2.6.2.aar because:
  Build cache is disabled
Skipping AarToClassTransform: /data/data/com.termux/files/home/.gradle/caches/modules-2/files-2.1/androidx.lifecycle/lifecycle-livedata-core/2.6.2/23f66885a260f0a2cd6540927ea8795484afd2da/lifecycle-livedata-core-2.6.2.aar as it is up-to-date.
Caching disabled for AarToClassTransform: /data/data/com.termux/files/home/.gradle/caches/transforms-3/73d185ec8b86eef562c7fad94e4be289/transformed/jetified-lifecycle-livedata-core-ktx-2.6.2.aar because:
  Build cache is disabled
Skipping AarToClassTransform: /data/data/com.termux/files/home/.gradle/caches/transforms-3/73d185ec8b86eef562c7fad94e4be289/transformed/jetified-lifecycle-livedata-core-ktx-2.6.2.aar as it is up-to-date.
Caching disabled for AarToClassTransform: /data/data/com.termux/files/home/.gradle/caches/modules-2/files-2.1/androidx.dynamicanimation/dynamicanimation/1.0.0/e980497a58fb319d471f3bb78d066b926a08ba8e/dynamicanimation-1.0.0.aar because:
  Build cache is disabled
Skipping AarToClassTransform: /data/data/com.termux/files/home/.gradle/caches/modules-2/files-2.1/androidx.dynamicanimation/dynamicanimation/1.0.0/e980497a58fb319d471f3bb78d066b926a08ba8e/dynamicanimation-1.0.0.aar as it is up-to-date.
Transforming legacy-support-core-utils-1.0.0.aar (androidx.legacy:legacy-support-core-utils:1.0.0) with JetifyTransform
Transforming legacy-support-core-utils-1.0.0.aar (androidx.legacy:legacy-support-core-utils:1.0.0) with AarToClassTransform
Caching disabled for AarToClassTransform: /data/data/com.termux/files/home/.gradle/caches/modules-2/files-2.1/androidx.legacy/legacy-support-core-utils/1.0.0/9b9570042115da8629519090dfeb71df75da59fc/legacy-support-core-utils-1.0.0.aar because:
  Build cache is disabled
Skipping AarToClassTransform: /data/data/com.termux/files/home/.gradle/caches/modules-2/files-2.1/androidx.legacy/legacy-support-core-utils/1.0.0/9b9570042115da8629519090dfeb71df75da59fc/legacy-support-core-utils-1.0.0.aar as it is up-to-date.
Caching disabled for AarToClassTransform: /data/data/com.termux/files/home/.gradle/caches/modules-2/files-2.1/androidx.loader/loader/1.0.0/8af8b6cec0da85c207d03e15840e0722cbc71e70/loader-1.0.0.aar because:
  Build cache is disabled
Skipping AarToClassTransform: /data/data/com.termux/files/home/.gradle/caches/modules-2/files-2.1/androidx.loader/loader/1.0.0/8af8b6cec0da85c207d03e15840e0722cbc71e70/loader-1.0.0.aar as it is up-to-date.
Transforming loader-1.0.0.aar (androidx.loader:loader:1.0.0) with JetifyTransform
Transforming loader-1.0.0.aar (androidx.loader:loader:1.0.0) with AarToClassTransform
Caching disabled for AarToClassTransform: /data/data/com.termux/files/home/.gradle/caches/modules-2/files-2.1/androidx.lifecycle/lifecycle-livedata/2.6.2/e7f6d9e232bf035af69c030917c1ccda8e840b57/lifecycle-livedata-2.6.2.aar because:
  Build cache is disabled
Skipping AarToClassTransform: /data/data/com.termux/files/home/.gradle/caches/modules-2/files-2.1/androidx.lifecycle/lifecycle-livedata/2.6.2/e7f6d9e232bf035af69c030917c1ccda8e840b57/lifecycle-livedata-2.6.2.aar as it is up-to-date.
Transforming lifecycle-livedata-2.6.2.aar (androidx.lifecycle:lifecycle-livedata:2.6.2) with JetifyTransform
Transforming lifecycle-livedata-2.6.2.aar (androidx.lifecycle:lifecycle-livedata:2.6.2) with AarToClassTransform
Caching disabled for AarToClassTransform: /data/data/com.termux/files/home/.gradle/caches/modules-2/files-2.1/androidx.lifecycle/lifecycle-viewmodel/2.6.2/fa35bfdbbe0e7df1573e377cbdd15de35176141d/lifecycle-viewmodel-2.6.2.aar because:
  Build cache is disabled
Skipping AarToClassTransform: /data/data/com.termux/files/home/.gradle/caches/modules-2/files-2.1/androidx.lifecycle/lifecycle-viewmodel/2.6.2/fa35bfdbbe0e7df1573e377cbdd15de35176141d/lifecycle-viewmodel-2.6.2.aar as it is up-to-date.
Transforming lifecycle-viewmodel-2.6.2.aar (androidx.lifecycle:lifecycle-viewmodel:2.6.2) with JetifyTransform
Transforming lifecycle-viewmodel-2.6.2.aar (androidx.lifecycle:lifecycle-viewmodel:2.6.2) with AarToClassTransform
Caching disabled for AarToClassTransform: /data/data/com.termux/files/home/.gradle/caches/modules-2/files-2.1/androidx.navigation/navigation-common-ktx/2.5.3/1f98a166e4a9313c4ba65db2964a0042fda01dff/navigation-common-ktx-2.5.3.aar because:
  Build cache is disabled
Skipping AarToClassTransform: /data/data/com.termux/files/home/.gradle/caches/modules-2/files-2.1/androidx.navigation/navigation-common-ktx/2.5.3/1f98a166e4a9313c4ba65db2964a0042fda01dff/navigation-common-ktx-2.5.3.aar as it is up-to-date.
Caching disabled for AarToClassTransform: /data/data/com.termux/files/home/.gradle/caches/modules-2/files-2.1/androidx.navigation/navigation-common/2.5.3/eac1bdefaebb4a860fa661243a599a0abfe34cda/navigation-common-2.5.3.aar because:
  Build cache is disabled
Skipping AarToClassTransform: /data/data/com.termux/files/home/.gradle/caches/modules-2/files-2.1/androidx.navigation/navigation-common/2.5.3/eac1bdefaebb4a860fa661243a599a0abfe34cda/navigation-common-2.5.3.aar as it is up-to-date.
Caching disabled for AarToClassTransform: /data/data/com.termux/files/home/.gradle/caches/transforms-3/fd8102b4a44e9d0cc42aa378bbde74c3/transformed/jetified-lifecycle-viewmodel-savedstate-2.6.2.aar because:
  Build cache is disabled
Skipping AarToClassTransform: /data/data/com.termux/files/home/.gradle/caches/transforms-3/fd8102b4a44e9d0cc42aa378bbde74c3/transformed/jetified-lifecycle-viewmodel-savedstate-2.6.2.aar as it is up-to-date.
Caching disabled for AarToClassTransform: /data/data/com.termux/files/home/.gradle/caches/transforms-3/ba899edb7e9e208cb0fd391affa6d4d6/transformed/jetified-core-ktx-1.10.1.aar because:
  Build cache is disabled
Skipping AarToClassTransform: /data/data/com.termux/files/home/.gradle/caches/transforms-3/ba899edb7e9e208cb0fd391affa6d4d6/transformed/jetified-core-ktx-1.10.1.aar as it is up-to-date.
Caching disabled for AarToClassTransform: /data/data/com.termux/files/home/.gradle/caches/transforms-3/451269ae3d81f56d6e638a995840222e/transformed/jetified-appcompat-resources-1.6.1.aar because:
  Build cache is disabled
Skipping AarToClassTransform: /data/data/com.termux/files/home/.gradle/caches/transforms-3/451269ae3d81f56d6e638a995840222e/transformed/jetified-appcompat-resources-1.6.1.aar as it is up-to-date.
Caching disabled for AarToClassTransform: /data/data/com.termux/files/home/.gradle/caches/modules-2/files-2.1/androidx.drawerlayout/drawerlayout/1.1.1/1b2b049e1e88589510ddd4d93f2699b46ecd73dd/drawerlayout-1.1.1.aar because:
  Build cache is disabled
Skipping AarToClassTransform: /data/data/com.termux/files/home/.gradle/caches/modules-2/files-2.1/androidx.drawerlayout/drawerlayout/1.1.1/1b2b049e1e88589510ddd4d93f2699b46ecd73dd/drawerlayout-1.1.1.aar as it is up-to-date.
Caching disabled for AarToClassTransform: /data/data/com.termux/files/home/.gradle/caches/modules-2/files-2.1/androidx.coordinatorlayout/coordinatorlayout/1.1.0/8eeb7baf75b9595d017642a460df5af3bb9fa4e1/coordinatorlayout-1.1.0.aar because:
  Build cache is disabled
Skipping AarToClassTransform: /data/data/com.termux/files/home/.gradle/caches/modules-2/files-2.1/androidx.coordinatorlayout/coordinatorlayout/1.1.0/8eeb7baf75b9595d017642a460df5af3bb9fa4e1/coordinatorlayout-1.1.0.aar as it is up-to-date.
Caching disabled for AarToClassTransform: /data/data/com.termux/files/home/.gradle/caches/modules-2/files-2.1/androidx.recyclerview/recyclerview/1.1.0/8b4f97752ddcbc712af46d208aebd46585cde63b/recyclerview-1.1.0.aar because:
  Build cache is disabled
Skipping AarToClassTransform: /data/data/com.termux/files/home/.gradle/caches/modules-2/files-2.1/androidx.recyclerview/recyclerview/1.1.0/8b4f97752ddcbc712af46d208aebd46585cde63b/recyclerview-1.1.0.aar as it is up-to-date.
Transforming recyclerview-1.1.0.aar (androidx.recyclerview:recyclerview:1.1.0) with JetifyTransform
Transforming recyclerview-1.1.0.aar (androidx.recyclerview:recyclerview:1.1.0) with AarToClassTransform
Caching disabled for AarToClassTransform: /data/data/com.termux/files/home/.gradle/caches/modules-2/files-2.1/androidx.transition/transition/1.4.1/703467fbdb3d06e51d338c4a3490b54d37c92a64/transition-1.4.1.aar because:
  Build cache is disabled
Skipping AarToClassTransform: /data/data/com.termux/files/home/.gradle/caches/modules-2/files-2.1/androidx.transition/transition/1.4.1/703467fbdb3d06e51d338c4a3490b54d37c92a64/transition-1.4.1.aar as it is up-to-date.
Caching disabled for AarToClassTransform: /data/data/com.termux/files/home/.gradle/caches/modules-2/files-2.1/androidx.vectordrawable/vectordrawable-animated/1.1.0/fcda1161354501471c30a4e077af6b5c4d4eddc6/vectordrawable-animated-1.1.0.aar because:
  Build cache is disabled
Skipping AarToClassTransform: /data/data/com.termux/files/home/.gradle/caches/modules-2/files-2.1/androidx.vectordrawable/vectordrawable-animated/1.1.0/fcda1161354501471c30a4e077af6b5c4d4eddc6/vectordrawable-animated-1.1.0.aar as it is up-to-date.
Caching disabled for AarToClassTransform: /data/data/com.termux/files/home/.gradle/caches/modules-2/files-2.1/androidx.vectordrawable/vectordrawable/1.1.0/eac7a364fff534035a2a6cb17770a1288315f69f/vectordrawable-1.1.0.aar because:
  Build cache is disabled
Skipping AarToClassTransform: /data/data/com.termux/files/home/.gradle/caches/modules-2/files-2.1/androidx.vectordrawable/vectordrawable/1.1.0/eac7a364fff534035a2a6cb17770a1288315f69f/vectordrawable-1.1.0.aar as it is up-to-date.
Transforming vectordrawable-1.1.0.aar (androidx.vectordrawable:vectordrawable:1.1.0) with JetifyTransform
Transforming vectordrawable-1.1.0.aar (androidx.vectordrawable:vectordrawable:1.1.0) with AarToClassTransform
Caching disabled for AarToClassTransform: /data/data/com.termux/files/home/.gradle/caches/modules-2/files-2.1/androidx.viewpager/viewpager/1.0.0/1f90e13820f96c2fb868f9674079a551678d68b2/viewpager-1.0.0.aar because:
  Build cache is disabled
Skipping AarToClassTransform: /data/data/com.termux/files/home/.gradle/caches/modules-2/files-2.1/androidx.viewpager/viewpager/1.0.0/1f90e13820f96c2fb868f9674079a551678d68b2/viewpager-1.0.0.aar as it is up-to-date.
Caching disabled for AarToClassTransform: /data/data/com.termux/files/home/.gradle/caches/modules-2/files-2.1/androidx.slidingpanelayout/slidingpanelayout/1.2.0/5374897c7fd146ecadae4eeb96fb66c7795db0a7/slidingpanelayout-1.2.0.aar because:
  Build cache is disabled
Skipping AarToClassTransform: /data/data/com.termux/files/home/.gradle/caches/modules-2/files-2.1/androidx.slidingpanelayout/slidingpanelayout/1.2.0/5374897c7fd146ecadae4eeb96fb66c7795db0a7/slidingpanelayout-1.2.0.aar as it is up-to-date.
Transforming customview-1.1.0.aar (androidx.customview:customview:1.1.0) with JetifyTransform
Transforming customview-1.1.0.aar (androidx.customview:customview:1.1.0) with AarToClassTransform
Caching disabled for AarToClassTransform: /data/data/com.termux/files/home/.gradle/caches/modules-2/files-2.1/androidx.customview/customview/1.1.0/a030aaf64c5419a89f7d91a33755c4629a43471/customview-1.1.0.aar because:
  Build cache is disabled
Skipping AarToClassTransform: /data/data/com.termux/files/home/.gradle/caches/modules-2/files-2.1/androidx.customview/customview/1.1.0/a030aaf64c5419a89f7d91a33755c4629a43471/customview-1.1.0.aar as it is up-to-date.
Caching disabled for AarToClassTransform: /data/data/com.termux/files/home/.gradle/caches/modules-2/files-2.1/androidx.core/core/1.10.1/b20f6712d783963a13773be934b59b286041a667/core-1.10.1.aar because:
  Build cache is disabled
Skipping AarToClassTransform: /data/data/com.termux/files/home/.gradle/caches/modules-2/files-2.1/androidx.core/core/1.10.1/b20f6712d783963a13773be934b59b286041a667/core-1.10.1.aar as it is up-to-date.
Transforming core-1.10.1.aar (androidx.core:core:1.10.1) with JetifyTransform
Transforming core-1.10.1.aar (androidx.core:core:1.10.1) with AarToClassTransform
Caching disabled for AarToClassTransform: /data/data/com.termux/files/home/.gradle/caches/modules-2/files-2.1/androidx.lifecycle/lifecycle-runtime/2.6.2/f0ef27053faa89b3ec06c4f118cea0a15edde35b/lifecycle-runtime-2.6.2.aar because:
  Build cache is disabled
Skipping AarToClassTransform: /data/data/com.termux/files/home/.gradle/caches/modules-2/files-2.1/androidx.lifecycle/lifecycle-runtime/2.6.2/f0ef27053faa89b3ec06c4f118cea0a15edde35b/lifecycle-runtime-2.6.2.aar as it is up-to-date.
Caching disabled for AarToClassTransform: /data/data/com.termux/files/home/.gradle/caches/transforms-3/bbbc78e640f88e43cf7d0cf57aae3d9a/transformed/jetified-lifecycle-runtime-ktx-2.6.2.aar because:
  Build cache is disabled
Skipping AarToClassTransform: /data/data/com.termux/files/home/.gradle/caches/transforms-3/bbbc78e640f88e43cf7d0cf57aae3d9a/transformed/jetified-lifecycle-runtime-ktx-2.6.2.aar as it is up-to-date.
Caching disabled for AarToClassTransform: /data/data/com.termux/files/home/.gradle/caches/transforms-3/60cc71f8a77beca1a3f42b4a3843f8a9/transformed/jetified-lifecycle-livedata-ktx-2.6.2.aar because:
  Build cache is disabled
Skipping AarToClassTransform: /data/data/com.termux/files/home/.gradle/caches/transforms-3/60cc71f8a77beca1a3f42b4a3843f8a9/transformed/jetified-lifecycle-livedata-ktx-2.6.2.aar as it is up-to-date.
Caching disabled for AarToClassTransform: /data/data/com.termux/files/home/.gradle/caches/transforms-3/d6cbab9e5c1752c0342ae816f3558131/transformed/jetified-lifecycle-viewmodel-ktx-2.6.2.aar because:
  Build cache is disabled
Skipping AarToClassTransform: /data/data/com.termux/files/home/.gradle/caches/transforms-3/d6cbab9e5c1752c0342ae816f3558131/transformed/jetified-lifecycle-viewmodel-ktx-2.6.2.aar as it is up-to-date.
Caching disabled for AarToClassTransform: /data/data/com.termux/files/home/.gradle/caches/transforms-3/22f63e18d374894e31dd1b9467885216/transformed/jetified-room-ktx-2.4.3.aar because:
  Build cache is disabled
Skipping AarToClassTransform: /data/data/com.termux/files/home/.gradle/caches/transforms-3/22f63e18d374894e31dd1b9467885216/transformed/jetified-room-ktx-2.4.3.aar as it is up-to-date.
Caching disabled for AarToClassTransform: /data/data/com.termux/files/home/.gradle/caches/transforms-3/640a6581bd9d30c410f44c847c3c8984/transformed/jetified-datastore-preferences-1.0.0.aar because:
  Build cache is disabled
Skipping AarToClassTransform: /data/data/com.termux/files/home/.gradle/caches/transforms-3/640a6581bd9d30c410f44c847c3c8984/transformed/jetified-datastore-preferences-1.0.0.aar as it is up-to-date.
Caching disabled for AarToClassTransform: /data/data/com.termux/files/home/.gradle/caches/transforms-3/8906936f8f0bffa812501946e65b6c6b/transformed/jetified-datastore-1.0.0.aar because:
  Build cache is disabled
Skipping AarToClassTransform: /data/data/com.termux/files/home/.gradle/caches/transforms-3/8906936f8f0bffa812501946e65b6c6b/transformed/jetified-datastore-1.0.0.aar as it is up-to-date.
Transforming datastore-preferences-core-1.0.0.jar (androidx.datastore:datastore-preferences-core:1.0.0) with JetifyTransform
Caching disabled for JetifyTransform: /data/data/com.termux/files/home/.gradle/caches/modules-2/files-2.1/androidx.datastore/datastore-preferences-core/1.0.0/403f64499b9a8994f5f7010329ddd1ee5c919ed5/datastore-preferences-core-1.0.0.jar because:
  Build cache is disabled
Skipping JetifyTransform: /data/data/com.termux/files/home/.gradle/caches/modules-2/files-2.1/androidx.datastore/datastore-preferences-core/1.0.0/403f64499b9a8994f5f7010329ddd1ee5c919ed5/datastore-preferences-core-1.0.0.jar as it is up-to-date.
Transforming datastore-preferences-core-1.0.0.jar (androidx.datastore:datastore-preferences-core:1.0.0) with IdentityTransform
Caching disabled for IdentityTransform: /data/data/com.termux/files/home/.gradle/caches/transforms-3/7dfd0f8cd19806f723708fc51c19e373/transformed/jetified-datastore-preferences-core-1.0.0.jar because:
  Build cache is disabled
Skipping IdentityTransform: /data/data/com.termux/files/home/.gradle/caches/transforms-3/7dfd0f8cd19806f723708fc51c19e373/transformed/jetified-datastore-preferences-core-1.0.0.jar as it is up-to-date.
Transforming datastore-core-1.0.0.jar (androidx.datastore:datastore-core:1.0.0) with JetifyTransform
Caching disabled for JetifyTransform: /data/data/com.termux/files/home/.gradle/caches/modules-2/files-2.1/androidx.datastore/datastore-core/1.0.0/91b04fb657294e2906d95dce6a9e5a851f6125c1/datastore-core-1.0.0.jar because:
  Build cache is disabled
Skipping JetifyTransform: /data/data/com.termux/files/home/.gradle/caches/modules-2/files-2.1/androidx.datastore/datastore-core/1.0.0/91b04fb657294e2906d95dce6a9e5a851f6125c1/datastore-core-1.0.0.jar as it is up-to-date.
Transforming datastore-core-1.0.0.jar (androidx.datastore:datastore-core:1.0.0) with IdentityTransform
Caching disabled for IdentityTransform: /data/data/com.termux/files/home/.gradle/caches/transforms-3/b8f51294f4f4ff81fab17fed6db5ba8a/transformed/jetified-datastore-core-1.0.0.jar because:
  Build cache is disabled
Skipping IdentityTransform: /data/data/com.termux/files/home/.gradle/caches/transforms-3/b8f51294f4f4ff81fab17fed6db5ba8a/transformed/jetified-datastore-core-1.0.0.jar as it is up-to-date.
Transforming kotlinx-coroutines-core-jvm-1.6.4.jar (org.jetbrains.kotlinx:kotlinx-coroutines-core-jvm:1.6.4) with JetifyTransform
Caching disabled for JetifyTransform: /data/data/com.termux/files/home/.gradle/caches/modules-2/files-2.1/org.jetbrains.kotlinx/kotlinx-coroutines-core-jvm/1.6.4/2c997cd1c0ef33f3e751d3831929aeff1390cb30/kotlinx-coroutines-core-jvm-1.6.4.jar because:
  Build cache is disabled
Skipping JetifyTransform: /data/data/com.termux/files/home/.gradle/caches/modules-2/files-2.1/org.jetbrains.kotlinx/kotlinx-coroutines-core-jvm/1.6.4/2c997cd1c0ef33f3e751d3831929aeff1390cb30/kotlinx-coroutines-core-jvm-1.6.4.jar as it is up-to-date.
Transforming kotlinx-coroutines-core-jvm-1.6.4.jar (org.jetbrains.kotlinx:kotlinx-coroutines-core-jvm:1.6.4) with IdentityTransform
Caching disabled for IdentityTransform: /data/data/com.termux/files/home/.gradle/caches/transforms-3/aea23d53ed51acb4b80640f8005db4e0/transformed/jetified-kotlinx-coroutines-core-jvm-1.6.4.jar because:
  Build cache is disabled
Skipping IdentityTransform: /data/data/com.termux/files/home/.gradle/caches/transforms-3/aea23d53ed51acb4b80640f8005db4e0/transformed/jetified-kotlinx-coroutines-core-jvm-1.6.4.jar as it is up-to-date.
Transforming kotlinx-coroutines-android-1.6.4.jar (org.jetbrains.kotlinx:kotlinx-coroutines-android:1.6.4) with JetifyTransform
Caching disabled for JetifyTransform: /data/data/com.termux/files/home/.gradle/caches/modules-2/files-2.1/org.jetbrains.kotlinx/kotlinx-coroutines-android/1.6.4/f955fc8b2ad196e2f4429598440e15f7492eeb2b/kotlinx-coroutines-android-1.6.4.jar because:
  Build cache is disabled
Skipping JetifyTransform: /data/data/com.termux/files/home/.gradle/caches/modules-2/files-2.1/org.jetbrains.kotlinx/kotlinx-coroutines-android/1.6.4/f955fc8b2ad196e2f4429598440e15f7492eeb2b/kotlinx-coroutines-android-1.6.4.jar as it is up-to-date.
Transforming kotlinx-coroutines-android-1.6.4.jar (org.jetbrains.kotlinx:kotlinx-coroutines-android:1.6.4) with IdentityTransform
Caching disabled for IdentityTransform: /data/data/com.termux/files/home/.gradle/caches/transforms-3/509bd562851386937b781492acd7896d/transformed/jetified-kotlinx-coroutines-android-1.6.4.jar because:
  Build cache is disabled
Skipping IdentityTransform: /data/data/com.termux/files/home/.gradle/caches/transforms-3/509bd562851386937b781492acd7896d/transformed/jetified-kotlinx-coroutines-android-1.6.4.jar as it is up-to-date.
Transforming kotlin-stdlib-jdk8-1.8.22.jar (org.jetbrains.kotlin:kotlin-stdlib-jdk8:1.8.22) with JetifyTransform
Caching disabled for JetifyTransform: /data/data/com.termux/files/home/.gradle/caches/modules-2/files-2.1/org.jetbrains.kotlin/kotlin-stdlib-jdk8/1.8.22/b25c86d47d6b962b9cf0f8c3f320c8a10eea3dd1/kotlin-stdlib-jdk8-1.8.22.jar because:
  Build cache is disabled
Skipping JetifyTransform: /data/data/com.termux/files/home/.gradle/caches/modules-2/files-2.1/org.jetbrains.kotlin/kotlin-stdlib-jdk8/1.8.22/b25c86d47d6b962b9cf0f8c3f320c8a10eea3dd1/kotlin-stdlib-jdk8-1.8.22.jar as it is up-to-date.
Transforming kotlin-stdlib-jdk8-1.8.22.jar (org.jetbrains.kotlin:kotlin-stdlib-jdk8:1.8.22) with IdentityTransform
Caching disabled for IdentityTransform: /data/data/com.termux/files/home/.gradle/caches/transforms-3/8002c48ef7be8cb55ffe187700561ed7/transformed/jetified-kotlin-stdlib-jdk8-1.8.22.jar because:
  Build cache is disabled
Skipping IdentityTransform: /data/data/com.termux/files/home/.gradle/caches/transforms-3/8002c48ef7be8cb55ffe187700561ed7/transformed/jetified-kotlin-stdlib-jdk8-1.8.22.jar as it is up-to-date.
Transforming kotlin-stdlib-jdk7-1.8.22.jar (org.jetbrains.kotlin:kotlin-stdlib-jdk7:1.8.22) with JetifyTransform
Caching disabled for JetifyTransform: /data/data/com.termux/files/home/.gradle/caches/modules-2/files-2.1/org.jetbrains.kotlin/kotlin-stdlib-jdk7/1.8.22/4dabb8248310d833bb6a8b516024a91fd3d275c/kotlin-stdlib-jdk7-1.8.22.jar because:
  Build cache is disabled
Skipping JetifyTransform: /data/data/com.termux/files/home/.gradle/caches/modules-2/files-2.1/org.jetbrains.kotlin/kotlin-stdlib-jdk7/1.8.22/4dabb8248310d833bb6a8b516024a91fd3d275c/kotlin-stdlib-jdk7-1.8.22.jar as it is up-to-date.
Transforming kotlin-stdlib-jdk7-1.8.22.jar (org.jetbrains.kotlin:kotlin-stdlib-jdk7:1.8.22) with IdentityTransform
Caching disabled for IdentityTransform: /data/data/com.termux/files/home/.gradle/caches/transforms-3/bfae56c6c0c603632634577a809c6c3c/transformed/jetified-kotlin-stdlib-jdk7-1.8.22.jar because:
  Build cache is disabled
Skipping IdentityTransform: /data/data/com.termux/files/home/.gradle/caches/transforms-3/bfae56c6c0c603632634577a809c6c3c/transformed/jetified-kotlin-stdlib-jdk7-1.8.22.jar as it is up-to-date.
Caching disabled for AarToClassTransform: /data/data/com.termux/files/home/.gradle/caches/transforms-3/73bac4943e109503e2b559d273740489/transformed/jetified-savedstate-ktx-1.2.1.aar because:
  Build cache is disabled
Skipping AarToClassTransform: /data/data/com.termux/files/home/.gradle/caches/transforms-3/73bac4943e109503e2b559d273740489/transformed/jetified-savedstate-ktx-1.2.1.aar as it is up-to-date.
Caching disabled for AarToClassTransform: /data/data/com.termux/files/home/.gradle/caches/transforms-3/4b68dd5c697faae9986859f0dce85d8b/transformed/jetified-savedstate-1.2.1.aar because:
  Build cache is disabled
Skipping AarToClassTransform: /data/data/com.termux/files/home/.gradle/caches/transforms-3/4b68dd5c697faae9986859f0dce85d8b/transformed/jetified-savedstate-1.2.1.aar as it is up-to-date.
Caching disabled for AarToClassTransform: /data/data/com.termux/files/home/.gradle/caches/transforms-3/7629f824d5fff67d4e41fb24069417bf/transformed/jetified-annotation-experimental-1.3.0.aar because:
  Build cache is disabled
Skipping AarToClassTransform: /data/data/com.termux/files/home/.gradle/caches/transforms-3/7629f824d5fff67d4e41fb24069417bf/transformed/jetified-annotation-experimental-1.3.0.aar as it is up-to-date.
Caching disabled for AarToClassTransform: /data/data/com.termux/files/home/.gradle/caches/modules-2/files-2.1/androidx.cursoradapter/cursoradapter/1.0.0/74014983a86b83cbce534dec4e7aa9312f5f5d82/cursoradapter-1.0.0.aar because:
  Build cache is disabled
Skipping AarToClassTransform: /data/data/com.termux/files/home/.gradle/caches/modules-2/files-2.1/androidx.cursoradapter/cursoradapter/1.0.0/74014983a86b83cbce534dec4e7aa9312f5f5d82/cursoradapter-1.0.0.aar as it is up-to-date.
Caching disabled for AarToClassTransform: /data/data/com.termux/files/home/.gradle/caches/modules-2/files-2.1/androidx.cardview/cardview/1.0.0/158dbc2e2bc502815821191b04446b8f663c1874/cardview-1.0.0.aar because:
  Build cache is disabled
Skipping AarToClassTransform: /data/data/com.termux/files/home/.gradle/caches/modules-2/files-2.1/androidx.cardview/cardview/1.0.0/158dbc2e2bc502815821191b04446b8f663c1874/cardview-1.0.0.aar as it is up-to-date.
Caching disabled for AarToClassTransform: /data/data/com.termux/files/home/.gradle/caches/modules-2/files-2.1/androidx.room/room-runtime/2.4.3/9d3aab3deee773dd85b1527b7694b6c25eeb99fd/room-runtime-2.4.3.aar because:
  Build cache is disabled
Skipping AarToClassTransform: /data/data/com.termux/files/home/.gradle/caches/modules-2/files-2.1/androidx.room/room-runtime/2.4.3/9d3aab3deee773dd85b1527b7694b6c25eeb99fd/room-runtime-2.4.3.aar as it is up-to-date.
Caching disabled for JetifyTransform: /data/data/com.termux/files/home/.gradle/caches/modules-2/files-2.1/androidx.room/room-common/2.4.3/63d9f9cb245ee9b4c8ebb8aca201661f99583ffa/room-common-2.4.3.jar because:
  Build cache is disabled
Skipping JetifyTransform: /data/data/com.termux/files/home/.gradle/caches/modules-2/files-2.1/androidx.room/room-common/2.4.3/63d9f9cb245ee9b4c8ebb8aca201661f99583ffa/room-common-2.4.3.jar as it is up-to-date.
Transforming room-common-2.4.3.jar (androidx.room:room-common:2.4.3) with IdentityTransform
Caching disabled for IdentityTransform: /data/data/com.termux/files/home/.gradle/caches/modules-2/files-2.1/androidx.room/room-common/2.4.3/63d9f9cb245ee9b4c8ebb8aca201661f99583ffa/room-common-2.4.3.jar because:
  Build cache is disabled
Skipping IdentityTransform: /data/data/com.termux/files/home/.gradle/caches/modules-2/files-2.1/androidx.room/room-common/2.4.3/63d9f9cb245ee9b4c8ebb8aca201661f99583ffa/room-common-2.4.3.jar as it is up-to-date.
Caching disabled for AarToClassTransform: /data/data/com.termux/files/home/.gradle/caches/modules-2/files-2.1/androidx.sqlite/sqlite-framework/2.2.0/d03400d2f8c716916ed4126ec9e52bdf1495c718/sqlite-framework-2.2.0.aar because:
  Build cache is disabled
Skipping AarToClassTransform: /data/data/com.termux/files/home/.gradle/caches/modules-2/files-2.1/androidx.sqlite/sqlite-framework/2.2.0/d03400d2f8c716916ed4126ec9e52bdf1495c718/sqlite-framework-2.2.0.aar as it is up-to-date.
Caching disabled for AarToClassTransform: /data/data/com.termux/files/home/.gradle/caches/modules-2/files-2.1/androidx.sqlite/sqlite/2.2.0/3d24be753f378218a13833c0f29979f1cbe5de7b/sqlite-2.2.0.aar because:
  Build cache is disabled
Skipping AarToClassTransform: /data/data/com.termux/files/home/.gradle/caches/modules-2/files-2.1/androidx.sqlite/sqlite/2.2.0/3d24be753f378218a13833c0f29979f1cbe5de7b/sqlite-2.2.0.aar as it is up-to-date.
Caching disabled for AarToClassTransform: /data/data/com.termux/files/home/.gradle/caches/modules-2/files-2.1/androidx.versionedparcelable/versionedparcelable/1.1.1/18e18071e7715679e0593c570217edeb5ca48b9e/versionedparcelable-1.1.1.aar because:
  Build cache is disabled
Skipping AarToClassTransform: /data/data/com.termux/files/home/.gradle/caches/modules-2/files-2.1/androidx.versionedparcelable/versionedparcelable/1.1.1/18e18071e7715679e0593c570217edeb5ca48b9e/versionedparcelable-1.1.1.aar as it is up-to-date.
Transforming collection-ktx-1.1.0.jar (androidx.collection:collection-ktx:1.1.0) with JetifyTransform
Caching disabled for JetifyTransform: /data/data/com.termux/files/home/.gradle/caches/modules-2/files-2.1/androidx.collection/collection-ktx/1.1.0/f807b2f366f7b75142a67d2f3c10031065b5168/collection-ktx-1.1.0.jar because:
  Build cache is disabled
Skipping JetifyTransform: /data/data/com.termux/files/home/.gradle/caches/modules-2/files-2.1/androidx.collection/collection-ktx/1.1.0/f807b2f366f7b75142a67d2f3c10031065b5168/collection-ktx-1.1.0.jar as it is up-to-date.
Transforming collection-ktx-1.1.0.jar (androidx.collection:collection-ktx:1.1.0) with IdentityTransform
Caching disabled for IdentityTransform: /data/data/com.termux/files/home/.gradle/caches/transforms-3/3d095a6dc3f4b530305556cd985a6d28/transformed/jetified-collection-ktx-1.1.0.jar because:
  Build cache is disabled
Skipping IdentityTransform: /data/data/com.termux/files/home/.gradle/caches/transforms-3/3d095a6dc3f4b530305556cd985a6d28/transformed/jetified-collection-ktx-1.1.0.jar as it is up-to-date.
Transforming collection-1.1.0.jar (androidx.collection:collection:1.1.0) with JetifyTransform
Caching disabled for JetifyTransform: /data/data/com.termux/files/home/.gradle/caches/modules-2/files-2.1/androidx.collection/collection/1.1.0/1f27220b47669781457de0d600849a5de0e89909/collection-1.1.0.jar because:
  Build cache is disabled
Skipping JetifyTransform: /data/data/com.termux/files/home/.gradle/caches/modules-2/files-2.1/androidx.collection/collection/1.1.0/1f27220b47669781457de0d600849a5de0e89909/collection-1.1.0.jar as it is up-to-date.
Transforming collection-1.1.0.jar (androidx.collection:collection:1.1.0) with IdentityTransform
Caching disabled for IdentityTransform: /data/data/com.termux/files/home/.gradle/caches/modules-2/files-2.1/androidx.collection/collection/1.1.0/1f27220b47669781457de0d600849a5de0e89909/collection-1.1.0.jar because:
  Build cache is disabled
Skipping IdentityTransform: /data/data/com.termux/files/home/.gradle/caches/modules-2/files-2.1/androidx.collection/collection/1.1.0/1f27220b47669781457de0d600849a5de0e89909/collection-1.1.0.jar as it is up-to-date.
Caching disabled for AarToClassTransform: /data/data/com.termux/files/home/.gradle/caches/modules-2/files-2.1/androidx.arch.core/core-runtime/2.2.0/39705982680d78556b679ef9d5400d4f17509b0b/core-runtime-2.2.0.aar because:
  Build cache is disabled
Skipping AarToClassTransform: /data/data/com.termux/files/home/.gradle/caches/modules-2/files-2.1/androidx.arch.core/core-runtime/2.2.0/39705982680d78556b679ef9d5400d4f17509b0b/core-runtime-2.2.0.aar as it is up-to-date.
Transforming core-common-2.2.0.jar (androidx.arch.core:core-common:2.2.0) with JetifyTransform
Caching disabled for JetifyTransform: /data/data/com.termux/files/home/.gradle/caches/modules-2/files-2.1/androidx.arch.core/core-common/2.2.0/5e1b8b81dfd5f52c56a8d53b18ca759c19a301f3/core-common-2.2.0.jar because:
  Build cache is disabled
Skipping JetifyTransform: /data/data/com.termux/files/home/.gradle/caches/modules-2/files-2.1/androidx.arch.core/core-common/2.2.0/5e1b8b81dfd5f52c56a8d53b18ca759c19a301f3/core-common-2.2.0.jar as it is up-to-date.
Transforming core-common-2.2.0.jar (androidx.arch.core:core-common:2.2.0) with IdentityTransform
Caching disabled for IdentityTransform: /data/data/com.termux/files/home/.gradle/caches/modules-2/files-2.1/androidx.arch.core/core-common/2.2.0/5e1b8b81dfd5f52c56a8d53b18ca759c19a301f3/core-common-2.2.0.jar because:
  Build cache is disabled
Skipping IdentityTransform: /data/data/com.termux/files/home/.gradle/caches/modules-2/files-2.1/androidx.arch.core/core-common/2.2.0/5e1b8b81dfd5f52c56a8d53b18ca759c19a301f3/core-common-2.2.0.jar as it is up-to-date.
Transforming interpolator-1.0.0.aar (androidx.interpolator:interpolator:1.0.0) with JetifyTransform
Transforming interpolator-1.0.0.aar (androidx.interpolator:interpolator:1.0.0) with AarToClassTransform
Caching disabled for AarToClassTransform: /data/data/com.termux/files/home/.gradle/caches/modules-2/files-2.1/androidx.interpolator/interpolator/1.0.0/8a01fa254a23b9388571eb6334b03707c7d122d7/interpolator-1.0.0.aar because:
  Build cache is disabled
Skipping AarToClassTransform: /data/data/com.termux/files/home/.gradle/caches/modules-2/files-2.1/androidx.interpolator/interpolator/1.0.0/8a01fa254a23b9388571eb6334b03707c7d122d7/interpolator-1.0.0.aar as it is up-to-date.
Transforming documentfile-1.0.0.aar (androidx.documentfile:documentfile:1.0.0) with JetifyTransform
Transforming documentfile-1.0.0.aar (androidx.documentfile:documentfile:1.0.0) with AarToClassTransform
Caching disabled for AarToClassTransform: /data/data/com.termux/files/home/.gradle/caches/modules-2/files-2.1/androidx.documentfile/documentfile/1.0.0/66104345c90cd8c2fd5ad2d3aad692b280e10c32/documentfile-1.0.0.aar because:
  Build cache is disabled
Skipping AarToClassTransform: /data/data/com.termux/files/home/.gradle/caches/modules-2/files-2.1/androidx.documentfile/documentfile/1.0.0/66104345c90cd8c2fd5ad2d3aad692b280e10c32/documentfile-1.0.0.aar as it is up-to-date.
Transforming localbroadcastmanager-1.0.0.aar (androidx.localbroadcastmanager:localbroadcastmanager:1.0.0) with JetifyTransform
Transforming localbroadcastmanager-1.0.0.aar (androidx.localbroadcastmanager:localbroadcastmanager:1.0.0) with AarToClassTransform
Caching disabled for AarToClassTransform: /data/data/com.termux/files/home/.gradle/caches/modules-2/files-2.1/androidx.localbroadcastmanager/localbroadcastmanager/1.0.0/2734f31c8321e83ce6b60570d14777fc33cc2ece/localbroadcastmanager-1.0.0.aar because:
  Build cache is disabled
Skipping AarToClassTransform: /data/data/com.termux/files/home/.gradle/caches/modules-2/files-2.1/androidx.localbroadcastmanager/localbroadcastmanager/1.0.0/2734f31c8321e83ce6b60570d14777fc33cc2ece/localbroadcastmanager-1.0.0.aar as it is up-to-date.
Transforming print-1.0.0.aar (androidx.print:print:1.0.0) with JetifyTransform
Transforming print-1.0.0.aar (androidx.print:print:1.0.0) with AarToClassTransform
Caching disabled for AarToClassTransform: /data/data/com.termux/files/home/.gradle/caches/modules-2/files-2.1/androidx.print/print/1.0.0/7722094652c48ebe27acc94d74a55e759e4635ff/print-1.0.0.aar because:
  Build cache is disabled
Skipping AarToClassTransform: /data/data/com.termux/files/home/.gradle/caches/modules-2/files-2.1/androidx.print/print/1.0.0/7722094652c48ebe27acc94d74a55e759e4635ff/print-1.0.0.aar as it is up-to-date.
Transforming annotation-jvm-1.6.0.jar (androidx.annotation:annotation-jvm:1.6.0) with JetifyTransform
Caching disabled for JetifyTransform: /data/data/com.termux/files/home/.gradle/caches/modules-2/files-2.1/androidx.annotation/annotation-jvm/1.6.0/a7257339a052df0f91433cf9651231bbb802b502/annotation-jvm-1.6.0.jar because:
  Build cache is disabled
Skipping JetifyTransform: /data/data/com.termux/files/home/.gradle/caches/modules-2/files-2.1/androidx.annotation/annotation-jvm/1.6.0/a7257339a052df0f91433cf9651231bbb802b502/annotation-jvm-1.6.0.jar as it is up-to-date.
Transforming annotation-jvm-1.6.0.jar (androidx.annotation:annotation-jvm:1.6.0) with IdentityTransform
Caching disabled for IdentityTransform: /data/data/com.termux/files/home/.gradle/caches/transforms-3/69b3f7e31de3c5aeddf38ea0e77134f1/transformed/jetified-annotation-jvm-1.6.0.jar because:
  Build cache is disabled
Skipping IdentityTransform: /data/data/com.termux/files/home/.gradle/caches/transforms-3/69b3f7e31de3c5aeddf38ea0e77134f1/transformed/jetified-annotation-jvm-1.6.0.jar as it is up-to-date.
Transforming kotlin-stdlib-1.8.22.jar (org.jetbrains.kotlin:kotlin-stdlib:1.8.22) with JetifyTransform
Caching disabled for JetifyTransform: /data/data/com.termux/files/home/.gradle/caches/modules-2/files-2.1/org.jetbrains.kotlin/kotlin-stdlib/1.8.22/636bf8b320e7627482771bbac9ed7246773c02bd/kotlin-stdlib-1.8.22.jar because:
  Build cache is disabled
Skipping JetifyTransform: /data/data/com.termux/files/home/.gradle/caches/modules-2/files-2.1/org.jetbrains.kotlin/kotlin-stdlib/1.8.22/636bf8b320e7627482771bbac9ed7246773c02bd/kotlin-stdlib-1.8.22.jar as it is up-to-date.
Transforming kotlin-stdlib-1.8.22.jar (org.jetbrains.kotlin:kotlin-stdlib:1.8.22) with IdentityTransform
Caching disabled for IdentityTransform: /data/data/com.termux/files/home/.gradle/caches/transforms-3/42dc1ec11cfbaf55007632a2a0bab391/transformed/jetified-kotlin-stdlib-1.8.22.jar because:
  Build cache is disabled
Skipping IdentityTransform: /data/data/com.termux/files/home/.gradle/caches/transforms-3/42dc1ec11cfbaf55007632a2a0bab391/transformed/jetified-kotlin-stdlib-1.8.22.jar as it is up-to-date.
Transforming kotlin-stdlib-common-1.8.22.jar (org.jetbrains.kotlin:kotlin-stdlib-common:1.8.22) with JetifyTransform
Caching disabled for JetifyTransform: /data/data/com.termux/files/home/.gradle/caches/modules-2/files-2.1/org.jetbrains.kotlin/kotlin-stdlib-common/1.8.22/1a8e3601703ae14bb58757ea6b2d8e8e5935a586/kotlin-stdlib-common-1.8.22.jar because:
  Build cache is disabled
Skipping JetifyTransform: /data/data/com.termux/files/home/.gradle/caches/modules-2/files-2.1/org.jetbrains.kotlin/kotlin-stdlib-common/1.8.22/1a8e3601703ae14bb58757ea6b2d8e8e5935a586/kotlin-stdlib-common-1.8.22.jar as it is up-to-date.
Transforming kotlin-stdlib-common-1.8.22.jar (org.jetbrains.kotlin:kotlin-stdlib-common:1.8.22) with IdentityTransform
Caching disabled for IdentityTransform: /data/data/com.termux/files/home/.gradle/caches/transforms-3/3758319b1d5a0829129d96fcd133dc41/transformed/jetified-kotlin-stdlib-common-1.8.22.jar because:
  Build cache is disabled
Skipping IdentityTransform: /data/data/com.termux/files/home/.gradle/caches/transforms-3/3758319b1d5a0829129d96fcd133dc41/transformed/jetified-kotlin-stdlib-common-1.8.22.jar as it is up-to-date.
Caching disabled for JetifyTransform: /data/data/com.termux/files/home/.gradle/caches/modules-2/files-2.1/org.jetbrains/annotations/13.0/919f0dfe192fb4e063e7dacadee7f8bb9a2672a9/annotations-13.0.jar because:
  Build cache is disabled
Skipping JetifyTransform: /data/data/com.termux/files/home/.gradle/caches/modules-2/files-2.1/org.jetbrains/annotations/13.0/919f0dfe192fb4e063e7dacadee7f8bb9a2672a9/annotations-13.0.jar as it is up-to-date.
Transforming annotations-13.0.jar (org.jetbrains:annotations:13.0) with IdentityTransform
Caching disabled for IdentityTransform: /data/data/com.termux/files/home/.gradle/caches/transforms-3/e14f131a4e6576222ab9f53b236c7d39/transformed/jetified-annotations-13.0.jar because:
  Build cache is disabled
Skipping IdentityTransform: /data/data/com.termux/files/home/.gradle/caches/transforms-3/e14f131a4e6576222ab9f53b236c7d39/transformed/jetified-annotations-13.0.jar as it is up-to-date.
Transforming resourceinspection-annotation-1.0.1.jar (androidx.resourceinspection:resourceinspection-annotation:1.0.1) with JetifyTransform
Caching disabled for JetifyTransform: /data/data/com.termux/files/home/.gradle/caches/modules-2/files-2.1/androidx.resourceinspection/resourceinspection-annotation/1.0.1/8c21f8ff5d96d5d52c948707f7e4d6ca6773feef/resourceinspection-annotation-1.0.1.jar because:
  Build cache is disabled
Skipping JetifyTransform: /data/data/com.termux/files/home/.gradle/caches/modules-2/files-2.1/androidx.resourceinspection/resourceinspection-annotation/1.0.1/8c21f8ff5d96d5d52c948707f7e4d6ca6773feef/resourceinspection-annotation-1.0.1.jar as it is up-to-date.
Transforming resourceinspection-annotation-1.0.1.jar (androidx.resourceinspection:resourceinspection-annotation:1.0.1) with IdentityTransform
Caching disabled for IdentityTransform: /data/data/com.termux/files/home/.gradle/caches/transforms-3/dacad108e2b1fdda3e5a98939ef0be74/transformed/jetified-resourceinspection-annotation-1.0.1.jar because:
  Build cache is disabled
Skipping IdentityTransform: /data/data/com.termux/files/home/.gradle/caches/transforms-3/dacad108e2b1fdda3e5a98939ef0be74/transformed/jetified-resourceinspection-annotation-1.0.1.jar as it is up-to-date.
Caching disabled for AarToClassTransform: /data/data/com.termux/files/home/.gradle/caches/modules-2/files-2.1/androidx.constraintlayout/constraintlayout/2.1.4/b7ad5eca28aa9e7c4ea1a7e256c7ee4401a031f/constraintlayout-2.1.4.aar because:
  Build cache is disabled
Skipping AarToClassTransform: /data/data/com.termux/files/home/.gradle/caches/modules-2/files-2.1/androidx.constraintlayout/constraintlayout/2.1.4/b7ad5eca28aa9e7c4ea1a7e256c7ee4401a031f/constraintlayout-2.1.4.aar as it is up-to-date.
Caching disabled for JetifyTransform: /data/data/com.termux/files/home/.gradle/caches/modules-2/files-2.1/org.xerial/sqlite-jdbc/3.42.0.0/a4c84376df810062d20c84777b84ec077b5ecdab/sqlite-jdbc-3.42.0.0.jar because:
  Build cache is disabled
Skipping JetifyTransform: /data/data/com.termux/files/home/.gradle/caches/modules-2/files-2.1/org.xerial/sqlite-jdbc/3.42.0.0/a4c84376df810062d20c84777b84ec077b5ecdab/sqlite-jdbc-3.42.0.0.jar as it is up-to-date.
Transforming sqlite-jdbc-3.42.0.0.jar (org.xerial:sqlite-jdbc:3.42.0.0) with IdentityTransform
Caching disabled for IdentityTransform: /data/data/com.termux/files/home/.gradle/caches/transforms-3/3a295c6c983faea8adb39efe9fb14e5d/transformed/jetified-sqlite-jdbc-3.42.0.0.jar because:
  Build cache is disabled
Skipping IdentityTransform: /data/data/com.termux/files/home/.gradle/caches/transforms-3/3a295c6c983faea8adb39efe9fb14e5d/transformed/jetified-sqlite-jdbc-3.42.0.0.jar as it is up-to-date.
Caching disabled for AarToClassTransform: /data/data/com.termux/files/home/.gradle/caches/modules-2/files-2.1/androidx.navigation/navigation-ui-ktx/2.5.3/b3c1b4e29da3cc817eeb630aeac21c3943735b2/navigation-ui-ktx-2.5.3.aar because:
  Build cache is disabled
Skipping AarToClassTransform: /data/data/com.termux/files/home/.gradle/caches/modules-2/files-2.1/androidx.navigation/navigation-ui-ktx/2.5.3/b3c1b4e29da3cc817eeb630aeac21c3943735b2/navigation-ui-ktx-2.5.3.aar as it is up-to-date.
Transforming fragment-1.5.4.aar (androidx.fragment:fragment:1.5.4) with JetifyTransform
Transforming fragment-1.5.4.aar (androidx.fragment:fragment:1.5.4) with AarToClassTransform
Caching disabled for AarToClassTransform: /data/data/com.termux/files/home/.gradle/caches/modules-2/files-2.1/androidx.fragment/fragment/1.5.4/de58ea6b5ffbf3ede9ba6919eb448e23353f1e19/fragment-1.5.4.aar because:
  Build cache is disabled
Skipping AarToClassTransform: /data/data/com.termux/files/home/.gradle/caches/modules-2/files-2.1/androidx.fragment/fragment/1.5.4/de58ea6b5ffbf3ede9ba6919eb448e23353f1e19/fragment-1.5.4.aar as it is up-to-date.
Caching disabled for AarToClassTransform: /data/data/com.termux/files/home/.gradle/caches/modules-2/files-2.1/androidx.navigation/navigation-ui/2.5.3/87b786cbef68119835cfe10a640ae30a939c2892/navigation-ui-2.5.3.aar because:
  Build cache is disabled
Skipping AarToClassTransform: /data/data/com.termux/files/home/.gradle/caches/modules-2/files-2.1/androidx.navigation/navigation-ui/2.5.3/87b786cbef68119835cfe10a640ae30a939c2892/navigation-ui-2.5.3.aar as it is up-to-date.
Caching disabled for AarToClassTransform: /data/data/com.termux/files/home/.gradle/caches/modules-2/files-2.1/androidx.appcompat/appcompat/1.6.1/6c7577004b7ebbee5ed87d512b578dd20e3c8c31/appcompat-1.6.1.aar because:
  Build cache is disabled
Skipping AarToClassTransform: /data/data/com.termux/files/home/.gradle/caches/modules-2/files-2.1/androidx.appcompat/appcompat/1.6.1/6c7577004b7ebbee5ed87d512b578dd20e3c8c31/appcompat-1.6.1.aar as it is up-to-date.
Caching disabled for AarToClassTransform: /data/data/com.termux/files/home/.gradle/caches/modules-2/files-2.1/com.google.android.material/material/1.10.0/d4079b25853b05d9b9cd202314f9dd3fbbf2bd76/material-1.10.0.aar because:
  Build cache is disabled
Skipping AarToClassTransform: /data/data/com.termux/files/home/.gradle/caches/modules-2/files-2.1/com.google.android.material/material/1.10.0/d4079b25853b05d9b9cd202314f9dd3fbbf2bd76/material-1.10.0.aar as it is up-to-date.
Caching disabled for AarToClassTransform: /data/data/com.termux/files/home/.gradle/caches/transforms-3/b2a4d12651755728659468480b5c613a/transformed/jetified-fragment-ktx-1.5.4.aar because:
  Build cache is disabled
Skipping AarToClassTransform: /data/data/com.termux/files/home/.gradle/caches/transforms-3/b2a4d12651755728659468480b5c613a/transformed/jetified-fragment-ktx-1.5.4.aar as it is up-to-date.
Caching disabled for AarToClassTransform: /data/data/com.termux/files/home/.gradle/caches/transforms-3/8f4ace96e024dcfdc4f2bbdb7b442e13/transformed/jetified-viewpager2-1.0.0.aar because:
  Build cache is disabled
Skipping AarToClassTransform: /data/data/com.termux/files/home/.gradle/caches/transforms-3/8f4ace96e024dcfdc4f2bbdb7b442e13/transformed/jetified-viewpager2-1.0.0.aar as it is up-to-date.
Caching disabled for AarToClassTransform: /data/data/com.termux/files/home/.gradle/caches/modules-2/files-2.1/androidx.navigation/navigation-fragment/2.5.3/76ef07cbb908f7e3af5f83f46412cc6f6517dce4/navigation-fragment-2.5.3.aar because:
  Build cache is disabled
Skipping AarToClassTransform: /data/data/com.termux/files/home/.gradle/caches/modules-2/files-2.1/androidx.navigation/navigation-fragment/2.5.3/76ef07cbb908f7e3af5f83f46412cc6f6517dce4/navigation-fragment-2.5.3.aar as it is up-to-date.
Caching disabled for AarToClassTransform: /data/data/com.termux/files/home/.gradle/caches/modules-2/files-2.1/androidx.navigation/navigation-fragment-ktx/2.5.3/e68ba6b9590d48c34f7dacc3fbf22bd0a68b9093/navigation-fragment-ktx-2.5.3.aar because:
  Build cache is disabled
Skipping AarToClassTransform: /data/data/com.termux/files/home/.gradle/caches/modules-2/files-2.1/androidx.navigation/navigation-fragment-ktx/2.5.3/e68ba6b9590d48c34f7dacc3fbf22bd0a68b9093/navigation-fragment-ktx-2.5.3.aar as it is up-to-date.
Transforming R.jar with ClasspathEntrySnapshotTransform
Transforming navigation-ui-ktx-2.5.3-api.jar with ClasspathEntrySnapshotTransform
Transforming navigation-ui-2.5.3-api.jar with ClasspathEntrySnapshotTransform
Transforming material-1.10.0-api.jar with ClasspathEntrySnapshotTransform
Transforming appcompat-1.6.1-api.jar with ClasspathEntrySnapshotTransform
Transforming jetified-viewpager2-1.0.0-api.jar with ClasspathEntrySnapshotTransform
Transforming navigation-fragment-ktx-2.5.3-api.jar with ClasspathEntrySnapshotTransform
Transforming navigation-fragment-2.5.3-api.jar with ClasspathEntrySnapshotTransform
Transforming jetified-fragment-ktx-1.5.4-api.jar with ClasspathEntrySnapshotTransform
Transforming fragment-1.5.4-api.jar with ClasspathEntrySnapshotTransform
Transforming navigation-runtime-ktx-2.5.3-api.jar with ClasspathEntrySnapshotTransform
Transforming navigation-runtime-2.5.3-api.jar with ClasspathEntrySnapshotTransform
Transforming jetified-activity-ktx-1.8.0-api.jar with ClasspathEntrySnapshotTransform
Transforming jetified-activity-1.8.0-api.jar with ClasspathEntrySnapshotTransform
Transforming lifecycle-common-2.6.2.jar with ClasspathEntrySnapshotTransform
Transforming lifecycle-livedata-core-2.6.2-api.jar with ClasspathEntrySnapshotTransform
Transforming jetified-lifecycle-livedata-core-ktx-2.6.2-api.jar with ClasspathEntrySnapshotTransform
Transforming dynamicanimation-1.0.0-api.jar with ClasspathEntrySnapshotTransform
Transforming legacy-support-core-utils-1.0.0-api.jar with ClasspathEntrySnapshotTransform
Transforming loader-1.0.0-api.jar with ClasspathEntrySnapshotTransform
Transforming lifecycle-livedata-2.6.2-api.jar with ClasspathEntrySnapshotTransform
Transforming lifecycle-viewmodel-2.6.2-api.jar with ClasspathEntrySnapshotTransform
Transforming navigation-common-ktx-2.5.3-api.jar with ClasspathEntrySnapshotTransform
Transforming navigation-common-2.5.3-api.jar with ClasspathEntrySnapshotTransform
Transforming jetified-lifecycle-viewmodel-savedstate-2.6.2-api.jar with ClasspathEntrySnapshotTransform
Transforming jetified-core-ktx-1.10.1-api.jar with ClasspathEntrySnapshotTransform
Transforming jetified-appcompat-resources-1.6.1-api.jar with ClasspathEntrySnapshotTransform
Transforming drawerlayout-1.1.1-api.jar with ClasspathEntrySnapshotTransform
Transforming coordinatorlayout-1.1.0-api.jar with ClasspathEntrySnapshotTransform
Transforming recyclerview-1.1.0-api.jar with ClasspathEntrySnapshotTransform
Transforming transition-1.4.1-api.jar with ClasspathEntrySnapshotTransform
Transforming vectordrawable-animated-1.1.0-api.jar with ClasspathEntrySnapshotTransform
Transforming vectordrawable-1.1.0-api.jar with ClasspathEntrySnapshotTransform
Transforming viewpager-1.0.0-api.jar with ClasspathEntrySnapshotTransform
Transforming slidingpanelayout-1.2.0-api.jar with ClasspathEntrySnapshotTransform
Transforming customview-1.1.0-api.jar with ClasspathEntrySnapshotTransform
Transforming core-1.10.1-api.jar with ClasspathEntrySnapshotTransform
Transforming lifecycle-runtime-2.6.2-api.jar with ClasspathEntrySnapshotTransform
Transforming jetified-lifecycle-runtime-ktx-2.6.2-api.jar with ClasspathEntrySnapshotTransform
Transforming jetified-lifecycle-livedata-ktx-2.6.2-api.jar with ClasspathEntrySnapshotTransform
Transforming jetified-lifecycle-viewmodel-ktx-2.6.2-api.jar with ClasspathEntrySnapshotTransform
Transforming jetified-room-ktx-2.4.3-api.jar with ClasspathEntrySnapshotTransform
Transforming jetified-datastore-preferences-1.0.0-api.jar with ClasspathEntrySnapshotTransform
Transforming jetified-datastore-1.0.0-api.jar with ClasspathEntrySnapshotTransform
Transforming jetified-datastore-preferences-core-1.0.0.jar with ClasspathEntrySnapshotTransform
Transforming jetified-datastore-core-1.0.0.jar with ClasspathEntrySnapshotTransform
Transforming jetified-kotlinx-coroutines-core-jvm-1.6.4.jar with ClasspathEntrySnapshotTransform
Transforming jetified-kotlinx-coroutines-android-1.6.4.jar with ClasspathEntrySnapshotTransform
Transforming jetified-kotlin-stdlib-jdk8-1.8.22.jar with ClasspathEntrySnapshotTransform
Transforming jetified-kotlin-stdlib-jdk7-1.8.22.jar with ClasspathEntrySnapshotTransform
Transforming jetified-savedstate-ktx-1.2.1-api.jar with ClasspathEntrySnapshotTransform
Transforming jetified-savedstate-1.2.1-api.jar with ClasspathEntrySnapshotTransform
Transforming jetified-annotation-experimental-1.3.0-api.jar with ClasspathEntrySnapshotTransform
Transforming cursoradapter-1.0.0-api.jar with ClasspathEntrySnapshotTransform
Transforming cardview-1.0.0-api.jar with ClasspathEntrySnapshotTransform
Transforming room-runtime-2.4.3-api.jar with ClasspathEntrySnapshotTransform
Transforming room-common-2.4.3.jar with ClasspathEntrySnapshotTransform
Transforming sqlite-framework-2.2.0-api.jar with ClasspathEntrySnapshotTransform
Transforming sqlite-2.2.0-api.jar with ClasspathEntrySnapshotTransform
Transforming versionedparcelable-1.1.1-api.jar with ClasspathEntrySnapshotTransform
Transforming jetified-collection-ktx-1.1.0.jar with ClasspathEntrySnapshotTransform
Transforming collection-1.1.0.jar with ClasspathEntrySnapshotTransform
Transforming core-runtime-2.2.0-api.jar with ClasspathEntrySnapshotTransform
Transforming core-common-2.2.0.jar with ClasspathEntrySnapshotTransform
Transforming interpolator-1.0.0-api.jar with ClasspathEntrySnapshotTransform
Transforming documentfile-1.0.0-api.jar with ClasspathEntrySnapshotTransform
Transforming localbroadcastmanager-1.0.0-api.jar with ClasspathEntrySnapshotTransform
Transforming print-1.0.0-api.jar with ClasspathEntrySnapshotTransform
Transforming jetified-annotation-jvm-1.6.0.jar with ClasspathEntrySnapshotTransform
Transforming jetified-kotlin-stdlib-1.8.22.jar with ClasspathEntrySnapshotTransform
Transforming jetified-kotlin-stdlib-common-1.8.22.jar with ClasspathEntrySnapshotTransform
Transforming jetified-annotations-13.0.jar with ClasspathEntrySnapshotTransform
Transforming jetified-resourceinspection-annotation-1.0.1.jar with ClasspathEntrySnapshotTransform
Transforming constraintlayout-2.1.4-api.jar with ClasspathEntrySnapshotTransform
Transforming jetified-sqlite-jdbc-3.42.0.0.jar with ClasspathEntrySnapshotTransform
Transforming android.jar with ClasspathEntrySnapshotTransform
Transforming core-lambda-stubs.jar with ClasspathEntrySnapshotTransform
Caching disabled for ClasspathEntrySnapshotTransform: /data/data/com.termux/files/home/.gradle/caches/transforms-3/a983a0047dbb9766c7d465506d36d9ed/transformed/navigation-runtime-ktx-2.5.3-api.jar because:
  Build cache is disabled
Skipping ClasspathEntrySnapshotTransform: /data/data/com.termux/files/home/.gradle/caches/transforms-3/a983a0047dbb9766c7d465506d36d9ed/transformed/navigation-runtime-ktx-2.5.3-api.jar as it is up-to-date.
Caching disabled for ClasspathEntrySnapshotTransform: /data/data/com.termux/files/home/.gradle/caches/transforms-3/18f1a6808ff4de9b7e23261e1edeac7e/transformed/navigation-runtime-2.5.3-api.jar because:
  Build cache is disabled
Skipping ClasspathEntrySnapshotTransform: /data/data/com.termux/files/home/.gradle/caches/transforms-3/18f1a6808ff4de9b7e23261e1edeac7e/transformed/navigation-runtime-2.5.3-api.jar as it is up-to-date.
Caching disabled for ClasspathEntrySnapshotTransform: /data/data/com.termux/files/home/.gradle/caches/transforms-3/e00fa724c12c548c15a495a211f0ed15/transformed/jetified-activity-ktx-1.8.0-api.jar because:
  Build cache is disabled
Skipping ClasspathEntrySnapshotTransform: /data/data/com.termux/files/home/.gradle/caches/transforms-3/e00fa724c12c548c15a495a211f0ed15/transformed/jetified-activity-ktx-1.8.0-api.jar as it is up-to-date.
Caching disabled for ClasspathEntrySnapshotTransform: /data/data/com.termux/files/home/.gradle/caches/transforms-3/1508afae60e639563a32836dc2776888/transformed/jetified-activity-1.8.0-api.jar because:
  Build cache is disabled
Skipping ClasspathEntrySnapshotTransform: /data/data/com.termux/files/home/.gradle/caches/transforms-3/1508afae60e639563a32836dc2776888/transformed/jetified-activity-1.8.0-api.jar as it is up-to-date.
Caching disabled for ClasspathEntrySnapshotTransform: /data/data/com.termux/files/home/.gradle/caches/modules-2/files-2.1/androidx.lifecycle/lifecycle-common/2.6.2/10f354fdb64868baecd67128560c5a0d6312c495/lifecycle-common-2.6.2.jar because:
  Build cache is disabled
Skipping ClasspathEntrySnapshotTransform: /data/data/com.termux/files/home/.gradle/caches/modules-2/files-2.1/androidx.lifecycle/lifecycle-common/2.6.2/10f354fdb64868baecd67128560c5a0d6312c495/lifecycle-common-2.6.2.jar as it is up-to-date.
Caching disabled for ClasspathEntrySnapshotTransform: /data/data/com.termux/files/home/.gradle/caches/transforms-3/126d538e8e1ed78da7c3cd7bddd62d4c/transformed/lifecycle-livedata-core-2.6.2-api.jar because:
  Build cache is disabled
Skipping ClasspathEntrySnapshotTransform: /data/data/com.termux/files/home/.gradle/caches/transforms-3/126d538e8e1ed78da7c3cd7bddd62d4c/transformed/lifecycle-livedata-core-2.6.2-api.jar as it is up-to-date.
Caching disabled for ClasspathEntrySnapshotTransform: /data/data/com.termux/files/home/.gradle/caches/transforms-3/c64aeb152f7b3b75a587303f458d0ea6/transformed/jetified-lifecycle-livedata-core-ktx-2.6.2-api.jar because:
  Build cache is disabled
Skipping ClasspathEntrySnapshotTransform: /data/data/com.termux/files/home/.gradle/caches/transforms-3/c64aeb152f7b3b75a587303f458d0ea6/transformed/jetified-lifecycle-livedata-core-ktx-2.6.2-api.jar as it is up-to-date.
Caching disabled for ClasspathEntrySnapshotTransform: /data/data/com.termux/files/home/.gradle/caches/transforms-3/4c37e163b7a4a7f5479a86483de3f2fa/transformed/dynamicanimation-1.0.0-api.jar because:
  Build cache is disabled
Skipping ClasspathEntrySnapshotTransform: /data/data/com.termux/files/home/.gradle/caches/transforms-3/4c37e163b7a4a7f5479a86483de3f2fa/transformed/dynamicanimation-1.0.0-api.jar as it is up-to-date.
Caching disabled for ClasspathEntrySnapshotTransform: /data/data/com.termux/files/home/.gradle/caches/transforms-3/450c7956f279317a2ed2fac71b4e820e/transformed/legacy-support-core-utils-1.0.0-api.jar because:
  Build cache is disabled
Skipping ClasspathEntrySnapshotTransform: /data/data/com.termux/files/home/.gradle/caches/transforms-3/450c7956f279317a2ed2fac71b4e820e/transformed/legacy-support-core-utils-1.0.0-api.jar as it is up-to-date.
Caching disabled for ClasspathEntrySnapshotTransform: /data/data/com.termux/files/home/.gradle/caches/transforms-3/36bfe89661d8527058c7b77797dd8441/transformed/loader-1.0.0-api.jar because:
  Build cache is disabled
Skipping ClasspathEntrySnapshotTransform: /data/data/com.termux/files/home/.gradle/caches/transforms-3/36bfe89661d8527058c7b77797dd8441/transformed/loader-1.0.0-api.jar as it is up-to-date.
Caching disabled for ClasspathEntrySnapshotTransform: /data/data/com.termux/files/home/.gradle/caches/transforms-3/9c574dc9405d40d0cb38ead05a9d9678/transformed/lifecycle-livedata-2.6.2-api.jar because:
  Build cache is disabled
Skipping ClasspathEntrySnapshotTransform: /data/data/com.termux/files/home/.gradle/caches/transforms-3/9c574dc9405d40d0cb38ead05a9d9678/transformed/lifecycle-livedata-2.6.2-api.jar as it is up-to-date.
Caching disabled for ClasspathEntrySnapshotTransform: /data/data/com.termux/files/home/.gradle/caches/transforms-3/e7bdef360192f952293ed355cd9709f9/transformed/lifecycle-viewmodel-2.6.2-api.jar because:
  Build cache is disabled
Skipping ClasspathEntrySnapshotTransform: /data/data/com.termux/files/home/.gradle/caches/transforms-3/e7bdef360192f952293ed355cd9709f9/transformed/lifecycle-viewmodel-2.6.2-api.jar as it is up-to-date.
Caching disabled for ClasspathEntrySnapshotTransform: /data/data/com.termux/files/home/.gradle/caches/transforms-3/e4ac00957d2cb6455a0b39509627fc27/transformed/navigation-common-ktx-2.5.3-api.jar because:
  Build cache is disabled
Skipping ClasspathEntrySnapshotTransform: /data/data/com.termux/files/home/.gradle/caches/transforms-3/e4ac00957d2cb6455a0b39509627fc27/transformed/navigation-common-ktx-2.5.3-api.jar as it is up-to-date.
Caching disabled for ClasspathEntrySnapshotTransform: /data/data/com.termux/files/home/.gradle/caches/transforms-3/eba7450d376f2dea853cd37ae854fd79/transformed/navigation-common-2.5.3-api.jar because:
  Build cache is disabled
Skipping ClasspathEntrySnapshotTransform: /data/data/com.termux/files/home/.gradle/caches/transforms-3/eba7450d376f2dea853cd37ae854fd79/transformed/navigation-common-2.5.3-api.jar as it is up-to-date.
Caching disabled for ClasspathEntrySnapshotTransform: /data/data/com.termux/files/home/.gradle/caches/transforms-3/b4361ed51495cfdd57617dbf73814f27/transformed/jetified-lifecycle-viewmodel-savedstate-2.6.2-api.jar because:
  Build cache is disabled
Skipping ClasspathEntrySnapshotTransform: /data/data/com.termux/files/home/.gradle/caches/transforms-3/b4361ed51495cfdd57617dbf73814f27/transformed/jetified-lifecycle-viewmodel-savedstate-2.6.2-api.jar as it is up-to-date.
Caching disabled for ClasspathEntrySnapshotTransform: /data/data/com.termux/files/home/.gradle/caches/transforms-3/722d192c6da0dd9df8836958374b77b9/transformed/jetified-core-ktx-1.10.1-api.jar because:
  Build cache is disabled
Skipping ClasspathEntrySnapshotTransform: /data/data/com.termux/files/home/.gradle/caches/transforms-3/722d192c6da0dd9df8836958374b77b9/transformed/jetified-core-ktx-1.10.1-api.jar as it is up-to-date.
Caching disabled for ClasspathEntrySnapshotTransform: /data/data/com.termux/files/home/.gradle/caches/transforms-3/fb78518237966a45c24ba91b886a9fec/transformed/jetified-appcompat-resources-1.6.1-api.jar because:
  Build cache is disabled
Skipping ClasspathEntrySnapshotTransform: /data/data/com.termux/files/home/.gradle/caches/transforms-3/fb78518237966a45c24ba91b886a9fec/transformed/jetified-appcompat-resources-1.6.1-api.jar as it is up-to-date.
Caching disabled for ClasspathEntrySnapshotTransform: /data/data/com.termux/files/home/.gradle/caches/transforms-3/80e131dbbf3a0aa13a07b3e3be076472/transformed/drawerlayout-1.1.1-api.jar because:
  Build cache is disabled
Skipping ClasspathEntrySnapshotTransform: /data/data/com.termux/files/home/.gradle/caches/transforms-3/80e131dbbf3a0aa13a07b3e3be076472/transformed/drawerlayout-1.1.1-api.jar as it is up-to-date.
Caching disabled for ClasspathEntrySnapshotTransform: /data/data/com.termux/files/home/.gradle/caches/transforms-3/3d062ce0486df6608c8dbdbb0f4ffbe4/transformed/coordinatorlayout-1.1.0-api.jar because:
  Build cache is disabled
Skipping ClasspathEntrySnapshotTransform: /data/data/com.termux/files/home/.gradle/caches/transforms-3/3d062ce0486df6608c8dbdbb0f4ffbe4/transformed/coordinatorlayout-1.1.0-api.jar as it is up-to-date.
Caching disabled for ClasspathEntrySnapshotTransform: /data/data/com.termux/files/home/.gradle/caches/transforms-3/3f65e5372d7afd297091bbf4426b7092/transformed/recyclerview-1.1.0-api.jar because:
  Build cache is disabled
Skipping ClasspathEntrySnapshotTransform: /data/data/com.termux/files/home/.gradle/caches/transforms-3/3f65e5372d7afd297091bbf4426b7092/transformed/recyclerview-1.1.0-api.jar as it is up-to-date.
Caching disabled for ClasspathEntrySnapshotTransform: /data/data/com.termux/files/home/.gradle/caches/transforms-3/4e78e663460ee1dbec29b647516367ad/transformed/transition-1.4.1-api.jar because:
  Build cache is disabled
Skipping ClasspathEntrySnapshotTransform: /data/data/com.termux/files/home/.gradle/caches/transforms-3/4e78e663460ee1dbec29b647516367ad/transformed/transition-1.4.1-api.jar as it is up-to-date.
Caching disabled for ClasspathEntrySnapshotTransform: /data/data/com.termux/files/home/.gradle/caches/transforms-3/628931b8f65809e142d7b9bdec06063a/transformed/vectordrawable-animated-1.1.0-api.jar because:
  Build cache is disabled
Skipping ClasspathEntrySnapshotTransform: /data/data/com.termux/files/home/.gradle/caches/transforms-3/628931b8f65809e142d7b9bdec06063a/transformed/vectordrawable-animated-1.1.0-api.jar as it is up-to-date.
Caching disabled for ClasspathEntrySnapshotTransform: /data/data/com.termux/files/home/.gradle/caches/transforms-3/cb27464fa5e8af4bf7f7d5e60189ba78/transformed/vectordrawable-1.1.0-api.jar because:
  Build cache is disabled
Skipping ClasspathEntrySnapshotTransform: /data/data/com.termux/files/home/.gradle/caches/transforms-3/cb27464fa5e8af4bf7f7d5e60189ba78/transformed/vectordrawable-1.1.0-api.jar as it is up-to-date.
Caching disabled for ClasspathEntrySnapshotTransform: /data/data/com.termux/files/home/.gradle/caches/transforms-3/85eeebf14c67d0e3272e9d1bde2cd61f/transformed/viewpager-1.0.0-api.jar because:
  Build cache is disabled
Skipping ClasspathEntrySnapshotTransform: /data/data/com.termux/files/home/.gradle/caches/transforms-3/85eeebf14c67d0e3272e9d1bde2cd61f/transformed/viewpager-1.0.0-api.jar as it is up-to-date.
Caching disabled for ClasspathEntrySnapshotTransform: /data/data/com.termux/files/home/.gradle/caches/transforms-3/f3b3e2a94b663521e6f40b64c89b6482/transformed/slidingpanelayout-1.2.0-api.jar because:
  Build cache is disabled
Skipping ClasspathEntrySnapshotTransform: /data/data/com.termux/files/home/.gradle/caches/transforms-3/f3b3e2a94b663521e6f40b64c89b6482/transformed/slidingpanelayout-1.2.0-api.jar as it is up-to-date.
Caching disabled for ClasspathEntrySnapshotTransform: /data/data/com.termux/files/home/.gradle/caches/transforms-3/177705d93fe0041becd2340158f84647/transformed/customview-1.1.0-api.jar because:
  Build cache is disabled
Skipping ClasspathEntrySnapshotTransform: /data/data/com.termux/files/home/.gradle/caches/transforms-3/177705d93fe0041becd2340158f84647/transformed/customview-1.1.0-api.jar as it is up-to-date.
Caching disabled for ClasspathEntrySnapshotTransform: /data/data/com.termux/files/home/.gradle/caches/transforms-3/ee42308916c67025933d87a60fb9cf4c/transformed/core-1.10.1-api.jar because:
  Build cache is disabled
Skipping ClasspathEntrySnapshotTransform: /data/data/com.termux/files/home/.gradle/caches/transforms-3/ee42308916c67025933d87a60fb9cf4c/transformed/core-1.10.1-api.jar as it is up-to-date.
Caching disabled for ClasspathEntrySnapshotTransform: /data/data/com.termux/files/home/.gradle/caches/transforms-3/b6fe12a34a9ef6061fe2490c858b4f67/transformed/lifecycle-runtime-2.6.2-api.jar because:
  Build cache is disabled
Skipping ClasspathEntrySnapshotTransform: /data/data/com.termux/files/home/.gradle/caches/transforms-3/b6fe12a34a9ef6061fe2490c858b4f67/transformed/lifecycle-runtime-2.6.2-api.jar as it is up-to-date.
Caching disabled for ClasspathEntrySnapshotTransform: /data/data/com.termux/files/home/.gradle/caches/transforms-3/54a5d791924ec648816cd9d814189375/transformed/jetified-lifecycle-runtime-ktx-2.6.2-api.jar because:
  Build cache is disabled
Skipping ClasspathEntrySnapshotTransform: /data/data/com.termux/files/home/.gradle/caches/transforms-3/54a5d791924ec648816cd9d814189375/transformed/jetified-lifecycle-runtime-ktx-2.6.2-api.jar as it is up-to-date.
Caching disabled for ClasspathEntrySnapshotTransform: /data/data/com.termux/files/home/.gradle/caches/transforms-3/63119a7c4fe07f16e1281a63ed8048b5/transformed/jetified-lifecycle-livedata-ktx-2.6.2-api.jar because:
  Build cache is disabled
Skipping ClasspathEntrySnapshotTransform: /data/data/com.termux/files/home/.gradle/caches/transforms-3/63119a7c4fe07f16e1281a63ed8048b5/transformed/jetified-lifecycle-livedata-ktx-2.6.2-api.jar as it is up-to-date.
Caching disabled for ClasspathEntrySnapshotTransform: /data/data/com.termux/files/home/.gradle/caches/transforms-3/e4373f251c937b3f3dde46955a7893a3/transformed/jetified-lifecycle-viewmodel-ktx-2.6.2-api.jar because:
  Build cache is disabled
Skipping ClasspathEntrySnapshotTransform: /data/data/com.termux/files/home/.gradle/caches/transforms-3/e4373f251c937b3f3dde46955a7893a3/transformed/jetified-lifecycle-viewmodel-ktx-2.6.2-api.jar as it is up-to-date.
Caching disabled for ClasspathEntrySnapshotTransform: /data/data/com.termux/files/home/.gradle/caches/transforms-3/a93149fb7baf8e55b9c3ef4a7c01c5dc/transformed/jetified-room-ktx-2.4.3-api.jar because:
  Build cache is disabled
Skipping ClasspathEntrySnapshotTransform: /data/data/com.termux/files/home/.gradle/caches/transforms-3/a93149fb7baf8e55b9c3ef4a7c01c5dc/transformed/jetified-room-ktx-2.4.3-api.jar as it is up-to-date.
Caching disabled for ClasspathEntrySnapshotTransform: /data/data/com.termux/files/home/.gradle/caches/transforms-3/57bd5be704e04c0be478cee80f0b7a39/transformed/jetified-datastore-preferences-1.0.0-api.jar because:
  Build cache is disabled
Skipping ClasspathEntrySnapshotTransform: /data/data/com.termux/files/home/.gradle/caches/transforms-3/57bd5be704e04c0be478cee80f0b7a39/transformed/jetified-datastore-preferences-1.0.0-api.jar as it is up-to-date.
Caching disabled for ClasspathEntrySnapshotTransform: /data/data/com.termux/files/home/.gradle/caches/transforms-3/56d16dc73f43f2088bfb17caca510686/transformed/jetified-datastore-1.0.0-api.jar because:
  Build cache is disabled
Skipping ClasspathEntrySnapshotTransform: /data/data/com.termux/files/home/.gradle/caches/transforms-3/56d16dc73f43f2088bfb17caca510686/transformed/jetified-datastore-1.0.0-api.jar as it is up-to-date.
Caching disabled for ClasspathEntrySnapshotTransform: /data/data/com.termux/files/home/.gradle/caches/transforms-3/7dfd0f8cd19806f723708fc51c19e373/transformed/jetified-datastore-preferences-core-1.0.0.jar because:
  Build cache is disabled
Skipping ClasspathEntrySnapshotTransform: /data/data/com.termux/files/home/.gradle/caches/transforms-3/7dfd0f8cd19806f723708fc51c19e373/transformed/jetified-datastore-preferences-core-1.0.0.jar as it is up-to-date.
Caching disabled for ClasspathEntrySnapshotTransform: /data/data/com.termux/files/home/.gradle/caches/transforms-3/b8f51294f4f4ff81fab17fed6db5ba8a/transformed/jetified-datastore-core-1.0.0.jar because:
  Build cache is disabled
Skipping ClasspathEntrySnapshotTransform: /data/data/com.termux/files/home/.gradle/caches/transforms-3/b8f51294f4f4ff81fab17fed6db5ba8a/transformed/jetified-datastore-core-1.0.0.jar as it is up-to-date.
Caching disabled for ClasspathEntrySnapshotTransform: /data/data/com.termux/files/home/.gradle/caches/transforms-3/aea23d53ed51acb4b80640f8005db4e0/transformed/jetified-kotlinx-coroutines-core-jvm-1.6.4.jar because:
  Build cache is disabled
Skipping ClasspathEntrySnapshotTransform: /data/data/com.termux/files/home/.gradle/caches/transforms-3/aea23d53ed51acb4b80640f8005db4e0/transformed/jetified-kotlinx-coroutines-core-jvm-1.6.4.jar as it is up-to-date.
Caching disabled for ClasspathEntrySnapshotTransform: /data/data/com.termux/files/home/.gradle/caches/transforms-3/509bd562851386937b781492acd7896d/transformed/jetified-kotlinx-coroutines-android-1.6.4.jar because:
  Build cache is disabled
Skipping ClasspathEntrySnapshotTransform: /data/data/com.termux/files/home/.gradle/caches/transforms-3/509bd562851386937b781492acd7896d/transformed/jetified-kotlinx-coroutines-android-1.6.4.jar as it is up-to-date.
Caching disabled for ClasspathEntrySnapshotTransform: /data/data/com.termux/files/home/.gradle/caches/transforms-3/8002c48ef7be8cb55ffe187700561ed7/transformed/jetified-kotlin-stdlib-jdk8-1.8.22.jar because:
  Build cache is disabled
Skipping ClasspathEntrySnapshotTransform: /data/data/com.termux/files/home/.gradle/caches/transforms-3/8002c48ef7be8cb55ffe187700561ed7/transformed/jetified-kotlin-stdlib-jdk8-1.8.22.jar as it is up-to-date.
Caching disabled for ClasspathEntrySnapshotTransform: /data/data/com.termux/files/home/.gradle/caches/transforms-3/bfae56c6c0c603632634577a809c6c3c/transformed/jetified-kotlin-stdlib-jdk7-1.8.22.jar because:
  Build cache is disabled
Skipping ClasspathEntrySnapshotTransform: /data/data/com.termux/files/home/.gradle/caches/transforms-3/bfae56c6c0c603632634577a809c6c3c/transformed/jetified-kotlin-stdlib-jdk7-1.8.22.jar as it is up-to-date.
Caching disabled for ClasspathEntrySnapshotTransform: /data/data/com.termux/files/home/.gradle/caches/transforms-3/29aa7cb2c636dc3389d32f99dc1ce18e/transformed/jetified-savedstate-ktx-1.2.1-api.jar because:
  Build cache is disabled
Skipping ClasspathEntrySnapshotTransform: /data/data/com.termux/files/home/.gradle/caches/transforms-3/29aa7cb2c636dc3389d32f99dc1ce18e/transformed/jetified-savedstate-ktx-1.2.1-api.jar as it is up-to-date.
Caching disabled for ClasspathEntrySnapshotTransform: /data/data/com.termux/files/home/.gradle/caches/transforms-3/c1c31de621e0659d7ae32c6196c038c8/transformed/jetified-savedstate-1.2.1-api.jar because:
  Build cache is disabled
Skipping ClasspathEntrySnapshotTransform: /data/data/com.termux/files/home/.gradle/caches/transforms-3/c1c31de621e0659d7ae32c6196c038c8/transformed/jetified-savedstate-1.2.1-api.jar as it is up-to-date.
Caching disabled for ClasspathEntrySnapshotTransform: /data/data/com.termux/files/home/.gradle/caches/transforms-3/9d4127a2d3333e017311bb751008e153/transformed/jetified-annotation-experimental-1.3.0-api.jar because:
  Build cache is disabled
Skipping ClasspathEntrySnapshotTransform: /data/data/com.termux/files/home/.gradle/caches/transforms-3/9d4127a2d3333e017311bb751008e153/transformed/jetified-annotation-experimental-1.3.0-api.jar as it is up-to-date.
Caching disabled for ClasspathEntrySnapshotTransform: /data/data/com.termux/files/home/.gradle/caches/transforms-3/9d977d4cf1cf7e112d08efc5eb30a42e/transformed/cursoradapter-1.0.0-api.jar because:
  Build cache is disabled
Skipping ClasspathEntrySnapshotTransform: /data/data/com.termux/files/home/.gradle/caches/transforms-3/9d977d4cf1cf7e112d08efc5eb30a42e/transformed/cursoradapter-1.0.0-api.jar as it is up-to-date.
Caching disabled for ClasspathEntrySnapshotTransform: /data/data/com.termux/files/home/.gradle/caches/transforms-3/ee749bc3793c96cd9817646b95c41f62/transformed/cardview-1.0.0-api.jar because:
  Build cache is disabled
Skipping ClasspathEntrySnapshotTransform: /data/data/com.termux/files/home/.gradle/caches/transforms-3/ee749bc3793c96cd9817646b95c41f62/transformed/cardview-1.0.0-api.jar as it is up-to-date.
Caching disabled for ClasspathEntrySnapshotTransform: /data/data/com.termux/files/home/.gradle/caches/transforms-3/33ff3381fb06bd46a473128a007fa68b/transformed/room-runtime-2.4.3-api.jar because:
  Build cache is disabled
Skipping ClasspathEntrySnapshotTransform: /data/data/com.termux/files/home/.gradle/caches/transforms-3/33ff3381fb06bd46a473128a007fa68b/transformed/room-runtime-2.4.3-api.jar as it is up-to-date.
Caching disabled for ClasspathEntrySnapshotTransform: /data/data/com.termux/files/home/.gradle/caches/modules-2/files-2.1/androidx.room/room-common/2.4.3/63d9f9cb245ee9b4c8ebb8aca201661f99583ffa/room-common-2.4.3.jar because:
  Build cache is disabled
Skipping ClasspathEntrySnapshotTransform: /data/data/com.termux/files/home/.gradle/caches/modules-2/files-2.1/androidx.room/room-common/2.4.3/63d9f9cb245ee9b4c8ebb8aca201661f99583ffa/room-common-2.4.3.jar as it is up-to-date.
Caching disabled for ClasspathEntrySnapshotTransform: /data/data/com.termux/files/home/.gradle/caches/transforms-3/86bd1c5e4a2720650c2369b01653540c/transformed/sqlite-framework-2.2.0-api.jar because:
  Build cache is disabled
Skipping ClasspathEntrySnapshotTransform: /data/data/com.termux/files/home/.gradle/caches/transforms-3/86bd1c5e4a2720650c2369b01653540c/transformed/sqlite-framework-2.2.0-api.jar as it is up-to-date.
Caching disabled for ClasspathEntrySnapshotTransform: /data/data/com.termux/files/home/.gradle/caches/transforms-3/6f056e7b8c13dd00dd5f13be0f97739d/transformed/sqlite-2.2.0-api.jar because:
  Build cache is disabled
Skipping ClasspathEntrySnapshotTransform: /data/data/com.termux/files/home/.gradle/caches/transforms-3/6f056e7b8c13dd00dd5f13be0f97739d/transformed/sqlite-2.2.0-api.jar as it is up-to-date.
Caching disabled for ClasspathEntrySnapshotTransform: /data/data/com.termux/files/home/.gradle/caches/transforms-3/06cf802e10af093a0c77b9509273046e/transformed/versionedparcelable-1.1.1-api.jar because:
  Build cache is disabled
Skipping ClasspathEntrySnapshotTransform: /data/data/com.termux/files/home/.gradle/caches/transforms-3/06cf802e10af093a0c77b9509273046e/transformed/versionedparcelable-1.1.1-api.jar as it is up-to-date.
Caching disabled for ClasspathEntrySnapshotTransform: /data/data/com.termux/files/home/.gradle/caches/transforms-3/3d095a6dc3f4b530305556cd985a6d28/transformed/jetified-collection-ktx-1.1.0.jar because:
  Build cache is disabled
Skipping ClasspathEntrySnapshotTransform: /data/data/com.termux/files/home/.gradle/caches/transforms-3/3d095a6dc3f4b530305556cd985a6d28/transformed/jetified-collection-ktx-1.1.0.jar as it is up-to-date.
Caching disabled for ClasspathEntrySnapshotTransform: /data/data/com.termux/files/home/.gradle/caches/modules-2/files-2.1/androidx.collection/collection/1.1.0/1f27220b47669781457de0d600849a5de0e89909/collection-1.1.0.jar because:
  Build cache is disabled
Skipping ClasspathEntrySnapshotTransform: /data/data/com.termux/files/home/.gradle/caches/modules-2/files-2.1/androidx.collection/collection/1.1.0/1f27220b47669781457de0d600849a5de0e89909/collection-1.1.0.jar as it is up-to-date.
Caching disabled for ClasspathEntrySnapshotTransform: /data/data/com.termux/files/home/.gradle/caches/transforms-3/7325af36accbed38c48bb05a16c13622/transformed/core-runtime-2.2.0-api.jar because:
  Build cache is disabled
Skipping ClasspathEntrySnapshotTransform: /data/data/com.termux/files/home/.gradle/caches/transforms-3/7325af36accbed38c48bb05a16c13622/transformed/core-runtime-2.2.0-api.jar as it is up-to-date.
Caching disabled for ClasspathEntrySnapshotTransform: /data/data/com.termux/files/home/.gradle/caches/modules-2/files-2.1/androidx.arch.core/core-common/2.2.0/5e1b8b81dfd5f52c56a8d53b18ca759c19a301f3/core-common-2.2.0.jar because:
  Build cache is disabled
Skipping ClasspathEntrySnapshotTransform: /data/data/com.termux/files/home/.gradle/caches/modules-2/files-2.1/androidx.arch.core/core-common/2.2.0/5e1b8b81dfd5f52c56a8d53b18ca759c19a301f3/core-common-2.2.0.jar as it is up-to-date.
Caching disabled for ClasspathEntrySnapshotTransform: /data/data/com.termux/files/home/.gradle/caches/transforms-3/be0166ee5d9613c9af52417a409509b6/transformed/interpolator-1.0.0-api.jar because:
  Build cache is disabled
Skipping ClasspathEntrySnapshotTransform: /data/data/com.termux/files/home/.gradle/caches/transforms-3/be0166ee5d9613c9af52417a409509b6/transformed/interpolator-1.0.0-api.jar as it is up-to-date.
Caching disabled for ClasspathEntrySnapshotTransform: /data/data/com.termux/files/home/.gradle/caches/transforms-3/c50c81957540e24932cc3bea6f392170/transformed/documentfile-1.0.0-api.jar because:
  Build cache is disabled
Skipping ClasspathEntrySnapshotTransform: /data/data/com.termux/files/home/.gradle/caches/transforms-3/c50c81957540e24932cc3bea6f392170/transformed/documentfile-1.0.0-api.jar as it is up-to-date.
Caching disabled for ClasspathEntrySnapshotTransform: /data/data/com.termux/files/home/.gradle/caches/transforms-3/d14e3c6f70d8b3b5689a40e9d00c91b3/transformed/localbroadcastmanager-1.0.0-api.jar because:
  Build cache is disabled
Skipping ClasspathEntrySnapshotTransform: /data/data/com.termux/files/home/.gradle/caches/transforms-3/d14e3c6f70d8b3b5689a40e9d00c91b3/transformed/localbroadcastmanager-1.0.0-api.jar as it is up-to-date.
Caching disabled for ClasspathEntrySnapshotTransform: /data/data/com.termux/files/home/.gradle/caches/transforms-3/2ab1920f158bca10096bbf21c6c750cc/transformed/print-1.0.0-api.jar because:
  Build cache is disabled
Skipping ClasspathEntrySnapshotTransform: /data/data/com.termux/files/home/.gradle/caches/transforms-3/2ab1920f158bca10096bbf21c6c750cc/transformed/print-1.0.0-api.jar as it is up-to-date.
Caching disabled for ClasspathEntrySnapshotTransform: /data/data/com.termux/files/home/.gradle/caches/transforms-3/69b3f7e31de3c5aeddf38ea0e77134f1/transformed/jetified-annotation-jvm-1.6.0.jar because:
  Build cache is disabled
Skipping ClasspathEntrySnapshotTransform: /data/data/com.termux/files/home/.gradle/caches/transforms-3/69b3f7e31de3c5aeddf38ea0e77134f1/transformed/jetified-annotation-jvm-1.6.0.jar as it is up-to-date.
Caching disabled for ClasspathEntrySnapshotTransform: /data/data/com.termux/files/home/.gradle/caches/transforms-3/42dc1ec11cfbaf55007632a2a0bab391/transformed/jetified-kotlin-stdlib-1.8.22.jar because:
  Build cache is disabled
Skipping ClasspathEntrySnapshotTransform: /data/data/com.termux/files/home/.gradle/caches/transforms-3/42dc1ec11cfbaf55007632a2a0bab391/transformed/jetified-kotlin-stdlib-1.8.22.jar as it is up-to-date.
Caching disabled for ClasspathEntrySnapshotTransform: /data/data/com.termux/files/home/.gradle/caches/transforms-3/3758319b1d5a0829129d96fcd133dc41/transformed/jetified-kotlin-stdlib-common-1.8.22.jar because:
  Build cache is disabled
Skipping ClasspathEntrySnapshotTransform: /data/data/com.termux/files/home/.gradle/caches/transforms-3/3758319b1d5a0829129d96fcd133dc41/transformed/jetified-kotlin-stdlib-common-1.8.22.jar as it is up-to-date.
Caching disabled for ClasspathEntrySnapshotTransform: /data/data/com.termux/files/home/.gradle/caches/transforms-3/e14f131a4e6576222ab9f53b236c7d39/transformed/jetified-annotations-13.0.jar because:
  Build cache is disabled
Skipping ClasspathEntrySnapshotTransform: /data/data/com.termux/files/home/.gradle/caches/transforms-3/e14f131a4e6576222ab9f53b236c7d39/transformed/jetified-annotations-13.0.jar as it is up-to-date.
Caching disabled for ClasspathEntrySnapshotTransform: /data/data/com.termux/files/home/.gradle/caches/transforms-3/dacad108e2b1fdda3e5a98939ef0be74/transformed/jetified-resourceinspection-annotation-1.0.1.jar because:
  Build cache is disabled
Skipping ClasspathEntrySnapshotTransform: /data/data/com.termux/files/home/.gradle/caches/transforms-3/dacad108e2b1fdda3e5a98939ef0be74/transformed/jetified-resourceinspection-annotation-1.0.1.jar as it is up-to-date.
Caching disabled for ClasspathEntrySnapshotTransform: /data/data/com.termux/files/home/.gradle/caches/transforms-3/db9184daef38ac188de8447a79b80a84/transformed/constraintlayout-2.1.4-api.jar because:
  Build cache is disabled
Skipping ClasspathEntrySnapshotTransform: /data/data/com.termux/files/home/.gradle/caches/transforms-3/db9184daef38ac188de8447a79b80a84/transformed/constraintlayout-2.1.4-api.jar as it is up-to-date.
Caching disabled for ClasspathEntrySnapshotTransform: /data/data/com.termux/files/home/.gradle/caches/transforms-3/3a295c6c983faea8adb39efe9fb14e5d/transformed/jetified-sqlite-jdbc-3.42.0.0.jar because:
  Build cache is disabled
Skipping ClasspathEntrySnapshotTransform: /data/data/com.termux/files/home/.gradle/caches/transforms-3/3a295c6c983faea8adb39efe9fb14e5d/transformed/jetified-sqlite-jdbc-3.42.0.0.jar as it is up-to-date.
Caching disabled for ClasspathEntrySnapshotTransform: /data/data/com.termux/files/home/AdaptiveIsland/sdk/platforms/android-33/android.jar because:
  Build cache is disabled
Skipping ClasspathEntrySnapshotTransform: /data/data/com.termux/files/home/AdaptiveIsland/sdk/platforms/android-33/android.jar as it is up-to-date.
Caching disabled for ClasspathEntrySnapshotTransform: /data/data/com.termux/files/home/AdaptiveIsland/sdk/build-tools/30.0.3/core-lambda-stubs.jar because:
  Build cache is disabled
Skipping ClasspathEntrySnapshotTransform: /data/data/com.termux/files/home/AdaptiveIsland/sdk/build-tools/30.0.3/core-lambda-stubs.jar as it is up-to-date.
Caching disabled for ClasspathEntrySnapshotTransform: /data/data/com.termux/files/home/AdaptiveIsland/app/build/intermediates/compile_and_runtime_not_namespaced_r_class_jar/debug/R.jar because:
  Build cache is disabled
Skipping ClasspathEntrySnapshotTransform: /data/data/com.termux/files/home/AdaptiveIsland/app/build/intermediates/compile_and_runtime_not_namespaced_r_class_jar/debug/R.jar as it is up-to-date.
Caching disabled for ClasspathEntrySnapshotTransform: /data/data/com.termux/files/home/.gradle/caches/transforms-3/b12accbab01b2c3dc930c41743b63c3c/transformed/fragment-1.5.4-api.jar because:
  Build cache is disabled
Skipping ClasspathEntrySnapshotTransform: /data/data/com.termux/files/home/.gradle/caches/transforms-3/b12accbab01b2c3dc930c41743b63c3c/transformed/fragment-1.5.4-api.jar as it is up-to-date.
Caching disabled for ClasspathEntrySnapshotTransform: /data/data/com.termux/files/home/.gradle/caches/transforms-3/7e6285364d269666c8090ec9b305886e/transformed/navigation-ui-ktx-2.5.3-api.jar because:
  Build cache is disabled
Skipping ClasspathEntrySnapshotTransform: /data/data/com.termux/files/home/.gradle/caches/transforms-3/7e6285364d269666c8090ec9b305886e/transformed/navigation-ui-ktx-2.5.3-api.jar as it is up-to-date.
Caching disabled for ClasspathEntrySnapshotTransform: /data/data/com.termux/files/home/.gradle/caches/transforms-3/4c1a56a81aa8b6cb185dbbd567bbbbce/transformed/jetified-fragment-ktx-1.5.4-api.jar because:
  Build cache is disabled
Skipping ClasspathEntrySnapshotTransform: /data/data/com.termux/files/home/.gradle/caches/transforms-3/4c1a56a81aa8b6cb185dbbd567bbbbce/transformed/jetified-fragment-ktx-1.5.4-api.jar as it is up-to-date.
Caching disabled for ClasspathEntrySnapshotTransform: /data/data/com.termux/files/home/.gradle/caches/transforms-3/31a53c68de5781aac80deed113340179/transformed/navigation-ui-2.5.3-api.jar because:
  Build cache is disabled
Skipping ClasspathEntrySnapshotTransform: /data/data/com.termux/files/home/.gradle/caches/transforms-3/31a53c68de5781aac80deed113340179/transformed/navigation-ui-2.5.3-api.jar as it is up-to-date.
Caching disabled for ClasspathEntrySnapshotTransform: /data/data/com.termux/files/home/.gradle/caches/transforms-3/102d036e193f86e7f7232419c25ed8b9/transformed/navigation-fragment-2.5.3-api.jar because:
  Build cache is disabled
Skipping ClasspathEntrySnapshotTransform: /data/data/com.termux/files/home/.gradle/caches/transforms-3/102d036e193f86e7f7232419c25ed8b9/transformed/navigation-fragment-2.5.3-api.jar as it is up-to-date.
Caching disabled for ClasspathEntrySnapshotTransform: /data/data/com.termux/files/home/.gradle/caches/transforms-3/936077b36b8e34714caf60d391483e23/transformed/material-1.10.0-api.jar because:
  Build cache is disabled
Skipping ClasspathEntrySnapshotTransform: /data/data/com.termux/files/home/.gradle/caches/transforms-3/936077b36b8e34714caf60d391483e23/transformed/material-1.10.0-api.jar as it is up-to-date.
Caching disabled for ClasspathEntrySnapshotTransform: /data/data/com.termux/files/home/.gradle/caches/transforms-3/05aab88745a90745c1f4aa1f2e9a43c9/transformed/navigation-fragment-ktx-2.5.3-api.jar because:
  Build cache is disabled
Skipping ClasspathEntrySnapshotTransform: /data/data/com.termux/files/home/.gradle/caches/transforms-3/05aab88745a90745c1f4aa1f2e9a43c9/transformed/navigation-fragment-ktx-2.5.3-api.jar as it is up-to-date.
Caching disabled for ClasspathEntrySnapshotTransform: /data/data/com.termux/files/home/.gradle/caches/transforms-3/69796c9dadd1f3423ec1ad499f67f33e/transformed/jetified-viewpager2-1.0.0-api.jar because:
  Build cache is disabled
Skipping ClasspathEntrySnapshotTransform: /data/data/com.termux/files/home/.gradle/caches/transforms-3/69796c9dadd1f3423ec1ad499f67f33e/transformed/jetified-viewpager2-1.0.0-api.jar as it is up-to-date.
Caching disabled for ClasspathEntrySnapshotTransform: /data/data/com.termux/files/home/.gradle/caches/transforms-3/8ca8cb7792615c4c5101927ad705a956/transformed/appcompat-1.6.1-api.jar because:
  Build cache is disabled
Skipping ClasspathEntrySnapshotTransform: /data/data/com.termux/files/home/.gradle/caches/transforms-3/8ca8cb7792615c4c5101927ad705a956/transformed/appcompat-1.6.1-api.jar as it is up-to-date.
file or directory '/data/data/com.termux/files/home/AdaptiveIsland/app/src/debug/kotlin', not found
file or directory '/data/data/com.termux/files/home/AdaptiveIsland/app/src/debug/kotlin', not found
file or directory '/data/data/com.termux/files/home/AdaptiveIsland/app/src/debug/java', not found
file or directory '/data/data/com.termux/files/home/AdaptiveIsland/app/src/debug/kotlin', not found
file or directory '/data/data/com.termux/files/home/AdaptiveIsland/app/src/debug/java', not found
file or directory '/data/data/com.termux/files/home/AdaptiveIsland/app/src/main/kotlin', not found
file or directory '/data/data/com.termux/files/home/AdaptiveIsland/app/src/main/kotlin', not found
file or directory '/data/data/com.termux/files/home/AdaptiveIsland/app/src/main/kotlin', not found
Caching disabled for task ':app:kspDebugKotlin' because:
  Build cache is disabled
Skipping task ':app:kspDebugKotlin' as it is up-to-date.

> Task :app:kspDebugKotlin UP-TO-DATE
:app:kspDebugKotlin (Thread[included builds,5,main]) completed. Took 2.245 secs.
Resolve mutations for :app:kaptGenerateStubsDebugKotlin (Thread[included builds,5,main]) started.
Resolve mutations for :app:kaptGenerateStubsDebugKotlin (Thread[included builds,5,main]) completed. Took 0.002 secs.
:app:kaptGenerateStubsDebugKotlin (Thread[included builds,5,main]) started.

> Task :app:kaptGenerateStubsDebugKotlin UP-TO-DATE
Transforming R.jar with ClasspathEntrySnapshotTransform
Transforming navigation-ui-ktx-2.5.3-api.jar with ClasspathEntrySnapshotTransform
Transforming navigation-ui-2.5.3-api.jar with ClasspathEntrySnapshotTransform
Transforming material-1.10.0-api.jar with ClasspathEntrySnapshotTransform
Transforming appcompat-1.6.1-api.jar with ClasspathEntrySnapshotTransform
Transforming jetified-viewpager2-1.0.0-api.jar with ClasspathEntrySnapshotTransform
Transforming navigation-fragment-ktx-2.5.3-api.jar with ClasspathEntrySnapshotTransform
Transforming navigation-fragment-2.5.3-api.jar with ClasspathEntrySnapshotTransform
Transforming jetified-fragment-ktx-1.5.4-api.jar with ClasspathEntrySnapshotTransform
Transforming fragment-1.5.4-api.jar with ClasspathEntrySnapshotTransform
Transforming navigation-runtime-ktx-2.5.3-api.jar with ClasspathEntrySnapshotTransform
Transforming navigation-runtime-2.5.3-api.jar with ClasspathEntrySnapshotTransform
Transforming jetified-activity-ktx-1.8.0-api.jar with ClasspathEntrySnapshotTransform
Transforming jetified-activity-1.8.0-api.jar with ClasspathEntrySnapshotTransform
Transforming lifecycle-common-2.6.2.jar with ClasspathEntrySnapshotTransform
Transforming lifecycle-livedata-core-2.6.2-api.jar with ClasspathEntrySnapshotTransform
Transforming jetified-lifecycle-livedata-core-ktx-2.6.2-api.jar with ClasspathEntrySnapshotTransform
Transforming dynamicanimation-1.0.0-api.jar with ClasspathEntrySnapshotTransform
Transforming legacy-support-core-utils-1.0.0-api.jar with ClasspathEntrySnapshotTransform
Transforming loader-1.0.0-api.jar with ClasspathEntrySnapshotTransform
Transforming lifecycle-livedata-2.6.2-api.jar with ClasspathEntrySnapshotTransform
Transforming lifecycle-viewmodel-2.6.2-api.jar with ClasspathEntrySnapshotTransform
Transforming navigation-common-ktx-2.5.3-api.jar with ClasspathEntrySnapshotTransform
Transforming navigation-common-2.5.3-api.jar with ClasspathEntrySnapshotTransform
Transforming jetified-lifecycle-viewmodel-savedstate-2.6.2-api.jar with ClasspathEntrySnapshotTransform
Transforming jetified-core-ktx-1.10.1-api.jar with ClasspathEntrySnapshotTransform
Transforming jetified-appcompat-resources-1.6.1-api.jar with ClasspathEntrySnapshotTransform
Transforming drawerlayout-1.1.1-api.jar with ClasspathEntrySnapshotTransform
Transforming coordinatorlayout-1.1.0-api.jar with ClasspathEntrySnapshotTransform
Transforming recyclerview-1.1.0-api.jar with ClasspathEntrySnapshotTransform
Transforming transition-1.4.1-api.jar with ClasspathEntrySnapshotTransform
Transforming vectordrawable-animated-1.1.0-api.jar with ClasspathEntrySnapshotTransform
Transforming vectordrawable-1.1.0-api.jar with ClasspathEntrySnapshotTransform
Transforming viewpager-1.0.0-api.jar with ClasspathEntrySnapshotTransform
Transforming slidingpanelayout-1.2.0-api.jar with ClasspathEntrySnapshotTransform
Transforming customview-1.1.0-api.jar with ClasspathEntrySnapshotTransform
Transforming core-1.10.1-api.jar with ClasspathEntrySnapshotTransform
Transforming lifecycle-runtime-2.6.2-api.jar with ClasspathEntrySnapshotTransform
Transforming jetified-lifecycle-runtime-ktx-2.6.2-api.jar with ClasspathEntrySnapshotTransform
Transforming jetified-lifecycle-livedata-ktx-2.6.2-api.jar with ClasspathEntrySnapshotTransform
Transforming jetified-lifecycle-viewmodel-ktx-2.6.2-api.jar with ClasspathEntrySnapshotTransform
Transforming jetified-room-ktx-2.4.3-api.jar with ClasspathEntrySnapshotTransform
Transforming jetified-datastore-preferences-1.0.0-api.jar with ClasspathEntrySnapshotTransform
Transforming jetified-datastore-1.0.0-api.jar with ClasspathEntrySnapshotTransform
Transforming jetified-datastore-preferences-core-1.0.0.jar with ClasspathEntrySnapshotTransform
Transforming jetified-datastore-core-1.0.0.jar with ClasspathEntrySnapshotTransform
Transforming jetified-kotlinx-coroutines-core-jvm-1.6.4.jar with ClasspathEntrySnapshotTransform
Transforming jetified-kotlinx-coroutines-android-1.6.4.jar with ClasspathEntrySnapshotTransform
Transforming jetified-kotlin-stdlib-jdk8-1.8.22.jar with ClasspathEntrySnapshotTransform
Transforming jetified-kotlin-stdlib-jdk7-1.8.22.jar with ClasspathEntrySnapshotTransform
Transforming jetified-savedstate-ktx-1.2.1-api.jar with ClasspathEntrySnapshotTransform
Transforming jetified-savedstate-1.2.1-api.jar with ClasspathEntrySnapshotTransform
Transforming jetified-annotation-experimental-1.3.0-api.jar with ClasspathEntrySnapshotTransform
Transforming cursoradapter-1.0.0-api.jar with ClasspathEntrySnapshotTransform
Transforming cardview-1.0.0-api.jar with ClasspathEntrySnapshotTransform
Transforming room-runtime-2.4.3-api.jar with ClasspathEntrySnapshotTransform
Transforming room-common-2.4.3.jar with ClasspathEntrySnapshotTransform
Transforming sqlite-framework-2.2.0-api.jar with ClasspathEntrySnapshotTransform
Transforming sqlite-2.2.0-api.jar with ClasspathEntrySnapshotTransform
Transforming versionedparcelable-1.1.1-api.jar with ClasspathEntrySnapshotTransform
Transforming jetified-collection-ktx-1.1.0.jar with ClasspathEntrySnapshotTransform
Transforming collection-1.1.0.jar with ClasspathEntrySnapshotTransform
Transforming core-runtime-2.2.0-api.jar with ClasspathEntrySnapshotTransform
Transforming core-common-2.2.0.jar with ClasspathEntrySnapshotTransform
Transforming interpolator-1.0.0-api.jar with ClasspathEntrySnapshotTransform
Transforming documentfile-1.0.0-api.jar with ClasspathEntrySnapshotTransform
Transforming localbroadcastmanager-1.0.0-api.jar with ClasspathEntrySnapshotTransform
Transforming print-1.0.0-api.jar with ClasspathEntrySnapshotTransform
Transforming jetified-annotation-jvm-1.6.0.jar with ClasspathEntrySnapshotTransform
Transforming jetified-kotlin-stdlib-1.8.22.jar with ClasspathEntrySnapshotTransform
Transforming jetified-kotlin-stdlib-common-1.8.22.jar with ClasspathEntrySnapshotTransform
Transforming jetified-annotations-13.0.jar with ClasspathEntrySnapshotTransform
Transforming jetified-resourceinspection-annotation-1.0.1.jar with ClasspathEntrySnapshotTransform
Transforming constraintlayout-2.1.4-api.jar with ClasspathEntrySnapshotTransform
Transforming jetified-sqlite-jdbc-3.42.0.0.jar with ClasspathEntrySnapshotTransform
Transforming android.jar with ClasspathEntrySnapshotTransform
Transforming core-lambda-stubs.jar with ClasspathEntrySnapshotTransform
Caching disabled for task ':app:kaptGenerateStubsDebugKotlin' because:
  Build cache is disabled
Skipping task ':app:kaptGenerateStubsDebugKotlin' as it is up-to-date.
:app:kaptGenerateStubsDebugKotlin (Thread[included builds,5,main]) completed. Took 0.419 secs.
Resolve mutations for :app:kaptDebugKotlin (Thread[included builds,5,main]) started.
Resolve mutations for :app:kaptDebugKotlin (Thread[included builds,5,main]) completed. Took 0.002 secs.
:app:kaptDebugKotlin (Thread[included builds,5,main]) started.

> Task :app:kaptDebugKotlin UP-TO-DATE
Transforming R.jar with StructureTransformAction
Transforming navigation-ui-ktx-2.5.3-api.jar with StructureTransformAction
Transforming navigation-ui-2.5.3-api.jar with StructureTransformAction
Transforming material-1.10.0-api.jar with StructureTransformAction
Transforming appcompat-1.6.1-api.jar with StructureTransformAction
Transforming jetified-viewpager2-1.0.0-api.jar with StructureTransformAction
Transforming navigation-fragment-ktx-2.5.3-api.jar with StructureTransformAction
Transforming navigation-fragment-2.5.3-api.jar with StructureTransformAction
Transforming jetified-fragment-ktx-1.5.4-api.jar with StructureTransformAction
Transforming fragment-1.5.4-api.jar with StructureTransformAction
Transforming navigation-runtime-ktx-2.5.3-api.jar with StructureTransformAction
Transforming navigation-runtime-2.5.3-api.jar with StructureTransformAction
Transforming jetified-activity-ktx-1.8.0-api.jar with StructureTransformAction
Transforming jetified-activity-1.8.0-api.jar with StructureTransformAction
Transforming lifecycle-common-2.6.2.jar with StructureTransformAction
Transforming lifecycle-livedata-core-2.6.2-api.jar with StructureTransformAction
Transforming jetified-lifecycle-livedata-core-ktx-2.6.2-api.jar with StructureTransformAction
Transforming dynamicanimation-1.0.0-api.jar with StructureTransformAction
Transforming legacy-support-core-utils-1.0.0-api.jar with StructureTransformAction
Transforming loader-1.0.0-api.jar with StructureTransformAction
Transforming lifecycle-livedata-2.6.2-api.jar with StructureTransformAction
Transforming lifecycle-viewmodel-2.6.2-api.jar with StructureTransformAction
Transforming navigation-common-ktx-2.5.3-api.jar with StructureTransformAction
Transforming navigation-common-2.5.3-api.jar with StructureTransformAction
Transforming jetified-lifecycle-viewmodel-savedstate-2.6.2-api.jar with StructureTransformAction
Transforming jetified-core-ktx-1.10.1-api.jar with StructureTransformAction
Transforming jetified-appcompat-resources-1.6.1-api.jar with StructureTransformAction
Transforming drawerlayout-1.1.1-api.jar with StructureTransformAction
Transforming coordinatorlayout-1.1.0-api.jar with StructureTransformAction
Transforming recyclerview-1.1.0-api.jar with StructureTransformAction
Transforming transition-1.4.1-api.jar with StructureTransformAction
Transforming vectordrawable-animated-1.1.0-api.jar with StructureTransformAction
Transforming vectordrawable-1.1.0-api.jar with StructureTransformAction
Transforming viewpager-1.0.0-api.jar with StructureTransformAction
Transforming slidingpanelayout-1.2.0-api.jar with StructureTransformAction
Transforming customview-1.1.0-api.jar with StructureTransformAction
Transforming core-1.10.1-api.jar with StructureTransformAction
Transforming lifecycle-runtime-2.6.2-api.jar with StructureTransformAction
Transforming jetified-lifecycle-runtime-ktx-2.6.2-api.jar with StructureTransformAction
Transforming jetified-lifecycle-livedata-ktx-2.6.2-api.jar with StructureTransformAction
Transforming jetified-lifecycle-viewmodel-ktx-2.6.2-api.jar with StructureTransformAction
Transforming jetified-room-ktx-2.4.3-api.jar with StructureTransformAction
Transforming jetified-datastore-preferences-1.0.0-api.jar with StructureTransformAction
Transforming jetified-datastore-1.0.0-api.jar with StructureTransformAction
Transforming jetified-datastore-preferences-core-1.0.0.jar with StructureTransformAction
Transforming jetified-datastore-core-1.0.0.jar with StructureTransformAction
Transforming jetified-kotlinx-coroutines-core-jvm-1.6.4.jar with StructureTransformAction
Transforming jetified-kotlinx-coroutines-android-1.6.4.jar with StructureTransformAction
Transforming jetified-kotlin-stdlib-jdk8-1.8.22.jar with StructureTransformAction
Transforming jetified-kotlin-stdlib-jdk7-1.8.22.jar with StructureTransformAction
Transforming jetified-savedstate-ktx-1.2.1-api.jar with StructureTransformAction
Transforming jetified-savedstate-1.2.1-api.jar with StructureTransformAction
Transforming jetified-annotation-experimental-1.3.0-api.jar with StructureTransformAction
Transforming cursoradapter-1.0.0-api.jar with StructureTransformAction
Transforming cardview-1.0.0-api.jar with StructureTransformAction
Transforming room-runtime-2.4.3-api.jar with StructureTransformAction
Transforming room-common-2.4.3.jar with StructureTransformAction
Transforming sqlite-framework-2.2.0-api.jar with StructureTransformAction
Transforming sqlite-2.2.0-api.jar with StructureTransformAction
Transforming versionedparcelable-1.1.1-api.jar with StructureTransformAction
Transforming jetified-collection-ktx-1.1.0.jar with StructureTransformAction
Transforming collection-1.1.0.jar with StructureTransformAction
Transforming core-runtime-2.2.0-api.jar with StructureTransformAction
Transforming core-common-2.2.0.jar with StructureTransformAction
Transforming interpolator-1.0.0-api.jar with StructureTransformAction
Transforming documentfile-1.0.0-api.jar with StructureTransformAction
Transforming localbroadcastmanager-1.0.0-api.jar with StructureTransformAction
Transforming print-1.0.0-api.jar with StructureTransformAction
Transforming jetified-annotation-jvm-1.6.0.jar with StructureTransformAction
Transforming jetified-kotlin-stdlib-1.8.22.jar with StructureTransformAction
Transforming jetified-kotlin-stdlib-common-1.8.22.jar with StructureTransformAction
Transforming jetified-annotations-13.0.jar with StructureTransformAction
Transforming jetified-resourceinspection-annotation-1.0.1.jar with StructureTransformAction
Transforming constraintlayout-2.1.4-api.jar with StructureTransformAction
Transforming jetified-sqlite-jdbc-3.42.0.0.jar with StructureTransformAction
Transforming android.jar with StructureTransformAction
Transforming core-lambda-stubs.jar with StructureTransformAction
Caching disabled for StructureTransformAction: /data/data/com.termux/files/home/.gradle/caches/transforms-3/a983a0047dbb9766c7d465506d36d9ed/transformed/navigation-runtime-ktx-2.5.3-api.jar because:
  Build cache is disabled
Skipping StructureTransformAction: /data/data/com.termux/files/home/.gradle/caches/transforms-3/a983a0047dbb9766c7d465506d36d9ed/transformed/navigation-runtime-ktx-2.5.3-api.jar as it is up-to-date.
Caching disabled for StructureTransformAction: /data/data/com.termux/files/home/.gradle/caches/transforms-3/18f1a6808ff4de9b7e23261e1edeac7e/transformed/navigation-runtime-2.5.3-api.jar because:
  Build cache is disabled
Skipping StructureTransformAction: /data/data/com.termux/files/home/.gradle/caches/transforms-3/18f1a6808ff4de9b7e23261e1edeac7e/transformed/navigation-runtime-2.5.3-api.jar as it is up-to-date.
Caching disabled for StructureTransformAction: /data/data/com.termux/files/home/.gradle/caches/transforms-3/e00fa724c12c548c15a495a211f0ed15/transformed/jetified-activity-ktx-1.8.0-api.jar because:
  Build cache is disabled
Skipping StructureTransformAction: /data/data/com.termux/files/home/.gradle/caches/transforms-3/e00fa724c12c548c15a495a211f0ed15/transformed/jetified-activity-ktx-1.8.0-api.jar as it is up-to-date.
Caching disabled for StructureTransformAction: /data/data/com.termux/files/home/.gradle/caches/transforms-3/1508afae60e639563a32836dc2776888/transformed/jetified-activity-1.8.0-api.jar because:
  Build cache is disabled
Skipping StructureTransformAction: /data/data/com.termux/files/home/.gradle/caches/transforms-3/1508afae60e639563a32836dc2776888/transformed/jetified-activity-1.8.0-api.jar as it is up-to-date.
Caching disabled for StructureTransformAction: /data/data/com.termux/files/home/.gradle/caches/modules-2/files-2.1/androidx.lifecycle/lifecycle-common/2.6.2/10f354fdb64868baecd67128560c5a0d6312c495/lifecycle-common-2.6.2.jar because:
  Build cache is disabled
Skipping StructureTransformAction: /data/data/com.termux/files/home/.gradle/caches/modules-2/files-2.1/androidx.lifecycle/lifecycle-common/2.6.2/10f354fdb64868baecd67128560c5a0d6312c495/lifecycle-common-2.6.2.jar as it is up-to-date.
Caching disabled for StructureTransformAction: /data/data/com.termux/files/home/.gradle/caches/transforms-3/126d538e8e1ed78da7c3cd7bddd62d4c/transformed/lifecycle-livedata-core-2.6.2-api.jar because:
  Build cache is disabled
Skipping StructureTransformAction: /data/data/com.termux/files/home/.gradle/caches/transforms-3/126d538e8e1ed78da7c3cd7bddd62d4c/transformed/lifecycle-livedata-core-2.6.2-api.jar as it is up-to-date.
Caching disabled for StructureTransformAction: /data/data/com.termux/files/home/.gradle/caches/transforms-3/c64aeb152f7b3b75a587303f458d0ea6/transformed/jetified-lifecycle-livedata-core-ktx-2.6.2-api.jar because:
  Build cache is disabled
Skipping StructureTransformAction: /data/data/com.termux/files/home/.gradle/caches/transforms-3/c64aeb152f7b3b75a587303f458d0ea6/transformed/jetified-lifecycle-livedata-core-ktx-2.6.2-api.jar as it is up-to-date.
Caching disabled for StructureTransformAction: /data/data/com.termux/files/home/.gradle/caches/transforms-3/4c37e163b7a4a7f5479a86483de3f2fa/transformed/dynamicanimation-1.0.0-api.jar because:
  Build cache is disabled
Skipping StructureTransformAction: /data/data/com.termux/files/home/.gradle/caches/transforms-3/4c37e163b7a4a7f5479a86483de3f2fa/transformed/dynamicanimation-1.0.0-api.jar as it is up-to-date.
Caching disabled for StructureTransformAction: /data/data/com.termux/files/home/.gradle/caches/transforms-3/450c7956f279317a2ed2fac71b4e820e/transformed/legacy-support-core-utils-1.0.0-api.jar because:
  Build cache is disabled
Skipping StructureTransformAction: /data/data/com.termux/files/home/.gradle/caches/transforms-3/450c7956f279317a2ed2fac71b4e820e/transformed/legacy-support-core-utils-1.0.0-api.jar as it is up-to-date.
Caching disabled for StructureTransformAction: /data/data/com.termux/files/home/.gradle/caches/transforms-3/36bfe89661d8527058c7b77797dd8441/transformed/loader-1.0.0-api.jar because:
  Build cache is disabled
Skipping StructureTransformAction: /data/data/com.termux/files/home/.gradle/caches/transforms-3/36bfe89661d8527058c7b77797dd8441/transformed/loader-1.0.0-api.jar as it is up-to-date.
Caching disabled for StructureTransformAction: /data/data/com.termux/files/home/.gradle/caches/transforms-3/9c574dc9405d40d0cb38ead05a9d9678/transformed/lifecycle-livedata-2.6.2-api.jar because:
  Build cache is disabled
Skipping StructureTransformAction: /data/data/com.termux/files/home/.gradle/caches/transforms-3/9c574dc9405d40d0cb38ead05a9d9678/transformed/lifecycle-livedata-2.6.2-api.jar as it is up-to-date.
Caching disabled for StructureTransformAction: /data/data/com.termux/files/home/.gradle/caches/transforms-3/e7bdef360192f952293ed355cd9709f9/transformed/lifecycle-viewmodel-2.6.2-api.jar because:
  Build cache is disabled
Skipping StructureTransformAction: /data/data/com.termux/files/home/.gradle/caches/transforms-3/e7bdef360192f952293ed355cd9709f9/transformed/lifecycle-viewmodel-2.6.2-api.jar as it is up-to-date.
Caching disabled for StructureTransformAction: /data/data/com.termux/files/home/.gradle/caches/transforms-3/e4ac00957d2cb6455a0b39509627fc27/transformed/navigation-common-ktx-2.5.3-api.jar because:
  Build cache is disabled
Skipping StructureTransformAction: /data/data/com.termux/files/home/.gradle/caches/transforms-3/e4ac00957d2cb6455a0b39509627fc27/transformed/navigation-common-ktx-2.5.3-api.jar as it is up-to-date.
Caching disabled for StructureTransformAction: /data/data/com.termux/files/home/.gradle/caches/transforms-3/eba7450d376f2dea853cd37ae854fd79/transformed/navigation-common-2.5.3-api.jar because:
  Build cache is disabled
Skipping StructureTransformAction: /data/data/com.termux/files/home/.gradle/caches/transforms-3/eba7450d376f2dea853cd37ae854fd79/transformed/navigation-common-2.5.3-api.jar as it is up-to-date.
Caching disabled for StructureTransformAction: /data/data/com.termux/files/home/.gradle/caches/transforms-3/b4361ed51495cfdd57617dbf73814f27/transformed/jetified-lifecycle-viewmodel-savedstate-2.6.2-api.jar because:
  Build cache is disabled
Skipping StructureTransformAction: /data/data/com.termux/files/home/.gradle/caches/transforms-3/b4361ed51495cfdd57617dbf73814f27/transformed/jetified-lifecycle-viewmodel-savedstate-2.6.2-api.jar as it is up-to-date.
Caching disabled for StructureTransformAction: /data/data/com.termux/files/home/.gradle/caches/transforms-3/722d192c6da0dd9df8836958374b77b9/transformed/jetified-core-ktx-1.10.1-api.jar because:
  Build cache is disabled
Skipping StructureTransformAction: /data/data/com.termux/files/home/.gradle/caches/transforms-3/722d192c6da0dd9df8836958374b77b9/transformed/jetified-core-ktx-1.10.1-api.jar as it is up-to-date.
Caching disabled for StructureTransformAction: /data/data/com.termux/files/home/.gradle/caches/transforms-3/fb78518237966a45c24ba91b886a9fec/transformed/jetified-appcompat-resources-1.6.1-api.jar because:
  Build cache is disabled
Skipping StructureTransformAction: /data/data/com.termux/files/home/.gradle/caches/transforms-3/fb78518237966a45c24ba91b886a9fec/transformed/jetified-appcompat-resources-1.6.1-api.jar as it is up-to-date.
Caching disabled for StructureTransformAction: /data/data/com.termux/files/home/.gradle/caches/transforms-3/80e131dbbf3a0aa13a07b3e3be076472/transformed/drawerlayout-1.1.1-api.jar because:
  Build cache is disabled
Skipping StructureTransformAction: /data/data/com.termux/files/home/.gradle/caches/transforms-3/80e131dbbf3a0aa13a07b3e3be076472/transformed/drawerlayout-1.1.1-api.jar as it is up-to-date.
Caching disabled for StructureTransformAction: /data/data/com.termux/files/home/.gradle/caches/transforms-3/3d062ce0486df6608c8dbdbb0f4ffbe4/transformed/coordinatorlayout-1.1.0-api.jar because:
  Build cache is disabled
Skipping StructureTransformAction: /data/data/com.termux/files/home/.gradle/caches/transforms-3/3d062ce0486df6608c8dbdbb0f4ffbe4/transformed/coordinatorlayout-1.1.0-api.jar as it is up-to-date.
Caching disabled for StructureTransformAction: /data/data/com.termux/files/home/.gradle/caches/transforms-3/3f65e5372d7afd297091bbf4426b7092/transformed/recyclerview-1.1.0-api.jar because:
  Build cache is disabled
Skipping StructureTransformAction: /data/data/com.termux/files/home/.gradle/caches/transforms-3/3f65e5372d7afd297091bbf4426b7092/transformed/recyclerview-1.1.0-api.jar as it is up-to-date.
Caching disabled for StructureTransformAction: /data/data/com.termux/files/home/.gradle/caches/transforms-3/4e78e663460ee1dbec29b647516367ad/transformed/transition-1.4.1-api.jar because:
  Build cache is disabled
Skipping StructureTransformAction: /data/data/com.termux/files/home/.gradle/caches/transforms-3/4e78e663460ee1dbec29b647516367ad/transformed/transition-1.4.1-api.jar as it is up-to-date.
Caching disabled for StructureTransformAction: /data/data/com.termux/files/home/.gradle/caches/transforms-3/628931b8f65809e142d7b9bdec06063a/transformed/vectordrawable-animated-1.1.0-api.jar because:
  Build cache is disabled
Skipping StructureTransformAction: /data/data/com.termux/files/home/.gradle/caches/transforms-3/628931b8f65809e142d7b9bdec06063a/transformed/vectordrawable-animated-1.1.0-api.jar as it is up-to-date.
Caching disabled for StructureTransformAction: /data/data/com.termux/files/home/.gradle/caches/transforms-3/cb27464fa5e8af4bf7f7d5e60189ba78/transformed/vectordrawable-1.1.0-api.jar because:
  Build cache is disabled
Skipping StructureTransformAction: /data/data/com.termux/files/home/.gradle/caches/transforms-3/cb27464fa5e8af4bf7f7d5e60189ba78/transformed/vectordrawable-1.1.0-api.jar as it is up-to-date.
Caching disabled for StructureTransformAction: /data/data/com.termux/files/home/.gradle/caches/transforms-3/85eeebf14c67d0e3272e9d1bde2cd61f/transformed/viewpager-1.0.0-api.jar because:
  Build cache is disabled
Skipping StructureTransformAction: /data/data/com.termux/files/home/.gradle/caches/transforms-3/85eeebf14c67d0e3272e9d1bde2cd61f/transformed/viewpager-1.0.0-api.jar as it is up-to-date.
Caching disabled for StructureTransformAction: /data/data/com.termux/files/home/.gradle/caches/transforms-3/f3b3e2a94b663521e6f40b64c89b6482/transformed/slidingpanelayout-1.2.0-api.jar because:
  Build cache is disabled
Skipping StructureTransformAction: /data/data/com.termux/files/home/.gradle/caches/transforms-3/f3b3e2a94b663521e6f40b64c89b6482/transformed/slidingpanelayout-1.2.0-api.jar as it is up-to-date.
Caching disabled for StructureTransformAction: /data/data/com.termux/files/home/.gradle/caches/transforms-3/177705d93fe0041becd2340158f84647/transformed/customview-1.1.0-api.jar because:
  Build cache is disabled
Skipping StructureTransformAction: /data/data/com.termux/files/home/.gradle/caches/transforms-3/177705d93fe0041becd2340158f84647/transformed/customview-1.1.0-api.jar as it is up-to-date.
Caching disabled for StructureTransformAction: /data/data/com.termux/files/home/.gradle/caches/transforms-3/ee42308916c67025933d87a60fb9cf4c/transformed/core-1.10.1-api.jar because:
  Build cache is disabled
Skipping StructureTransformAction: /data/data/com.termux/files/home/.gradle/caches/transforms-3/ee42308916c67025933d87a60fb9cf4c/transformed/core-1.10.1-api.jar as it is up-to-date.
Caching disabled for StructureTransformAction: /data/data/com.termux/files/home/.gradle/caches/transforms-3/b6fe12a34a9ef6061fe2490c858b4f67/transformed/lifecycle-runtime-2.6.2-api.jar because:
  Build cache is disabled
Skipping StructureTransformAction: /data/data/com.termux/files/home/.gradle/caches/transforms-3/b6fe12a34a9ef6061fe2490c858b4f67/transformed/lifecycle-runtime-2.6.2-api.jar as it is up-to-date.
Caching disabled for StructureTransformAction: /data/data/com.termux/files/home/.gradle/caches/transforms-3/54a5d791924ec648816cd9d814189375/transformed/jetified-lifecycle-runtime-ktx-2.6.2-api.jar because:
  Build cache is disabled
Skipping StructureTransformAction: /data/data/com.termux/files/home/.gradle/caches/transforms-3/54a5d791924ec648816cd9d814189375/transformed/jetified-lifecycle-runtime-ktx-2.6.2-api.jar as it is up-to-date.
Caching disabled for StructureTransformAction: /data/data/com.termux/files/home/.gradle/caches/transforms-3/63119a7c4fe07f16e1281a63ed8048b5/transformed/jetified-lifecycle-livedata-ktx-2.6.2-api.jar because:
  Build cache is disabled
Skipping StructureTransformAction: /data/data/com.termux/files/home/.gradle/caches/transforms-3/63119a7c4fe07f16e1281a63ed8048b5/transformed/jetified-lifecycle-livedata-ktx-2.6.2-api.jar as it is up-to-date.
Caching disabled for StructureTransformAction: /data/data/com.termux/files/home/.gradle/caches/transforms-3/e4373f251c937b3f3dde46955a7893a3/transformed/jetified-lifecycle-viewmodel-ktx-2.6.2-api.jar because:
  Build cache is disabled
Skipping StructureTransformAction: /data/data/com.termux/files/home/.gradle/caches/transforms-3/e4373f251c937b3f3dde46955a7893a3/transformed/jetified-lifecycle-viewmodel-ktx-2.6.2-api.jar as it is up-to-date.
Caching disabled for StructureTransformAction: /data/data/com.termux/files/home/.gradle/caches/transforms-3/a93149fb7baf8e55b9c3ef4a7c01c5dc/transformed/jetified-room-ktx-2.4.3-api.jar because:
  Build cache is disabled
Skipping StructureTransformAction: /data/data/com.termux/files/home/.gradle/caches/transforms-3/a93149fb7baf8e55b9c3ef4a7c01c5dc/transformed/jetified-room-ktx-2.4.3-api.jar as it is up-to-date.
Caching disabled for StructureTransformAction: /data/data/com.termux/files/home/.gradle/caches/transforms-3/57bd5be704e04c0be478cee80f0b7a39/transformed/jetified-datastore-preferences-1.0.0-api.jar because:
  Build cache is disabled
Skipping StructureTransformAction: /data/data/com.termux/files/home/.gradle/caches/transforms-3/57bd5be704e04c0be478cee80f0b7a39/transformed/jetified-datastore-preferences-1.0.0-api.jar as it is up-to-date.
Caching disabled for StructureTransformAction: /data/data/com.termux/files/home/.gradle/caches/transforms-3/56d16dc73f43f2088bfb17caca510686/transformed/jetified-datastore-1.0.0-api.jar because:
  Build cache is disabled
Skipping StructureTransformAction: /data/data/com.termux/files/home/.gradle/caches/transforms-3/56d16dc73f43f2088bfb17caca510686/transformed/jetified-datastore-1.0.0-api.jar as it is up-to-date.
Caching disabled for StructureTransformAction: /data/data/com.termux/files/home/.gradle/caches/transforms-3/7dfd0f8cd19806f723708fc51c19e373/transformed/jetified-datastore-preferences-core-1.0.0.jar because:
  Build cache is disabled
Skipping StructureTransformAction: /data/data/com.termux/files/home/.gradle/caches/transforms-3/7dfd0f8cd19806f723708fc51c19e373/transformed/jetified-datastore-preferences-core-1.0.0.jar as it is up-to-date.
Caching disabled for StructureTransformAction: /data/data/com.termux/files/home/.gradle/caches/transforms-3/b8f51294f4f4ff81fab17fed6db5ba8a/transformed/jetified-datastore-core-1.0.0.jar because:
  Build cache is disabled
Skipping StructureTransformAction: /data/data/com.termux/files/home/.gradle/caches/transforms-3/b8f51294f4f4ff81fab17fed6db5ba8a/transformed/jetified-datastore-core-1.0.0.jar as it is up-to-date.
Caching disabled for StructureTransformAction: /data/data/com.termux/files/home/.gradle/caches/transforms-3/aea23d53ed51acb4b80640f8005db4e0/transformed/jetified-kotlinx-coroutines-core-jvm-1.6.4.jar because:
  Build cache is disabled
Skipping StructureTransformAction: /data/data/com.termux/files/home/.gradle/caches/transforms-3/aea23d53ed51acb4b80640f8005db4e0/transformed/jetified-kotlinx-coroutines-core-jvm-1.6.4.jar as it is up-to-date.
Caching disabled for StructureTransformAction: /data/data/com.termux/files/home/.gradle/caches/transforms-3/509bd562851386937b781492acd7896d/transformed/jetified-kotlinx-coroutines-android-1.6.4.jar because:
  Build cache is disabled
Skipping StructureTransformAction: /data/data/com.termux/files/home/.gradle/caches/transforms-3/509bd562851386937b781492acd7896d/transformed/jetified-kotlinx-coroutines-android-1.6.4.jar as it is up-to-date.
Caching disabled for StructureTransformAction: /data/data/com.termux/files/home/.gradle/caches/transforms-3/8002c48ef7be8cb55ffe187700561ed7/transformed/jetified-kotlin-stdlib-jdk8-1.8.22.jar because:
  Build cache is disabled
Skipping StructureTransformAction: /data/data/com.termux/files/home/.gradle/caches/transforms-3/8002c48ef7be8cb55ffe187700561ed7/transformed/jetified-kotlin-stdlib-jdk8-1.8.22.jar as it is up-to-date.
Caching disabled for StructureTransformAction: /data/data/com.termux/files/home/.gradle/caches/transforms-3/bfae56c6c0c603632634577a809c6c3c/transformed/jetified-kotlin-stdlib-jdk7-1.8.22.jar because:
  Build cache is disabled
Skipping StructureTransformAction: /data/data/com.termux/files/home/.gradle/caches/transforms-3/bfae56c6c0c603632634577a809c6c3c/transformed/jetified-kotlin-stdlib-jdk7-1.8.22.jar as it is up-to-date.
Caching disabled for StructureTransformAction: /data/data/com.termux/files/home/.gradle/caches/transforms-3/29aa7cb2c636dc3389d32f99dc1ce18e/transformed/jetified-savedstate-ktx-1.2.1-api.jar because:
  Build cache is disabled
Skipping StructureTransformAction: /data/data/com.termux/files/home/.gradle/caches/transforms-3/29aa7cb2c636dc3389d32f99dc1ce18e/transformed/jetified-savedstate-ktx-1.2.1-api.jar as it is up-to-date.
Caching disabled for StructureTransformAction: /data/data/com.termux/files/home/.gradle/caches/transforms-3/c1c31de621e0659d7ae32c6196c038c8/transformed/jetified-savedstate-1.2.1-api.jar because:
  Build cache is disabled
Skipping StructureTransformAction: /data/data/com.termux/files/home/.gradle/caches/transforms-3/c1c31de621e0659d7ae32c6196c038c8/transformed/jetified-savedstate-1.2.1-api.jar as it is up-to-date.
Caching disabled for StructureTransformAction: /data/data/com.termux/files/home/.gradle/caches/transforms-3/9d4127a2d3333e017311bb751008e153/transformed/jetified-annotation-experimental-1.3.0-api.jar because:
  Build cache is disabled
Skipping StructureTransformAction: /data/data/com.termux/files/home/.gradle/caches/transforms-3/9d4127a2d3333e017311bb751008e153/transformed/jetified-annotation-experimental-1.3.0-api.jar as it is up-to-date.
Caching disabled for StructureTransformAction: /data/data/com.termux/files/home/.gradle/caches/transforms-3/9d977d4cf1cf7e112d08efc5eb30a42e/transformed/cursoradapter-1.0.0-api.jar because:
  Build cache is disabled
Skipping StructureTransformAction: /data/data/com.termux/files/home/.gradle/caches/transforms-3/9d977d4cf1cf7e112d08efc5eb30a42e/transformed/cursoradapter-1.0.0-api.jar as it is up-to-date.
Caching disabled for StructureTransformAction: /data/data/com.termux/files/home/.gradle/caches/transforms-3/ee749bc3793c96cd9817646b95c41f62/transformed/cardview-1.0.0-api.jar because:
  Build cache is disabled
Skipping StructureTransformAction: /data/data/com.termux/files/home/.gradle/caches/transforms-3/ee749bc3793c96cd9817646b95c41f62/transformed/cardview-1.0.0-api.jar as it is up-to-date.
Caching disabled for StructureTransformAction: /data/data/com.termux/files/home/.gradle/caches/transforms-3/33ff3381fb06bd46a473128a007fa68b/transformed/room-runtime-2.4.3-api.jar because:
  Build cache is disabled
Skipping StructureTransformAction: /data/data/com.termux/files/home/.gradle/caches/transforms-3/33ff3381fb06bd46a473128a007fa68b/transformed/room-runtime-2.4.3-api.jar as it is up-to-date.
Caching disabled for StructureTransformAction: /data/data/com.termux/files/home/.gradle/caches/modules-2/files-2.1/androidx.room/room-common/2.4.3/63d9f9cb245ee9b4c8ebb8aca201661f99583ffa/room-common-2.4.3.jar because:
  Build cache is disabled
Skipping StructureTransformAction: /data/data/com.termux/files/home/.gradle/caches/modules-2/files-2.1/androidx.room/room-common/2.4.3/63d9f9cb245ee9b4c8ebb8aca201661f99583ffa/room-common-2.4.3.jar as it is up-to-date.
Caching disabled for StructureTransformAction: /data/data/com.termux/files/home/.gradle/caches/transforms-3/86bd1c5e4a2720650c2369b01653540c/transformed/sqlite-framework-2.2.0-api.jar because:
  Build cache is disabled
Skipping StructureTransformAction: /data/data/com.termux/files/home/.gradle/caches/transforms-3/86bd1c5e4a2720650c2369b01653540c/transformed/sqlite-framework-2.2.0-api.jar as it is up-to-date.
Caching disabled for StructureTransformAction: /data/data/com.termux/files/home/.gradle/caches/transforms-3/6f056e7b8c13dd00dd5f13be0f97739d/transformed/sqlite-2.2.0-api.jar because:
  Build cache is disabled
Skipping StructureTransformAction: /data/data/com.termux/files/home/.gradle/caches/transforms-3/6f056e7b8c13dd00dd5f13be0f97739d/transformed/sqlite-2.2.0-api.jar as it is up-to-date.
Caching disabled for StructureTransformAction: /data/data/com.termux/files/home/.gradle/caches/transforms-3/06cf802e10af093a0c77b9509273046e/transformed/versionedparcelable-1.1.1-api.jar because:
  Build cache is disabled
Skipping StructureTransformAction: /data/data/com.termux/files/home/.gradle/caches/transforms-3/06cf802e10af093a0c77b9509273046e/transformed/versionedparcelable-1.1.1-api.jar as it is up-to-date.
Caching disabled for StructureTransformAction: /data/data/com.termux/files/home/.gradle/caches/transforms-3/3d095a6dc3f4b530305556cd985a6d28/transformed/jetified-collection-ktx-1.1.0.jar because:
  Build cache is disabled
Skipping StructureTransformAction: /data/data/com.termux/files/home/.gradle/caches/transforms-3/3d095a6dc3f4b530305556cd985a6d28/transformed/jetified-collection-ktx-1.1.0.jar as it is up-to-date.
Caching disabled for StructureTransformAction: /data/data/com.termux/files/home/.gradle/caches/modules-2/files-2.1/androidx.collection/collection/1.1.0/1f27220b47669781457de0d600849a5de0e89909/collection-1.1.0.jar because:
  Build cache is disabled
Skipping StructureTransformAction: /data/data/com.termux/files/home/.gradle/caches/modules-2/files-2.1/androidx.collection/collection/1.1.0/1f27220b47669781457de0d600849a5de0e89909/collection-1.1.0.jar as it is up-to-date.
Caching disabled for StructureTransformAction: /data/data/com.termux/files/home/.gradle/caches/transforms-3/7325af36accbed38c48bb05a16c13622/transformed/core-runtime-2.2.0-api.jar because:
  Build cache is disabled
Skipping StructureTransformAction: /data/data/com.termux/files/home/.gradle/caches/transforms-3/7325af36accbed38c48bb05a16c13622/transformed/core-runtime-2.2.0-api.jar as it is up-to-date.
Caching disabled for StructureTransformAction: /data/data/com.termux/files/home/.gradle/caches/modules-2/files-2.1/androidx.arch.core/core-common/2.2.0/5e1b8b81dfd5f52c56a8d53b18ca759c19a301f3/core-common-2.2.0.jar because:
  Build cache is disabled
Skipping StructureTransformAction: /data/data/com.termux/files/home/.gradle/caches/modules-2/files-2.1/androidx.arch.core/core-common/2.2.0/5e1b8b81dfd5f52c56a8d53b18ca759c19a301f3/core-common-2.2.0.jar as it is up-to-date.
Caching disabled for StructureTransformAction: /data/data/com.termux/files/home/.gradle/caches/transforms-3/be0166ee5d9613c9af52417a409509b6/transformed/interpolator-1.0.0-api.jar because:
  Build cache is disabled
Skipping StructureTransformAction: /data/data/com.termux/files/home/.gradle/caches/transforms-3/be0166ee5d9613c9af52417a409509b6/transformed/interpolator-1.0.0-api.jar as it is up-to-date.
Caching disabled for StructureTransformAction: /data/data/com.termux/files/home/.gradle/caches/transforms-3/c50c81957540e24932cc3bea6f392170/transformed/documentfile-1.0.0-api.jar because:
  Build cache is disabled
Skipping StructureTransformAction: /data/data/com.termux/files/home/.gradle/caches/transforms-3/c50c81957540e24932cc3bea6f392170/transformed/documentfile-1.0.0-api.jar as it is up-to-date.
Caching disabled for StructureTransformAction: /data/data/com.termux/files/home/.gradle/caches/transforms-3/d14e3c6f70d8b3b5689a40e9d00c91b3/transformed/localbroadcastmanager-1.0.0-api.jar because:
  Build cache is disabled
Skipping StructureTransformAction: /data/data/com.termux/files/home/.gradle/caches/transforms-3/d14e3c6f70d8b3b5689a40e9d00c91b3/transformed/localbroadcastmanager-1.0.0-api.jar as it is up-to-date.
Caching disabled for StructureTransformAction: /data/data/com.termux/files/home/.gradle/caches/transforms-3/2ab1920f158bca10096bbf21c6c750cc/transformed/print-1.0.0-api.jar because:
  Build cache is disabled
Skipping StructureTransformAction: /data/data/com.termux/files/home/.gradle/caches/transforms-3/2ab1920f158bca10096bbf21c6c750cc/transformed/print-1.0.0-api.jar as it is up-to-date.
Caching disabled for StructureTransformAction: /data/data/com.termux/files/home/.gradle/caches/transforms-3/69b3f7e31de3c5aeddf38ea0e77134f1/transformed/jetified-annotation-jvm-1.6.0.jar because:
  Build cache is disabled
Skipping StructureTransformAction: /data/data/com.termux/files/home/.gradle/caches/transforms-3/69b3f7e31de3c5aeddf38ea0e77134f1/transformed/jetified-annotation-jvm-1.6.0.jar as it is up-to-date.
Caching disabled for StructureTransformAction: /data/data/com.termux/files/home/.gradle/caches/transforms-3/42dc1ec11cfbaf55007632a2a0bab391/transformed/jetified-kotlin-stdlib-1.8.22.jar because:
  Build cache is disabled
Skipping StructureTransformAction: /data/data/com.termux/files/home/.gradle/caches/transforms-3/42dc1ec11cfbaf55007632a2a0bab391/transformed/jetified-kotlin-stdlib-1.8.22.jar as it is up-to-date.
Caching disabled for StructureTransformAction: /data/data/com.termux/files/home/.gradle/caches/transforms-3/3758319b1d5a0829129d96fcd133dc41/transformed/jetified-kotlin-stdlib-common-1.8.22.jar because:
  Build cache is disabled
Skipping StructureTransformAction: /data/data/com.termux/files/home/.gradle/caches/transforms-3/3758319b1d5a0829129d96fcd133dc41/transformed/jetified-kotlin-stdlib-common-1.8.22.jar as it is up-to-date.
Caching disabled for StructureTransformAction: /data/data/com.termux/files/home/.gradle/caches/transforms-3/e14f131a4e6576222ab9f53b236c7d39/transformed/jetified-annotations-13.0.jar because:
  Build cache is disabled
Skipping StructureTransformAction: /data/data/com.termux/files/home/.gradle/caches/transforms-3/e14f131a4e6576222ab9f53b236c7d39/transformed/jetified-annotations-13.0.jar as it is up-to-date.
Caching disabled for StructureTransformAction: /data/data/com.termux/files/home/.gradle/caches/transforms-3/dacad108e2b1fdda3e5a98939ef0be74/transformed/jetified-resourceinspection-annotation-1.0.1.jar because:
  Build cache is disabled
Skipping StructureTransformAction: /data/data/com.termux/files/home/.gradle/caches/transforms-3/dacad108e2b1fdda3e5a98939ef0be74/transformed/jetified-resourceinspection-annotation-1.0.1.jar as it is up-to-date.
Caching disabled for StructureTransformAction: /data/data/com.termux/files/home/.gradle/caches/transforms-3/db9184daef38ac188de8447a79b80a84/transformed/constraintlayout-2.1.4-api.jar because:
  Build cache is disabled
Skipping StructureTransformAction: /data/data/com.termux/files/home/.gradle/caches/transforms-3/db9184daef38ac188de8447a79b80a84/transformed/constraintlayout-2.1.4-api.jar as it is up-to-date.
Caching disabled for StructureTransformAction: /data/data/com.termux/files/home/.gradle/caches/transforms-3/3a295c6c983faea8adb39efe9fb14e5d/transformed/jetified-sqlite-jdbc-3.42.0.0.jar because:
  Build cache is disabled
Skipping StructureTransformAction: /data/data/com.termux/files/home/.gradle/caches/transforms-3/3a295c6c983faea8adb39efe9fb14e5d/transformed/jetified-sqlite-jdbc-3.42.0.0.jar as it is up-to-date.
Caching disabled for StructureTransformAction: /data/data/com.termux/files/home/AdaptiveIsland/sdk/platforms/android-33/android.jar because:
  Build cache is disabled
Skipping StructureTransformAction: /data/data/com.termux/files/home/AdaptiveIsland/sdk/platforms/android-33/android.jar as it is up-to-date.
Caching disabled for StructureTransformAction: /data/data/com.termux/files/home/AdaptiveIsland/sdk/build-tools/30.0.3/core-lambda-stubs.jar because:
  Build cache is disabled
Skipping StructureTransformAction: /data/data/com.termux/files/home/AdaptiveIsland/sdk/build-tools/30.0.3/core-lambda-stubs.jar as it is up-to-date.
Caching disabled for StructureTransformAction: /data/data/com.termux/files/home/AdaptiveIsland/app/build/intermediates/compile_and_runtime_not_namespaced_r_class_jar/debug/R.jar because:
  Build cache is disabled
Skipping StructureTransformAction: /data/data/com.termux/files/home/AdaptiveIsland/app/build/intermediates/compile_and_runtime_not_namespaced_r_class_jar/debug/R.jar as it is up-to-date.
Caching disabled for StructureTransformAction: /data/data/com.termux/files/home/.gradle/caches/transforms-3/b12accbab01b2c3dc930c41743b63c3c/transformed/fragment-1.5.4-api.jar because:
  Build cache is disabled
Skipping StructureTransformAction: /data/data/com.termux/files/home/.gradle/caches/transforms-3/b12accbab01b2c3dc930c41743b63c3c/transformed/fragment-1.5.4-api.jar as it is up-to-date.
Caching disabled for StructureTransformAction: /data/data/com.termux/files/home/.gradle/caches/transforms-3/7e6285364d269666c8090ec9b305886e/transformed/navigation-ui-ktx-2.5.3-api.jar because:
  Build cache is disabled
Skipping StructureTransformAction: /data/data/com.termux/files/home/.gradle/caches/transforms-3/7e6285364d269666c8090ec9b305886e/transformed/navigation-ui-ktx-2.5.3-api.jar as it is up-to-date.
Caching disabled for StructureTransformAction: /data/data/com.termux/files/home/.gradle/caches/transforms-3/4c1a56a81aa8b6cb185dbbd567bbbbce/transformed/jetified-fragment-ktx-1.5.4-api.jar because:
  Build cache is disabled
Skipping StructureTransformAction: /data/data/com.termux/files/home/.gradle/caches/transforms-3/4c1a56a81aa8b6cb185dbbd567bbbbce/transformed/jetified-fragment-ktx-1.5.4-api.jar as it is up-to-date.
Caching disabled for StructureTransformAction: /data/data/com.termux/files/home/.gradle/caches/transforms-3/31a53c68de5781aac80deed113340179/transformed/navigation-ui-2.5.3-api.jar because:
  Build cache is disabled
Skipping StructureTransformAction: /data/data/com.termux/files/home/.gradle/caches/transforms-3/31a53c68de5781aac80deed113340179/transformed/navigation-ui-2.5.3-api.jar as it is up-to-date.
Caching disabled for StructureTransformAction: /data/data/com.termux/files/home/.gradle/caches/transforms-3/102d036e193f86e7f7232419c25ed8b9/transformed/navigation-fragment-2.5.3-api.jar because:
  Build cache is disabled
Skipping StructureTransformAction: /data/data/com.termux/files/home/.gradle/caches/transforms-3/102d036e193f86e7f7232419c25ed8b9/transformed/navigation-fragment-2.5.3-api.jar as it is up-to-date.
Caching disabled for StructureTransformAction: /data/data/com.termux/files/home/.gradle/caches/transforms-3/936077b36b8e34714caf60d391483e23/transformed/material-1.10.0-api.jar because:
  Build cache is disabled
Skipping StructureTransformAction: /data/data/com.termux/files/home/.gradle/caches/transforms-3/936077b36b8e34714caf60d391483e23/transformed/material-1.10.0-api.jar as it is up-to-date.
Caching disabled for StructureTransformAction: /data/data/com.termux/files/home/.gradle/caches/transforms-3/8ca8cb7792615c4c5101927ad705a956/transformed/appcompat-1.6.1-api.jar because:
  Build cache is disabled
Skipping StructureTransformAction: /data/data/com.termux/files/home/.gradle/caches/transforms-3/8ca8cb7792615c4c5101927ad705a956/transformed/appcompat-1.6.1-api.jar as it is up-to-date.
Caching disabled for StructureTransformAction: /data/data/com.termux/files/home/.gradle/caches/transforms-3/05aab88745a90745c1f4aa1f2e9a43c9/transformed/navigation-fragment-ktx-2.5.3-api.jar because:
  Build cache is disabled
Skipping StructureTransformAction: /data/data/com.termux/files/home/.gradle/caches/transforms-3/05aab88745a90745c1f4aa1f2e9a43c9/transformed/navigation-fragment-ktx-2.5.3-api.jar as it is up-to-date.
Caching disabled for StructureTransformAction: /data/data/com.termux/files/home/.gradle/caches/transforms-3/69796c9dadd1f3423ec1ad499f67f33e/transformed/jetified-viewpager2-1.0.0-api.jar because:
  Build cache is disabled
Skipping StructureTransformAction: /data/data/com.termux/files/home/.gradle/caches/transforms-3/69796c9dadd1f3423ec1ad499f67f33e/transformed/jetified-viewpager2-1.0.0-api.jar as it is up-to-date.
file or directory '/data/data/com.termux/files/home/AdaptiveIsland/app/src/debug/kotlin', not found
file or directory '/data/data/com.termux/files/home/AdaptiveIsland/app/src/debug/kotlin', not found
file or directory '/data/data/com.termux/files/home/AdaptiveIsland/app/src/debug/java', not found
file or directory '/data/data/com.termux/files/home/AdaptiveIsland/app/src/debug/kotlin', not found
file or directory '/data/data/com.termux/files/home/AdaptiveIsland/app/src/debug/java', not found
file or directory '/data/data/com.termux/files/home/AdaptiveIsland/app/src/main/kotlin', not found
file or directory '/data/data/com.termux/files/home/AdaptiveIsland/app/src/main/kotlin', not found
file or directory '/data/data/com.termux/files/home/AdaptiveIsland/app/src/main/kotlin', not found
file or directory '/data/data/com.termux/files/home/AdaptiveIsland/app/src/debug/java', not found
file or directory '/data/data/com.termux/files/home/AdaptiveIsland/app/build/generated/aidl_source_output_dir/debug/out', not found
file or directory '/data/data/com.termux/files/home/AdaptiveIsland/app/build/generated/renderscript_source_output_dir/debug/out', not found
file or directory '/data/data/com.termux/files/home/AdaptiveIsland/app/src/generatedByKspDebugKotlin/kotlin', not found
Caching disabled for task ':app:kaptDebugKotlin' because:
  Build cache is disabled
Skipping task ':app:kaptDebugKotlin' as it is up-to-date.
:app:kaptDebugKotlin (Thread[included builds,5,main]) completed. Took 0.792 secs.
Resolve mutations for :app:compileDebugKotlin (Thread[included builds,5,main]) started.
Resolve mutations for :app:compileDebugKotlin (Thread[included builds,5,main]) completed. Took 0.003 secs.
:app:compileDebugKotlin (Thread[included builds,5,main]) started.

> Task :app:compileDebugKotlin
Transforming R.jar with ClasspathEntrySnapshotTransform
Transforming navigation-ui-ktx-2.5.3-api.jar with ClasspathEntrySnapshotTransform
Transforming navigation-ui-2.5.3-api.jar with ClasspathEntrySnapshotTransform
Transforming material-1.10.0-api.jar with ClasspathEntrySnapshotTransform
Transforming appcompat-1.6.1-api.jar with ClasspathEntrySnapshotTransform
Transforming jetified-viewpager2-1.0.0-api.jar with ClasspathEntrySnapshotTransform
Transforming navigation-fragment-ktx-2.5.3-api.jar with ClasspathEntrySnapshotTransform
Transforming navigation-fragment-2.5.3-api.jar with ClasspathEntrySnapshotTransform
Transforming jetified-fragment-ktx-1.5.4-api.jar with ClasspathEntrySnapshotTransform
Transforming fragment-1.5.4-api.jar with ClasspathEntrySnapshotTransform
Transforming navigation-runtime-ktx-2.5.3-api.jar with ClasspathEntrySnapshotTransform
Transforming navigation-runtime-2.5.3-api.jar with ClasspathEntrySnapshotTransform
Transforming jetified-activity-ktx-1.8.0-api.jar with ClasspathEntrySnapshotTransform
Transforming jetified-activity-1.8.0-api.jar with ClasspathEntrySnapshotTransform
Transforming lifecycle-common-2.6.2.jar with ClasspathEntrySnapshotTransform
Transforming lifecycle-livedata-core-2.6.2-api.jar with ClasspathEntrySnapshotTransform
Transforming jetified-lifecycle-livedata-core-ktx-2.6.2-api.jar with ClasspathEntrySnapshotTransform
Transforming dynamicanimation-1.0.0-api.jar with ClasspathEntrySnapshotTransform
Transforming legacy-support-core-utils-1.0.0-api.jar with ClasspathEntrySnapshotTransform
Transforming loader-1.0.0-api.jar with ClasspathEntrySnapshotTransform
Transforming lifecycle-livedata-2.6.2-api.jar with ClasspathEntrySnapshotTransform
Transforming lifecycle-viewmodel-2.6.2-api.jar with ClasspathEntrySnapshotTransform
Transforming navigation-common-ktx-2.5.3-api.jar with ClasspathEntrySnapshotTransform
Transforming navigation-common-2.5.3-api.jar with ClasspathEntrySnapshotTransform
Transforming jetified-lifecycle-viewmodel-savedstate-2.6.2-api.jar with ClasspathEntrySnapshotTransform
Transforming jetified-core-ktx-1.10.1-api.jar with ClasspathEntrySnapshotTransform
Transforming jetified-appcompat-resources-1.6.1-api.jar with ClasspathEntrySnapshotTransform
Transforming drawerlayout-1.1.1-api.jar with ClasspathEntrySnapshotTransform
Transforming coordinatorlayout-1.1.0-api.jar with ClasspathEntrySnapshotTransform
Transforming recyclerview-1.1.0-api.jar with ClasspathEntrySnapshotTransform
Transforming transition-1.4.1-api.jar with ClasspathEntrySnapshotTransform
Transforming vectordrawable-animated-1.1.0-api.jar with ClasspathEntrySnapshotTransform
Transforming vectordrawable-1.1.0-api.jar with ClasspathEntrySnapshotTransform
Transforming viewpager-1.0.0-api.jar with ClasspathEntrySnapshotTransform
Transforming slidingpanelayout-1.2.0-api.jar with ClasspathEntrySnapshotTransform
Transforming customview-1.1.0-api.jar with ClasspathEntrySnapshotTransform
Transforming core-1.10.1-api.jar with ClasspathEntrySnapshotTransform
Transforming lifecycle-runtime-2.6.2-api.jar with ClasspathEntrySnapshotTransform
Transforming jetified-lifecycle-runtime-ktx-2.6.2-api.jar with ClasspathEntrySnapshotTransform
Transforming jetified-lifecycle-livedata-ktx-2.6.2-api.jar with ClasspathEntrySnapshotTransform
Transforming jetified-lifecycle-viewmodel-ktx-2.6.2-api.jar with ClasspathEntrySnapshotTransform
Transforming jetified-room-ktx-2.4.3-api.jar with ClasspathEntrySnapshotTransform
Transforming jetified-datastore-preferences-1.0.0-api.jar with ClasspathEntrySnapshotTransform
Transforming jetified-datastore-1.0.0-api.jar with ClasspathEntrySnapshotTransform
Transforming jetified-datastore-preferences-core-1.0.0.jar with ClasspathEntrySnapshotTransform
Transforming jetified-datastore-core-1.0.0.jar with ClasspathEntrySnapshotTransform
Transforming jetified-kotlinx-coroutines-core-jvm-1.6.4.jar with ClasspathEntrySnapshotTransform
Transforming jetified-kotlinx-coroutines-android-1.6.4.jar with ClasspathEntrySnapshotTransform
Transforming jetified-kotlin-stdlib-jdk8-1.8.22.jar with ClasspathEntrySnapshotTransform
Transforming jetified-kotlin-stdlib-jdk7-1.8.22.jar with ClasspathEntrySnapshotTransform
Transforming jetified-savedstate-ktx-1.2.1-api.jar with ClasspathEntrySnapshotTransform
Transforming jetified-savedstate-1.2.1-api.jar with ClasspathEntrySnapshotTransform
Transforming jetified-annotation-experimental-1.3.0-api.jar with ClasspathEntrySnapshotTransform
Transforming cursoradapter-1.0.0-api.jar with ClasspathEntrySnapshotTransform
Transforming cardview-1.0.0-api.jar with ClasspathEntrySnapshotTransform
Transforming room-runtime-2.4.3-api.jar with ClasspathEntrySnapshotTransform
Transforming room-common-2.4.3.jar with ClasspathEntrySnapshotTransform
Transforming sqlite-framework-2.2.0-api.jar with ClasspathEntrySnapshotTransform
Transforming sqlite-2.2.0-api.jar with ClasspathEntrySnapshotTransform
Transforming versionedparcelable-1.1.1-api.jar with ClasspathEntrySnapshotTransform
Transforming jetified-collection-ktx-1.1.0.jar with ClasspathEntrySnapshotTransform
Transforming collection-1.1.0.jar with ClasspathEntrySnapshotTransform
Transforming core-runtime-2.2.0-api.jar with ClasspathEntrySnapshotTransform
Transforming core-common-2.2.0.jar with ClasspathEntrySnapshotTransform
Transforming interpolator-1.0.0-api.jar with ClasspathEntrySnapshotTransform
Transforming documentfile-1.0.0-api.jar with ClasspathEntrySnapshotTransform
Transforming localbroadcastmanager-1.0.0-api.jar with ClasspathEntrySnapshotTransform
Transforming print-1.0.0-api.jar with ClasspathEntrySnapshotTransform
Transforming jetified-annotation-jvm-1.6.0.jar with ClasspathEntrySnapshotTransform
Transforming jetified-kotlin-stdlib-1.8.22.jar with ClasspathEntrySnapshotTransform
Transforming jetified-kotlin-stdlib-common-1.8.22.jar with ClasspathEntrySnapshotTransform
Transforming jetified-annotations-13.0.jar with ClasspathEntrySnapshotTransform
Transforming jetified-resourceinspection-annotation-1.0.1.jar with ClasspathEntrySnapshotTransform
Transforming constraintlayout-2.1.4-api.jar with ClasspathEntrySnapshotTransform
Transforming jetified-sqlite-jdbc-3.42.0.0.jar with ClasspathEntrySnapshotTransform
Transforming android.jar with ClasspathEntrySnapshotTransform
Transforming core-lambda-stubs.jar with ClasspathEntrySnapshotTransform
Transforming debug with ClasspathEntrySnapshotTransform
Caching disabled for ClasspathEntrySnapshotTransform: /data/data/com.termux/files/home/AdaptiveIsland/app/build/tmp/kapt3/classes/debug because:
  Build cache is disabled
Skipping ClasspathEntrySnapshotTransform: /data/data/com.termux/files/home/AdaptiveIsland/app/build/tmp/kapt3/classes/debug as it is up-to-date.
Caching disabled for task ':app:compileDebugKotlin' because:
  Build cache is disabled
Task ':app:compileDebugKotlin' is not up-to-date because:
  Task has failed previously.
The input changes require a full rebuild for incremental task ':app:compileDebugKotlin'.
file or directory '/data/data/com.termux/files/home/AdaptiveIsland/app/src/debug/kotlin', not found
file or directory '/data/data/com.termux/files/home/AdaptiveIsland/app/src/debug/kotlin', not found
file or directory '/data/data/com.termux/files/home/AdaptiveIsland/app/src/debug/java', not found
file or directory '/data/data/com.termux/files/home/AdaptiveIsland/app/src/debug/kotlin', not found
file or directory '/data/data/com.termux/files/home/AdaptiveIsland/app/src/debug/java', not found
file or directory '/data/data/com.termux/files/home/AdaptiveIsland/app/src/main/kotlin', not found
file or directory '/data/data/com.termux/files/home/AdaptiveIsland/app/src/main/kotlin', not found
file or directory '/data/data/com.termux/files/home/AdaptiveIsland/app/src/main/kotlin', not found
file or directory '/data/data/com.termux/files/home/AdaptiveIsland/app/src/debug/java', not found
file or directory '/data/data/com.termux/files/home/AdaptiveIsland/app/build/generated/aidl_source_output_dir/debug/out', not found
file or directory '/data/data/com.termux/files/home/AdaptiveIsland/app/build/generated/renderscript_source_output_dir/debug/out', not found
file or directory '/data/data/com.termux/files/home/AdaptiveIsland/app/src/generatedByKspDebugKotlin/kotlin', not found
file or directory '/data/data/com.termux/files/home/AdaptiveIsland/app/src/debug/kotlin', not found
file or directory '/data/data/com.termux/files/home/AdaptiveIsland/app/src/debug/kotlin', not found
file or directory '/data/data/com.termux/files/home/AdaptiveIsland/app/src/debug/java', not found
file or directory '/data/data/com.termux/files/home/AdaptiveIsland/app/src/debug/kotlin', not found
file or directory '/data/data/com.termux/files/home/AdaptiveIsland/app/src/debug/java', not found
file or directory '/data/data/com.termux/files/home/AdaptiveIsland/app/src/main/kotlin', not found
file or directory '/data/data/com.termux/files/home/AdaptiveIsland/app/src/main/kotlin', not found
file or directory '/data/data/com.termux/files/home/AdaptiveIsland/app/src/debug/kotlin', not found
file or directory '/data/data/com.termux/files/home/AdaptiveIsland/app/src/debug/kotlin', not found
file or directory '/data/data/com.termux/files/home/AdaptiveIsland/app/src/debug/java', not found
file or directory '/data/data/com.termux/files/home/AdaptiveIsland/app/src/debug/kotlin', not found
file or directory '/data/data/com.termux/files/home/AdaptiveIsland/app/src/debug/java', not found
file or directory '/data/data/com.termux/files/home/AdaptiveIsland/app/src/main/kotlin', not found
file or directory '/data/data/com.termux/files/home/AdaptiveIsland/app/src/main/kotlin', not found
file or directory '/data/data/com.termux/files/home/AdaptiveIsland/app/src/main/kotlin', not found
file or directory '/data/data/com.termux/files/home/AdaptiveIsland/app/src/debug/java', not found
file or directory '/data/data/com.termux/files/home/AdaptiveIsland/app/build/generated/aidl_source_output_dir/debug/out', not found
file or directory '/data/data/com.termux/files/home/AdaptiveIsland/app/build/generated/renderscript_source_output_dir/debug/out', not found
file or directory '/data/data/com.termux/files/home/AdaptiveIsland/app/src/generatedByKspDebugKotlin/kotlin', not found
file or directory '/data/data/com.termux/files/home/AdaptiveIsland/app/src/debug/kotlin', not found
file or directory '/data/data/com.termux/files/home/AdaptiveIsland/app/src/debug/kotlin', not found
file or directory '/data/data/com.termux/files/home/AdaptiveIsland/app/src/debug/java', not found
file or directory '/data/data/com.termux/files/home/AdaptiveIsland/app/src/debug/kotlin', not found
file or directory '/data/data/com.termux/files/home/AdaptiveIsland/app/src/debug/java', not found
file or directory '/data/data/com.termux/files/home/AdaptiveIsland/app/src/main/kotlin', not found
file or directory '/data/data/com.termux/files/home/AdaptiveIsland/app/src/main/kotlin', not found
file or directory '/data/data/com.termux/files/home/AdaptiveIsland/app/src/main/kotlin', not found
file or directory '/data/data/com.termux/files/home/AdaptiveIsland/app/src/debug/java', not found
file or directory '/data/data/com.termux/files/home/AdaptiveIsland/app/build/generated/aidl_source_output_dir/debug/out', not found
file or directory '/data/data/com.termux/files/home/AdaptiveIsland/app/build/generated/renderscript_source_output_dir/debug/out', not found
file or directory '/data/data/com.termux/files/home/AdaptiveIsland/app/src/generatedByKspDebugKotlin/kotlin', not found
Using Kotlin/JVM incremental compilation
Kotlin source files: /data/data/com.termux/files/home/AdaptiveIsland/app/src/main/java/com/example/adaptiveisland/service/OverlayForegroundService.kt, /data/data/com.termux/files/home/AdaptiveIsland/app/src/main/java/com/example/adaptiveisland/util/TimeFormatter.kt, /data/data/com.termux/files/home/AdaptiveIsland/app/src/main/java/com/example/adaptiveisland/util/PermissionHelper.kt, /data/data/com.termux/files/home/AdaptiveIsland/app/src/main/java/com/example/adaptiveisland/util/AppNameResolver.kt, /data/data/com.termux/files/home/AdaptiveIsland/app/src/main/java/com/example/adaptiveisland/ui/settings/SettingsFragment.kt, /data/data/com.termux/files/home/AdaptiveIsland/app/src/main/java/com/example/adaptiveisland/ui/settings/SettingsViewModel.kt, /data/data/com.termux/files/home/AdaptiveIsland/app/src/main/java/com/example/adaptiveisland/ui/overlay/IslandGestureHandler.kt, /data/data/com.termux/files/home/AdaptiveIsland/app/src/main/java/com/example/adaptiveisland/ui/overlay/IslandOverlayView.kt, /data/data/com.termux/files/home/AdaptiveIsland/app/src/main/java/com/example/adaptiveisland/ui/MainActivity.kt, /data/data/com.termux/files/home/AdaptiveIsland/app/src/main/java/com/example/adaptiveisland/ui/dashboard/AppUsageAdapter.kt, /data/data/com.termux/files/home/AdaptiveIsland/app/src/main/java/com/example/adaptiveisland/ui/dashboard/HistoryAdapter.kt, /data/data/com.termux/files/home/AdaptiveIsland/app/src/main/java/com/example/adaptiveisland/ui/dashboard/DashboardFragment.kt, /data/data/com.termux/files/home/AdaptiveIsland/app/src/main/java/com/example/adaptiveisland/ui/dashboard/DashboardViewModel.kt, /data/data/com.termux/files/home/AdaptiveIsland/app/src/main/java/com/example/adaptiveisland/receiver/BootReceiver.kt, /data/data/com.termux/files/home/AdaptiveIsland/app/src/main/java/com/example/adaptiveisland/receiver/MidnightResetReceiver.kt, /data/data/com.termux/files/home/AdaptiveIsland/app/src/main/java/com/example/adaptiveisland/session/SessionManager.kt, /data/data/com.termux/files/home/AdaptiveIsland/app/src/main/java/com/example/adaptiveisland/data/history/AppUsageEntity.kt, /data/data/com.termux/files/home/AdaptiveIsland/app/src/main/java/com/example/adaptiveisland/data/history/UsageDao.kt, /data/data/com.termux/files/home/AdaptiveIsland/app/src/main/java/com/example/adaptiveisland/data/history/AppDatabase.kt, /data/data/com.termux/files/home/AdaptiveIsland/app/src/main/java/com/example/adaptiveisland/data/history/UsageHistoryRepository.kt, /data/data/com.termux/files/home/AdaptiveIsland/app/src/main/java/com/example/adaptiveisland/data/history/DailyUsageEntity.kt, /data/data/com.termux/files/home/AdaptiveIsland/app/src/main/java/com/example/adaptiveisland/data/settings/AdaptiveIslandPreferences.kt, /data/data/com.termux/files/home/AdaptiveIsland/app/src/main/java/com/example/adaptiveisland/data/settings/PreferencesRepository.kt, /data/data/com.termux/files/home/AdaptiveIsland/app/src/main/java/com/example/adaptiveisland/tracker/ForegroundAppMonitor.kt, /data/data/com.termux/files/home/AdaptiveIsland/app/src/main/java/com/example/adaptiveisland/tracker/UsageTracker.kt, /data/data/com.termux/files/home/AdaptiveIsland/app/src/main/java/com/example/adaptiveisland/tracker/MidnightResetScheduler.kt
Java source files: /data/data/com.termux/files/home/AdaptiveIsland/app/build/generated/source/buildConfig/debug/com/example/adaptiveisland/BuildConfig.java, /data/data/com.termux/files/home/AdaptiveIsland/app/build/generated/ksp/debug/java/com/example/adaptiveisland/data/history/AppDatabase_Impl.java, /data/data/com.termux/files/home/AdaptiveIsland/app/build/generated/ksp/debug/java/com/example/adaptiveisland/data/history/UsageDao_Impl.java
Script source files: 
Script file extensions: 
[KOTLIN] Kotlin compilation 'jdkHome' argument: null
i: starting the daemon as: /data/data/com.termux/files/usr/lib/jvm/java-17-openjdk/bin/java -cp /data/data/com.termux/files/home/.gradle/caches/modules-2/files-2.1/org.jetbrains.kotlin/kotlin-compiler-embeddable/1.8.20/78d9baa57f65babf9e0a93e51f62f26f5f35ac3e/kotlin-compiler-embeddable-1.8.20.jar:/data/data/com.termux/files/home/.gradle/caches/modules-2/files-2.1/org.jetbrains.kotlin/kotlin-stdlib/1.8.20/e72fc5e03ec6c064c678a6bd0d955c88d55b0c4a/kotlin-stdlib-1.8.20.jar:/data/data/com.termux/files/home/.gradle/caches/modules-2/files-2.1/org.jetbrains.kotlin/kotlin-script-runtime/1.8.20/c850771e723701f9d63dbcf641429c0f29290074/kotlin-script-runtime-1.8.20.jar:/data/data/com.termux/files/home/.gradle/caches/modules-2/files-2.1/org.jetbrains.kotlin/kotlin-reflect/1.6.10/1cbe9c92c12a94eea200d23c2bbaedaf3daf5132/kotlin-reflect-1.6.10.jar:/data/data/com.termux/files/home/.gradle/caches/modules-2/files-2.1/org.jetbrains.kotlin/kotlin-daemon-embeddable/1.8.20/c1b808fbe5fee60bd0504a54778120ef40f383d4/kotlin-daemon-embeddable-1.8.20.jar:/data/data/com.termux/files/home/.gradle/caches/modules-2/files-2.1/org.jetbrains.intellij.deps/trove4j/1.0.20200330/3afb14d5f9ceb459d724e907a21145e8ff394f02/trove4j-1.0.20200330.jar:/data/data/com.termux/files/home/.gradle/caches/modules-2/files-2.1/net.java.dev.jna/jna/5.6.0/330f2244e9030119ab3030fc3fededc86713d9cc/jna-5.6.0.jar:/data/data/com.termux/files/home/.gradle/caches/modules-2/files-2.1/org.jetbrains.kotlin/kotlin-stdlib-common/1.8.20/5eddaaf234c8c49d03eebeb6a14feb7f90faca71/kotlin-stdlib-common-1.8.20.jar:/data/data/com.termux/files/home/.gradle/caches/modules-2/files-2.1/org.jetbrains/annotations/13.0/919f0dfe192fb4e063e7dacadee7f8bb9a2672a9/annotations-13.0.jar -Djava.awt.headless=true -D$java.rmi.server.hostname=127.0.0.1 -Xmx1536m -XX:MaxMetaspaceSize=512m -Dkotlin.environment.keepalive -ea --add-exports java.base/sun.nio.ch=ALL-UNNAMED org.jetbrains.kotlin.daemon.KotlinCompileDaemon --daemon-runFilesPath /data/data/com.termux/files/home/.local/share/kotlin/daemon --daemon-autoshutdownIdleSeconds=7200 --daemon-compilerClasspath /data/data/com.termux/files/home/.gradle/caches/modules-2/files-2.1/org.jetbrains.kotlin/kotlin-compiler-embeddable/1.8.20/78d9baa57f65babf9e0a93e51f62f26f5f35ac3e/kotlin-compiler-embeddable-1.8.20.jar:/data/data/com.termux/files/home/.gradle/caches/modules-2/files-2.1/org.jetbrains.kotlin/kotlin-stdlib/1.8.20/e72fc5e03ec6c064c678a6bd0d955c88d55b0c4a/kotlin-stdlib-1.8.20.jar:/data/data/com.termux/files/home/.gradle/caches/modules-2/files-2.1/org.jetbrains.kotlin/kotlin-script-runtime/1.8.20/c850771e723701f9d63dbcf641429c0f29290074/kotlin-script-runtime-1.8.20.jar:/data/data/com.termux/files/home/.gradle/caches/modules-2/files-2.1/org.jetbrains.kotlin/kotlin-reflect/1.6.10/1cbe9c92c12a94eea200d23c2bbaedaf3daf5132/kotlin-reflect-1.6.10.jar:/data/data/com.termux/files/home/.gradle/caches/modules-2/files-2.1/org.jetbrains.kotlin/kotlin-daemon-embeddable/1.8.20/c1b808fbe5fee60bd0504a54778120ef40f383d4/kotlin-daemon-embeddable-1.8.20.jar:/data/data/com.termux/files/home/.gradle/caches/modules-2/files-2.1/org.jetbrains.intellij.deps/trove4j/1.0.20200330/3afb14d5f9ceb459d724e907a21145e8ff394f02/trove4j-1.0.20200330.jar:/data/data/com.termux/files/home/.gradle/caches/modules-2/files-2.1/net.java.dev.jna/jna/5.6.0/330f2244e9030119ab3030fc3fededc86713d9cc/jna-5.6.0.jar:/data/data/com.termux/files/home/.gradle/caches/modules-2/files-2.1/org.jetbrains.kotlin/kotlin-stdlib-common/1.8.20/5eddaaf234c8c49d03eebeb6a14feb7f90faca71/kotlin-stdlib-common-1.8.20.jar:/data/data/com.termux/files/home/.gradle/caches/modules-2/files-2.1/org.jetbrains/annotations/13.0/919f0dfe192fb4e063e7dacadee7f8bb9a2672a9/annotations-13.0.jar
i: [daemon client] Could not start process with native process launcher, falling back to ProcessBuilder#start (net.rubygrapefruit.platform.NativeIntegrationUnavailableException: Native integration is not available for Linux aarch64.)
i: Received the message signalling that the daemon is ready
i: new daemon started, trying to find it
i: found daemon on port 17016 (92 ms old), trying to connect
i: connected to the daemon
Options for KOTLIN DAEMON: IncrementalCompilationOptions(super=CompilationOptions(compilerMode=INCREMENTAL_COMPILER, targetPlatform=JVM, reportCategories=[0, 3], reportSeverity=2, requestedCompilationResults=[0], kotlinScriptExtensions=[]), areFileChangesKnown=false, modifiedFiles=null, deletedFiles=null, classpathChanges=NotAvailableForNonIncrementalRun, workingDir=/data/data/com.termux/files/home/AdaptiveIsland/app/build/kotlin/compileDebugKotlin/cacheable, multiModuleICSettings=MultiModuleICSettings(buildHistoryFile=/data/data/com.termux/files/home/AdaptiveIsland/app/build/kotlin/compileDebugKotlin/local-state/build-history.bin, useModuleDetection=true), usePreciseJavaTracking=true, outputFiles=[/data/data/com.termux/files/home/AdaptiveIsland/app/build/tmp/kotlin-classes/debug, /data/data/com.termux/files/home/AdaptiveIsland/app/build/kotlin/compileDebugKotlin/cacheable, /data/data/com.termux/files/home/AdaptiveIsland/app/build/kotlin/compileDebugKotlin/local-state])
e: file:///data/data/com.termux/files/home/AdaptiveIsland/app/src/main/java/com/example/adaptiveisland/service/OverlayForegroundService.kt:117:34 Unresolved reference: updateLayoutDimensions
e: file:///data/data/com.termux/files/home/AdaptiveIsland/app/src/main/java/com/example/adaptiveisland/service/OverlayForegroundService.kt:118:34 Unresolved reference: updatePositionCoordinates
e: file:///data/data/com.termux/files/home/AdaptiveIsland/app/src/main/java/com/example/adaptiveisland/service/OverlayForegroundService.kt:126:49 Cannot infer a type for this parameter. Please specify it explicitly.
e: file:///data/data/com.termux/files/home/AdaptiveIsland/app/src/main/java/com/example/adaptiveisland/service/OverlayForegroundService.kt:127:30 Unresolved reference: renderSessionMetrics
e: file:///data/data/com.termux/files/home/AdaptiveIsland/app/src/main/java/com/example/adaptiveisland/service/OverlayForegroundService.kt:135:17 Unresolved reference: setOnPositionChangeListener
e: file:///data/data/com.termux/files/home/AdaptiveIsland/app/src/main/java/com/example/adaptiveisland/service/OverlayForegroundService.kt:135:47 Cannot infer a type for this parameter. Please specify it explicitly.
e: file:///data/data/com.termux/files/home/AdaptiveIsland/app/src/main/java/com/example/adaptiveisland/service/OverlayForegroundService.kt:135:50 Cannot infer a type for this parameter. Please specify it explicitly.
e: file:///data/data/com.termux/files/home/AdaptiveIsland/app/src/main/java/com/example/adaptiveisland/service/OverlayForegroundService.kt:141:26 Unresolved reference: attachToWindow
e: file:///data/data/com.termux/files/home/AdaptiveIsland/app/src/main/java/com/example/adaptiveisland/service/OverlayForegroundService.kt:146:22 Unresolved reference: removeFromWindow
e: file:///data/data/com.termux/files/home/AdaptiveIsland/app/src/main/java/com/example/adaptiveisland/service/OverlayForegroundService.kt:166:38 Unresolved reference: ic_notification
e: file:///data/data/com.termux/files/home/AdaptiveIsland/app/src/main/java/com/example/adaptiveisland/tracker/ForegroundAppMonitor.kt:40:39 Unresolved reference: isActive
e: file:///data/data/com.termux/files/home/AdaptiveIsland/app/src/main/java/com/example/adaptiveisland/tracker/UsageTracker.kt:33:50 Unresolved reference: ActiveSessionState
e: file:///data/data/com.termux/files/home/AdaptiveIsland/app/src/main/java/com/example/adaptiveisland/tracker/UsageTracker.kt:34:33 Unresolved reference: ActiveSessionState
e: file:///data/data/com.termux/files/home/AdaptiveIsland/app/src/main/java/com/example/adaptiveisland/tracker/UsageTracker.kt:58:27 Variable expected
e: file:///data/data/com.termux/files/home/AdaptiveIsland/app/src/main/java/com/example/adaptiveisland/tracker/UsageTracker.kt:58:35 Unresolved reference: ActiveSessionState
e: file:///data/data/com.termux/files/home/AdaptiveIsland/app/src/main/java/com/example/adaptiveisland/tracker/UsageTracker.kt:92:28 Unresolved reference: recordAppUsage
e: file:///data/data/com.termux/files/home/AdaptiveIsland/app/src/main/java/com/example/adaptiveisland/tracker/UsageTracker.kt:117:27 Variable expected
e: file:///data/data/com.termux/files/home/AdaptiveIsland/app/src/main/java/com/example/adaptiveisland/tracker/UsageTracker.kt:117:35 Unresolved reference: ActiveSessionState
e: file:///data/data/com.termux/files/home/AdaptiveIsland/app/src/main/java/com/example/adaptiveisland/tracker/UsageTracker.kt:137:31 Variable expected
e: file:///data/data/com.termux/files/home/AdaptiveIsland/app/src/main/java/com/example/adaptiveisland/ui/dashboard/DashboardViewModel.kt:45:67 Unresolved reference: getAllAppsForDate
e: file:///data/data/com.termux/files/home/AdaptiveIsland/app/src/main/java/com/example/adaptiveisland/ui/dashboard/DashboardViewModel.kt:46:70 Unresolved reference: getDailyHistory
e: file:///data/data/com.termux/files/home/AdaptiveIsland/app/src/main/java/com/example/adaptiveisland/ui/dashboard/DashboardViewModel.kt:52:34 Type mismatch: inferred type is Unit but List<AppUsageEntity> was expected
e: file:///data/data/com.termux/files/home/AdaptiveIsland/app/src/main/java/com/example/adaptiveisland/ui/dashboard/DashboardViewModel.kt:53:35 Type mismatch: inferred type is Unit but List<DailyUsageEntity> was expected
e: file:///data/data/com.termux/files/home/AdaptiveIsland/app/src/main/java/com/example/adaptiveisland/ui/overlay/IslandOverlayView.kt:13:43 Unresolved reference: ActiveSessionState
e: file:///data/data/com.termux/files/home/AdaptiveIsland/app/src/main/java/com/example/adaptiveisland/ui/overlay/IslandOverlayView.kt:36:37 Unresolved reference: tvTimer
e: file:///data/data/com.termux/files/home/AdaptiveIsland/app/src/main/java/com/example/adaptiveisland/ui/overlay/IslandOverlayView.kt:56:35 Unresolved reference: ActiveSessionState

> Task :app:compileDebugKotlin FAILED
:app:compileDebugKotlin (Thread[included builds,5,main]) completed. Took 30.565 secs.

FAILURE: Build completed with 2 failures.

1: Task failed with an exception.
-----------
* What went wrong:
Execution failed for task ':app:compileDebugKotlin'.
> A failure occurred while executing org.jetbrains.kotlin.compilerRunner.GradleCompilerRunnerWithWorkers$GradleKotlinCompilerWorkAction
   > Compilation error. See log for more details

* Try:
> Run with --stacktrace option to get the stack trace.
> Run with --debug option to get more log output.
> Run with --scan to get full insights.
==============================================================================

2: Task failed with an exception.
-----------
* What went wrong:
java.lang.StackOverflowError (no error message)

* Try:
> Run with --stacktrace option to get the stack trace.
> Run with --debug option to get more log output.
> Run with --scan to get full insights.
==============================================================================

* Get more help at https://help.gradle.org

BUILD FAILED in 1m 32s
14 actionable tasks: 1 executed, 13 up-to-date
